#ifndef DOOM_LOADING_RGB565_H
#define DOOM_LOADING_RGB565_H

#include <stdint.h>

#define DOOM_LOADING_WIDTH 320U
#define DOOM_LOADING_HEIGHT 200U
static const uint16_t g_doom_loading_rgb565_palette[256] = {
    0xF64B, 0xF5C9, 0xF568, 0xED05, 0xE56A, 0xDCA6, 0xC4ED, 0x94F3, 0xD425, 0xD3C3, 0xD361, 0xC341,
    0xAC0A, 0xAB65, 0x7BCF, 0x636D, 0xC301, 0xBAE1, 0xBAA1, 0xC242, 0xA2A2, 0xA261, 0x9A21, 0x9201,
    0x6AE9, 0x52AB, 0x6A23, 0x4A49, 0x4249, 0x4228, 0x39E8, 0x39E7, 0xB161, 0x9921, 0x81A1, 0x8121,
    0x7161, 0x5961, 0x5900, 0x4900, 0x39A6, 0x3984, 0x31A7, 0x31A7, 0x3186, 0x3964, 0x3144, 0x4101,
    0x3103, 0x2986, 0x2966, 0x2945, 0x2944, 0x2165, 0x2145, 0x2125, 0x2924, 0x2924, 0x2923, 0x2124,
    0x2124, 0x2903, 0x2103, 0x2903, 0x2103, 0x20E3, 0x2104, 0x20E3, 0x1904, 0x88C0, 0x78C0, 0x70C0,
    0x70A0, 0x60A0, 0x50A0, 0x40E1, 0x40A1, 0x38C1, 0x30C1, 0x38A1, 0x30A1, 0x28E2, 0x28C2, 0x28A1,
    0x2881, 0x20E3, 0x20E3, 0x20E3, 0x20E3, 0x20E3, 0x20C3, 0x20E3, 0x20C2, 0x20C3, 0x20C2, 0x20C2,
    0x20C2, 0x20C2, 0x20C2, 0x20C2, 0x20A2, 0x20A2, 0x20A1, 0x2081, 0x18E3, 0x18C3, 0x18C3, 0x18C2,
    0x18C2, 0x18C2, 0x18C2, 0x18C2, 0x18C2, 0x18A2, 0x18A2, 0x18A2, 0x18A2, 0x18A2, 0x18A2, 0x18A2,
    0x18A2, 0x18A2, 0x1881, 0x18C3, 0x18A2, 0x18A2, 0x18A2, 0x18A2, 0x18A2, 0x18A2, 0x18A2, 0x1881,
    0x10A3, 0x10A2, 0x10A2, 0x10A2, 0x1082, 0x1082, 0x7060, 0x6060, 0x5880, 0x5840, 0x4860, 0x4060,
    0x4040, 0x4820, 0x3880, 0x3860, 0x3060, 0x2881, 0x2860, 0x3840, 0x3820, 0x2840, 0x2820, 0x2081,
    0x2081, 0x2061, 0x1881, 0x1881, 0x1861, 0x1881, 0x1081, 0x1881, 0x1881, 0x1861, 0x2060, 0x1860,
    0x1860, 0x1840, 0x2040, 0x1840, 0x1820, 0x1082, 0x1081, 0x1082, 0x1081, 0x1081, 0x1061, 0x1082,
    0x1061, 0x0882, 0x1061, 0x1061, 0x1061, 0x1060, 0x1061, 0x1061, 0x1061, 0x1061, 0x0861, 0x0861,
    0x0861, 0x0861, 0x1061, 0x0861, 0x1040, 0x1040, 0x1040, 0x0841, 0x0840, 0x0841, 0x0841, 0x0841,
    0x0840, 0x1020, 0x1020, 0x0840, 0x0820, 0x0820, 0x1020, 0x1000, 0x0820, 0x0861, 0x0841, 0x0841,
    0x0841, 0x0840, 0x0840, 0x0820, 0x0820, 0x0020, 0x0820, 0x0820, 0x0020, 0x0820, 0x0820, 0x0020,
    0x0020, 0x0020, 0x0020, 0x0020, 0x0020, 0x0800, 0x0000, 0x0000, 0x0000, 0x0000, 0x0000, 0x0000,
    0x0000, 0x0000, 0x0000, 0x0000, 0x0000, 0x0000, 0x0000, 0x0000, 0x0000, 0x0000, 0x0000, 0x0000,
    0x0000, 0x0000, 0x0000, 0x0000,
};

static const uint8_t g_doom_loading_rgb565_pixels[DOOM_LOADING_WIDTH * DOOM_LOADING_HEIGHT] = {
    0xCA, 0xE6, 0xFF, 0xF0, 0xBD, 0xB4, 0xD7, 0xB2, 0x75, 0xA2, 0x80, 0x61, 0xC9, 0xFF, 0xAE, 0x5D, 0x6C, 0xED, 0xDB, 0x88, 0xA2, 0x81, 0x88, 0x82,
    0x80, 0x7E, 0xA2, 0x75, 0xAF, 0xF4, 0xE6, 0xE5, 0xF7, 0xEE, 0xFF, 0xFF, 0xFD, 0xFF, 0xFF, 0xFF, 0xFF, 0xFF, 0xFF, 0xFF, 0xFF, 0xFE, 0xFE, 0xF9,
    0xFD, 0xFF, 0xF9, 0xFF, 0xFF, 0xFF, 0xFF, 0xF9, 0xF9, 0xFF, 0xFF, 0xFF, 0xFF, 0xFF, 0xFF, 0xFF, 0xFF, 0xFF, 0xFF, 0xFF, 0xFD, 0xFD, 0xFF, 0xFF,
    0xFF, 0xFF, 0xFF, 0xFF, 0xFD, 0xFF, 0xFF, 0xFF, 0xFF, 0xFF, 0xF8, 0xF9, 0xFF, 0xFF, 0xFF, 0xFF, 0xFD, 0xFF, 0xFF, 0xFF, 0xFD, 0xFA, 0xFF, 0xFF,
    0xFF, 0xFF, 0xFF, 0xFF, 0xFF, 0xFD, 0xFF, 0xFF, 0xFD, 0xF9, 0xFF, 0xFD, 0xFF, 0xFF, 0xFF, 0xFF, 0xFE, 0xFF, 0xFF, 0xFF, 0xFF, 0xFF, 0xFD, 0xFF,
    0xFF, 0xFF, 0xFF, 0xFD, 0xFF, 0xFF, 0xFF, 0xFF, 0xFF, 0xFD, 0xFF, 0xFF, 0xFF, 0xFF, 0xFF, 0xFE, 0xFF, 0xFF, 0xFF, 0xFF, 0xFF, 0xFF, 0xF8, 0xFF,
    0xFF, 0xFD, 0xF9, 0xFF, 0xFF, 0xFF, 0xFF, 0xFF, 0xFD, 0xFF, 0xFF, 0xFF, 0xFD, 0xFD, 0xF8, 0xF9, 0xFF, 0xFF, 0xFF, 0xFF, 0xF9, 0xFF, 0xFF, 0xFF,
    0xFF, 0xFD, 0xF8, 0xFF, 0xFF, 0xFF, 0xFF, 0xFF, 0xFF, 0xFF, 0xFF, 0xFF, 0xFF, 0xFE, 0xF9, 0xFF, 0xF9, 0xFD, 0xFF, 0xFF, 0xFF, 0xFD, 0xF9, 0xFF,
    0xFF, 0xFF, 0xF9, 0xFF, 0xFF, 0xFF, 0xFF, 0xFF, 0xFF, 0xFF, 0xFF, 0xFD, 0xFF, 0xFF, 0xFF, 0xFD, 0xFD, 0xFF, 0xFF, 0xFD, 0xFF, 0xFD, 0xFF, 0xFF,
    0xFF, 0xFF, 0xFF, 0xFF, 0xFF, 0xFF, 0xFF, 0xF9, 0xFD, 0xFF, 0xFE, 0xFF, 0xFF, 0xFF, 0xFF, 0xFF, 0xFF, 0xFF, 0xFF, 0xFF, 0xFF, 0xFD, 0xFF, 0xFF,
    0xFF, 0xFF, 0xF9, 0xFF, 0xFF, 0xFF, 0xFF, 0xFF, 0xFF, 0xFF, 0xFF, 0xFD, 0xFF, 0xFF, 0xF9, 0xFF, 0xFF, 0xFF, 0xFF, 0xFF, 0xFF, 0xFF, 0xFF, 0xFD,
    0xFF, 0xFD, 0xFF, 0xF9, 0xFF, 0xFD, 0xFF, 0xFD, 0xFF, 0xF8, 0xFD, 0xFD, 0xFF, 0xFF, 0xFF, 0xFF, 0xFD, 0xFF, 0xFF, 0xED, 0xDF, 0xD9, 0xE6, 0xDE,
    0xED, 0xE5, 0xE3, 0xE3, 0xFF, 0xB2, 0x40, 0x77, 0x6E, 0x6E, 0x83, 0x83, 0xA2, 0x80, 0xB0, 0xFF, 0xAE, 0x2D, 0x40, 0xB0, 0xD7, 0x6E, 0x75, 0x77,
    0x60, 0xB0, 0xD7, 0x6B, 0xCA, 0xFF, 0xF1, 0xB8, 0xD7, 0xC9, 0xC7, 0xFF, 0xF9, 0xBD, 0x7C, 0xD6, 0xC3, 0x6F, 0x77, 0x6F, 0xBE, 0xC1, 0xB4, 0x6E,
    0x61, 0x55, 0xDA, 0xDF, 0x82, 0x7E, 0x88, 0x82, 0x80, 0x77, 0x88, 0x82, 0x6B, 0x70, 0xF4, 0xF0, 0xED, 0xF7, 0xF3, 0xF9, 0xFF, 0xFF, 0xFF, 0xF8,
    0xFF, 0xFF, 0xFF, 0xFF, 0xFF, 0xFF, 0xFF, 0xFF, 0xFF, 0xFF, 0xFF, 0xFD, 0xFF, 0xFF, 0xFF, 0xFD, 0xFD, 0xFF, 0xFF, 0xFF, 0xFF, 0xFF, 0xFD, 0xFF,
    0xFF, 0xFF, 0xFF, 0xFF, 0xFF, 0xFF, 0xF8, 0xFF, 0xFF, 0xFF, 0xFF, 0xFA, 0xFD, 0xFF, 0xFF, 0xFF, 0xFF, 0xFC, 0xF9, 0xFD, 0xFF, 0xFF, 0xFF, 0xFF,
    0xFF, 0xFF, 0xFF, 0xFF, 0xFF, 0xFD, 0xFF, 0xFF, 0xFF, 0xFF, 0xFD, 0xFF, 0xFF, 0xFF, 0xFF, 0xFD, 0xFF, 0xFF, 0xFF, 0xFF, 0xFF, 0xFF, 0xFF, 0xFF,
    0xFD, 0xFF, 0xFF, 0xFF, 0xFF, 0xFF, 0xFF, 0xFF, 0xFF, 0xFF, 0xFF, 0xFF, 0xFF, 0xFF, 0xFF, 0xF9, 0xFF, 0xFF, 0xFF, 0xFF, 0xFD, 0xFF, 0xFF, 0xFF,
    0xFF, 0xFF, 0xFD, 0xF8, 0xFF, 0xFF, 0xFF, 0xFD, 0xFF, 0xFF, 0xF8, 0xFD, 0xFF, 0xFD, 0xF9, 0xFF, 0xFA, 0xFA, 0xFD, 0xFD, 0xFF, 0xFF, 0xFF, 0xFF,
    0xFF, 0xFF, 0xFF, 0xFF, 0xF8, 0xFF, 0xFF, 0xF9, 0xFF, 0xFD, 0xFF, 0xFD, 0xF9, 0xFF, 0xFF, 0xF9, 0xFF, 0xFF, 0xFF, 0xFF, 0xFF, 0xFF, 0xFF, 0xFF,
    0xFF, 0xFF, 0xFF, 0xFF, 0xFF, 0xF9, 0xF8, 0xFF, 0xFF, 0xFF, 0xFF, 0xFF, 0xFF, 0xFF, 0xFF, 0xFF, 0xFF, 0xFD, 0xFF, 0xFF, 0xFD, 0xFD, 0xFF, 0xFF,
    0xFD, 0xFF, 0xFF, 0xFF, 0xF9, 0xFA, 0xF8, 0xFF, 0xFF, 0xFF, 0xFD, 0xFF, 0xFD, 0xF9, 0xFF, 0xFD, 0xFD, 0xFF, 0xFF, 0xFF, 0xFF, 0xFF, 0xFF, 0xFF,
    0xF9, 0xFF, 0xFD, 0xFF, 0xFF, 0xFF, 0xFF, 0xFF, 0xFF, 0xFF, 0xFF, 0xFF, 0xFD, 0xFA, 0xFF, 0xFF, 0xFF, 0xFF, 0xFF, 0xF8, 0xFD, 0xFF, 0xFF, 0xFF,
    0xFF, 0xFF, 0xFF, 0xFF, 0xFF, 0xFF, 0xFF, 0xFA, 0xFF, 0xFF, 0xFF, 0xFF, 0xFF, 0xFF, 0xFF, 0xF9, 0xF9, 0xFF, 0xF9, 0xFF, 0xFF, 0xFF, 0xFA, 0xFF,
    0xFF, 0xFF, 0xF7, 0xCA, 0xED, 0xD7, 0xE6, 0xDF, 0xE3, 0xCC, 0xFD, 0xED, 0xB4, 0x81, 0x77, 0x75, 0x74, 0x6E, 0x77, 0xA2, 0x82, 0xC2, 0xF4, 0x6B,
    0x34, 0x55, 0x3E, 0xC7, 0xDA, 0x75, 0x6F, 0x7D, 0xC7, 0xDB, 0xBF, 0xD9, 0xFF, 0xE3, 0x65, 0x9B, 0xF8, 0xD7, 0x5C, 0xB4, 0xE8, 0xFF, 0xD6, 0x7F,
    0xBD, 0xC3, 0x6B, 0x5D, 0xBE, 0xB6, 0x88, 0x61, 0x81, 0x58, 0x3E, 0xD6, 0xF0, 0x7F, 0x6F, 0x82, 0x75, 0x75, 0x7D, 0x7E, 0x81, 0x6B, 0x5A, 0xE6,
    0xF9, 0xE6, 0xF7, 0xEE, 0xF9, 0xFF, 0xFF, 0xFF, 0xFF, 0xFF, 0xF9, 0xF9, 0xFF, 0xFF, 0xFA, 0xFF, 0xFA, 0xFF, 0xFF, 0xFF, 0xF9, 0xFF, 0xF8, 0xFF,
    0xFF, 0xFD, 0xFF, 0xFF, 0xFF, 0xF9, 0xFA, 0xFA, 0xFF, 0xFF, 0xF9, 0xFF, 0xF8, 0xFD, 0xFF, 0xFD, 0xF9, 0xFA, 0xFF, 0xFC, 0xF8, 0xFF, 0xFF, 0xFF,
    0xFA, 0xFF, 0xFF, 0xFF, 0xF8, 0xFA, 0xF9, 0xFF, 0xFF, 0xFF, 0xFF, 0xFF, 0xFF, 0xFF, 0xFF, 0xFD, 0xFF, 0xFA, 0xFF, 0xFF, 0xFF, 0xFF, 0xFF, 0xFF,
    0xFF, 0xFF, 0xFF, 0xF9, 0xFF, 0xFF, 0xF9, 0xFF, 0xFF, 0xFF, 0xFF, 0xFF, 0xFD, 0xFD, 0xFF, 0xFF, 0xFA, 0xFF, 0xFF, 0xFC, 0xFF, 0xFA, 0xFF, 0xFF,
    0xFF, 0xFF, 0xFD, 0xFF, 0xFF, 0xF9, 0xFD, 0xFF, 0xFF, 0xFF, 0xFF, 0xFF, 0xFF, 0xFF, 0xFF, 0xFF, 0xF8, 0xFD, 0xFF, 0xFF, 0xFF, 0xFD, 0xFF, 0xFF,
    0xFE, 0xFD, 0xFF, 0xFF, 0xF9, 0xFA, 0xFF, 0xFF, 0xF9, 0xFF, 0xFF, 0xFD, 0xFF, 0xFD, 0xFF, 0xFF, 0xFF, 0xFF, 0xFF, 0xFF, 0xFF, 0xFF, 0xF9, 0xFD,
    0xFF, 0xFD, 0xFD, 0xF9, 0xF9, 0xFF, 0xFF, 0xFD, 0xFF, 0xFD, 0xFD, 0xFF, 0xFF, 0xF9, 0xFD, 0xFD, 0xFF, 0xFF, 0xFF, 0xF9, 0xFF, 0xFF, 0xFF, 0xFF,
    0xFF, 0xFF, 0xFF, 0xFF, 0xFF, 0xFF, 0xFF, 0xFF, 0xFF, 0xFF, 0xFF, 0xFF, 0xFF, 0xFF, 0xFF, 0xFF, 0xFF, 0xF9, 0xFF, 0xFD, 0xFF, 0xFF, 0xFA, 0xFF,
    0xFF, 0xFF, 0xFF, 0xFF, 0xFF, 0xFD, 0xFD, 0xFF, 0xFF, 0xF9, 0xFF, 0xFD, 0xFE, 0xFE, 0xF9, 0xFF, 0xFF, 0xF9, 0xFD, 0xFF, 0xFF, 0xFF, 0xFF, 0xFF,
    0xFF, 0xFF, 0xFA, 0xFF, 0xFF, 0xFF, 0xF9, 0xFF, 0xFF, 0xFD, 0xFF, 0xFF, 0xF9, 0xFF, 0xFF, 0xFF, 0xF9, 0xFF, 0xFF, 0xF9, 0xFD, 0xFA, 0xFF, 0xFF,
    0xFF, 0xF9, 0xFF, 0xFF, 0xFD, 0xFF, 0xFF, 0xFD, 0xFF, 0xF1, 0xDF, 0xCB, 0xE6, 0xCA, 0xF0, 0xDB, 0xE0, 0xED, 0xDA, 0x6D, 0x6C, 0x80, 0x75, 0x77,
    0x77, 0x76, 0x83, 0x77, 0xCA, 0xED, 0x6F, 0x29, 0x3E, 0x58, 0x38, 0x7D, 0xE6, 0xAE, 0xA2, 0xBF, 0xBE, 0xBF, 0xE6, 0xFF, 0xB2, 0x5E, 0x65, 0xB8,
    0xF6, 0xDB, 0x83, 0x6E, 0x6F, 0xDD, 0xFF, 0xE8, 0x85, 0xAD, 0xD6, 0x85, 0x6F, 0xBF, 0xB6, 0x55, 0x75, 0x6E, 0x5D, 0x57, 0xAF, 0xF6, 0xAD, 0x6F,
    0x7D, 0x71, 0x7D, 0x7D, 0x7D, 0x88, 0x41, 0x39, 0xD7, 0xFD, 0xED, 0xF1, 0xEE, 0xF9, 0xFF, 0xFD, 0xFF, 0xFF, 0xFF, 0xF9, 0xFF, 0xFD, 0xFD, 0xFF,
    0xFF, 0xFD, 0xFD, 0xFF, 0xFF, 0xFD, 0xFF, 0xFF, 0xFF, 0xFF, 0xFF, 0xFF, 0xFF, 0xFF, 0xFF, 0xFD, 0xFF, 0xFD, 0xFF, 0xFF, 0xFF, 0xFF, 0xFF, 0xFF,
    0xFF, 0xFF, 0xFF, 0xFF, 0xFF, 0xFF, 0xFF, 0xFD, 0xFD, 0xF9, 0xFF, 0xFF, 0xFF, 0xFF, 0xFF, 0xFD, 0xFF, 0xF9, 0xFD, 0xFF, 0xFF, 0xFF, 0xFF, 0xFF,
    0xFF, 0xFD, 0xFD, 0xFF, 0xFF, 0xFF, 0xF9, 0xFF, 0xFF, 0xFF, 0xFF, 0xFF, 0xF9, 0xFF, 0xFF, 0xFF, 0xFF, 0xFF, 0xFD, 0xFF, 0xFF, 0xFF, 0xFF, 0xFF,
    0xFD, 0xFD, 0xFF, 0xF9, 0xFF, 0xFF, 0xFF, 0xFD, 0xFF, 0xFF, 0xFF, 0xFD, 0xFF, 0xFF, 0xFF, 0xFF, 0xFF, 0xFF, 0xFF, 0xF9, 0xFF, 0xFF, 0xFF, 0xFF,
    0xFF, 0xFF, 0xFD, 0xFF, 0xFF, 0xFF, 0xFD, 0xFF, 0xFF, 0xFF, 0xFF, 0xFF, 0xFF, 0xFD, 0xFD, 0xFF, 0xFF, 0xFF, 0xFF, 0xFF, 0xFF, 0xFF, 0xFF, 0xFF,
    0xFF, 0xFF, 0xFF, 0xFF, 0xF8, 0xFD, 0xFF, 0xFF, 0xFF, 0xFF, 0xFF, 0xFF, 0xFF, 0xFF, 0xFD, 0xFF, 0xFF, 0xFF, 0xFF, 0xFF, 0xFF, 0xFF, 0xFF, 0xFF,
    0xFF, 0xFF, 0xFF, 0xFF, 0xFD, 0xFF, 0xFF, 0xFF, 0xFF, 0xFF, 0xFF, 0xFF, 0xFF, 0xFD, 0xF9, 0xFF, 0xFF, 0xF9, 0xFA, 0xFF, 0xF9, 0xFD, 0xFD, 0xFD,
    0xFF, 0xFF, 0xFF, 0xFD, 0xFF, 0xFF, 0xFF, 0xFF, 0xFF, 0xFF, 0xFF, 0xFD, 0xFF, 0xFF, 0xFF, 0xFF, 0xFF, 0xFF, 0xFF, 0xFF, 0xFF, 0xFD, 0xFF, 0xFD,
    0xFF, 0xFF, 0xFF, 0xFF, 0xFF, 0xFD, 0xFF, 0xFF, 0xFF, 0xFD, 0xFD, 0xFF, 0xFF, 0xFF, 0xFD, 0xFE, 0xFF, 0xF9, 0xFF, 0xFF, 0xFF, 0xFF, 0xFF, 0xFF,
    0xFA, 0xFF, 0xF9, 0xFF, 0xFF, 0xFD, 0xFA, 0xFF, 0xFF, 0xFF, 0xFD, 0xFF, 0xFF, 0xFF, 0xFF, 0xFD, 0xFF, 0xE6, 0xDC, 0xC7, 0xDD, 0xCB, 0xE5, 0xC2,
    0xF4, 0xDA, 0x34, 0x60, 0x76, 0x75, 0x75, 0x81, 0x81, 0x76, 0x80, 0xE4, 0xE0, 0x2E, 0x34, 0x43, 0x40, 0x55, 0x3E, 0x7E, 0x7F, 0xAD, 0xD7, 0xB0,
    0xBE, 0xFA, 0xFF, 0x72, 0x3F, 0x9E, 0xB2, 0xD9, 0xFD, 0xE4, 0xA1, 0xC6, 0x77, 0x71, 0xC9, 0xFF, 0xFF, 0xB0, 0x6D, 0xD6, 0xBF, 0x6B, 0x88, 0x5C,
    0x6C, 0x6B, 0x6B, 0x5D, 0x34, 0x69, 0xF8, 0xBD, 0x7E, 0x82, 0x88, 0x71, 0x6F, 0x71, 0x81, 0x5A, 0x40, 0xBE, 0xFF, 0xE3, 0xEF, 0xEE, 0xFD, 0xFF,
    0xFF, 0xFF, 0xFD, 0xF9, 0xFF, 0xFF, 0xFD, 0xFF, 0xFF, 0xFF, 0xFF, 0xF9, 0xFF, 0xFF, 0xFF, 0xFF, 0xFD, 0xFF, 0xFF, 0xFF, 0xFF, 0xFF, 0xF8, 0xFF,
    0xFF, 0xFD, 0xFF, 0xFF, 0xFF, 0xF9, 0xFF, 0xFF, 0xFF, 0xF9, 0xF8, 0xFF, 0xFF, 0xFF, 0xFF, 0xFD, 0xFF, 0xFF, 0xFF, 0xFF, 0xFF, 0xFF, 0xFF, 0xFF,
    0xFA, 0xFF, 0xFF, 0xFF, 0xFF, 0xFF, 0xFF, 0xFF, 0xFF, 0xFF, 0xFF, 0xFF, 0xFD, 0xFF, 0xFF, 0xFF, 0xFF, 0xFF, 0xFF, 0xFF, 0xFF, 0xFF, 0xFF, 0xFF,
    0xFD, 0xFF, 0xFF, 0xFF, 0xFF, 0xFF, 0xF9, 0xFF, 0xFF, 0xFF, 0xFF, 0xFF, 0xFF, 0xFF, 0xFF, 0xFD, 0xFD, 0xFF, 0xFF, 0xFF, 0xFF, 0xFF, 0xFF, 0xFF,
    0xFF, 0xFD, 0xFF, 0xFF, 0xFF, 0xFF, 0xFA, 0xF9, 0xFD, 0xFF, 0xFF, 0xFF, 0xFD, 0xF9, 0xFF, 0xFF, 0xFF, 0xFF, 0xFF, 0xFF, 0xFF, 0xFF, 0xFF, 0xFF,
    0xFD, 0xFF, 0xFF, 0xFF, 0xFF, 0xFF, 0xFF, 0xF9, 0xFF, 0xFF, 0xFF, 0xFE, 0xFE, 0xFF, 0xFD, 0xFD, 0xF9, 0xFF, 0xFF, 0xFF, 0xFF, 0xFF, 0xFD, 0xF8,
    0xFF, 0xFF, 0xFF, 0xFF, 0xFF, 0xF9, 0xFD, 0xFF, 0xFF, 0xFF, 0xFF, 0xFF, 0xFD, 0xFF, 0xFF, 0xFF, 0xFF, 0xFF, 0xFF, 0xFF, 0xFF, 0xFF, 0xFF, 0xFF,
    0xFD, 0xFF, 0xFF, 0xFF, 0xFF, 0xFF, 0xFD, 0xFF, 0xFF, 0xFF, 0xFF, 0xFF, 0xFF, 0xFF, 0xFF, 0xFF, 0xF9, 0xF9, 0xFF, 0xFF, 0xFF, 0xFF, 0xFF, 0xF9,
    0xFF, 0xFF, 0xFD, 0xFD, 0xFF, 0xFD, 0xFF, 0xFD, 0xFD, 0xFD, 0xFF, 0xFF, 0xFA, 0xFD, 0xFF, 0xFF, 0xFA, 0xFF, 0xFF, 0xFF, 0xFF, 0xF9, 0xFD, 0xFF,
    0xFF, 0xFD, 0xFD, 0xFF, 0xFF, 0xFF, 0xFF, 0xF8, 0xFF, 0xFF, 0xF9, 0xFF, 0xFF, 0xFF, 0xF9, 0xFD, 0xFF, 0xFF, 0xFD, 0xF7, 0xF7, 0xEE, 0xF9, 0xFE,
    0xFF, 0xED, 0xCC, 0xC6, 0xE3, 0xDB, 0xE5, 0xF8, 0xD7, 0x41, 0x6C, 0x74, 0x74, 0x6E, 0xAE, 0x82, 0x81, 0x83, 0xE4, 0xD6, 0x6C, 0x41, 0x58, 0x3E,
    0x40, 0x41, 0x38, 0x5D, 0x88, 0xDD, 0xBE, 0xBE, 0xFF, 0xF6, 0xB1, 0x3F, 0xA3, 0x67, 0xA0, 0x9C, 0xE4, 0xD9, 0x73, 0x79, 0x83, 0xE0, 0xBA, 0xB4,
    0xF0, 0xFF, 0xBD, 0x6D, 0xCA, 0xD7, 0x56, 0x41, 0x5D, 0x58, 0x5D, 0x5D, 0x55, 0x2E, 0x55, 0xE8, 0xBD, 0x6B, 0x7D, 0x6F, 0x81, 0x75, 0x75, 0xAD,
    0x75, 0x59, 0xCA, 0xFF, 0xED, 0xEC, 0xF6, 0xFF, 0xFF, 0xFF, 0xF9, 0xF7, 0xFF, 0xFD, 0xFF, 0xED, 0xFB, 0xFF, 0xFF, 0xFF, 0xF9, 0xFF, 0xFF, 0xFF,
    0xFF, 0xFF, 0xFF, 0xFF, 0xFF, 0xFF, 0xFF, 0xFF, 0xFD, 0xFF, 0xFF, 0xFF, 0xFF, 0xFF, 0xFF, 0xFF, 0xFF, 0xFF, 0xF9, 0xFF, 0xFF, 0xFF, 0xFF, 0xFF,
    0xFF, 0xFF, 0xFF, 0xFF, 0xFF, 0xFF, 0xFF, 0xFD, 0xFD, 0xFF, 0xFF, 0xFF, 0xFF, 0xFF, 0xFF, 0xFF, 0xFF, 0xFC, 0xFD, 0xFD, 0xFF, 0xFF, 0xF9, 0xFF,
    0xFA, 0xFD, 0xFF, 0xFF, 0xFF, 0xFD, 0xFF, 0xFF, 0xFF, 0xFF, 0xFF, 0xFF, 0xFF, 0xFF, 0xFD, 0xFF, 0xFD, 0xFF, 0xFF, 0xFD, 0xF8, 0xFF, 0xFF, 0xFF,
    0xFF, 0xFF, 0xFF, 0xFA, 0xFF, 0xFF, 0xFF, 0xFF, 0xFF, 0xFF, 0xFF, 0xFF, 0xFF, 0xFF, 0xFA, 0xFF, 0xFF, 0xFF, 0xFF, 0xFF, 0xFF, 0xF9, 0xFD, 0xFF,
    0xFF, 0xFD, 0xFF, 0xFF, 0xFF, 0xFF, 0xFF, 0xFF, 0xFD, 0xFD, 0xFF, 0xFF, 0xF9, 0xFF, 0xFA, 0xFF, 0xFF, 0xFF, 0xFF, 0xF9, 0xFD, 0xF9, 0xFF, 0xFC,
    0xF9, 0xFF, 0xFD, 0xF9, 0xFA, 0xFF, 0xFF, 0xFD, 0xFF, 0xFF, 0xFF, 0xFF, 0xFF, 0xFA, 0xFD, 0xFF, 0xFA, 0xFF, 0xFF, 0xFF, 0xFF, 0xFF, 0xFF, 0xFF,
    0xFF, 0xFF, 0xFF, 0xFF, 0xFF, 0xFF, 0xF9, 0xFF, 0xFF, 0xFF, 0xFF, 0xFF, 0xFD, 0xFF, 0xFA, 0xFF, 0xFF, 0xFF, 0xFF, 0xFF, 0xFD, 0xFF, 0xFF, 0xFF,
    0xFF, 0xFF, 0xFF, 0xFF, 0xFF, 0xFF, 0xFF, 0xFF, 0xFF, 0xFF, 0xFF, 0xFF, 0xFF, 0xFD, 0xFF, 0xFF, 0xFF, 0xFF, 0xFF, 0xFD, 0xFF, 0xFF, 0xFF, 0xFF,
    0xFF, 0xFF, 0xFF, 0xFF, 0xF9, 0xFF, 0xFF, 0xFF, 0xFF, 0xF9, 0xFD, 0xFF, 0xFF, 0xFF, 0xFF, 0xFF, 0xFF, 0xFF, 0xFF, 0xFF, 0xFF, 0xFF, 0xFF, 0xF8,
    0xF9, 0xF1, 0xF7, 0xEB, 0xEB, 0xEB, 0xFD, 0xF9, 0xFF, 0xE5, 0xDC, 0xCB, 0xDF, 0xD9, 0xFF, 0xD9, 0x6B, 0x80, 0xA2, 0x81, 0x81, 0x77, 0xB2, 0x6E,
    0xA2, 0xF4, 0x82, 0x3D, 0x5D, 0x71, 0x5D, 0x40, 0x41, 0x39, 0x59, 0xBA, 0xC3, 0xDD, 0xFB, 0xFF, 0xBF, 0xB0, 0xC6, 0x79, 0x64, 0x53, 0x95, 0xC6,
    0x6C, 0xBA, 0x81, 0x72, 0x6E, 0xED, 0xE4, 0xB4, 0x6F, 0xDF, 0xFF, 0xE0, 0x7E, 0xB4, 0xB3, 0x6B, 0x41, 0x6C, 0x5D, 0x5D, 0x5D, 0xA2, 0x41, 0x43,
    0xE0, 0xD7, 0x6F, 0x71, 0x77, 0x75, 0x7E, 0x7E, 0x82, 0x5D, 0x2E, 0xBA, 0xFF, 0xEC, 0xEE, 0xFE, 0xF9, 0xFF, 0xF7, 0xEF, 0xF7, 0xF3, 0xFD, 0xDE,
    0xEE, 0xFF, 0xFF, 0xFF, 0xFF, 0xF8, 0xFF, 0xFD, 0xFF, 0xFA, 0xFF, 0xFF, 0xFF, 0xF9, 0xFD, 0xFF, 0xFE, 0xF9, 0xFD, 0xFF, 0xFF, 0xFD, 0xFF, 0xFF,
    0xFF, 0xFD, 0xFF, 0xFF, 0xFF, 0xFD, 0xF9, 0xFA, 0xFF, 0xFE, 0xFA, 0xFD, 0xFD, 0xFF, 0xFF, 0xFF, 0xFF, 0xFF, 0xFF, 0xFF, 0xF9, 0xFD, 0xFF, 0xFF,
    0xFF, 0xF8, 0xFF, 0xF8, 0xFF, 0xFF, 0xFF, 0xFF, 0xFF, 0xFF, 0xFF, 0xFF, 0xFF, 0xFF, 0xFD, 0xFF, 0xFF, 0xFF, 0xFF, 0xFF, 0xFF, 0xFD, 0xFD, 0xFF,
    0xFF, 0xFF, 0xFF, 0xFF, 0xFA, 0xFF, 0xFF, 0xFF, 0xFF, 0xFD, 0xF8, 0xFF, 0xFF, 0xFD, 0xFF, 0xFF, 0xFF, 0xFF, 0xFF, 0xFF, 0xFD, 0xFF, 0xFF, 0xFF,
    0xFF, 0xFA, 0xFF, 0xF8, 0xFA, 0xFF, 0xFF, 0xFF, 0xFF, 0xFF, 0xFF, 0xFF, 0xFF, 0xF9, 0xFD, 0xFF, 0xF9, 0xFF, 0xFF, 0xFF, 0xFF, 0xFD, 0xFF, 0xFF,
    0xF9, 0xFD, 0xFF, 0xF9, 0xFE, 0xFF, 0xFF, 0xFF, 0xFF, 0xFF, 0xFF, 0xFF, 0xFD, 0xFF, 0xFF, 0xFD, 0xFF, 0xFF, 0xFF, 0xFF, 0xFF, 0xFF, 0xFD, 0xFF,
    0xFA, 0xFD, 0xFF, 0xFF, 0xFD, 0xFD, 0xFF, 0xFF, 0xFD, 0xFF, 0xF9, 0xFD, 0xFF, 0xFF, 0xFF, 0xFF, 0xFF, 0xFF, 0xFF, 0xFF, 0xFD, 0xFF, 0xFF, 0xFF,
    0xFF, 0xFF, 0xFF, 0xFF, 0xFF, 0xFA, 0xFD, 0xFF, 0xFA, 0xFF, 0xFF, 0xFF, 0xFF, 0xFF, 0xFF, 0xFF, 0xFF, 0xF9, 0xFA, 0xFA, 0xFF, 0xFF, 0xFF, 0xFD,
    0xFD, 0xFF, 0xFF, 0xFF, 0xFF, 0xFF, 0xFD, 0xFF, 0xF9, 0xFA, 0xFF, 0xFF, 0xFF, 0xFF, 0xFD, 0xFD, 0xFD, 0xFF, 0xFF, 0xFD, 0xFA, 0xFD, 0xFF, 0xFD,
    0xFF, 0xFE, 0xFD, 0xFD, 0xFD, 0xFF, 0xF9, 0xFF, 0xFA, 0xE3, 0xEE, 0xEA, 0xEC, 0xEA, 0xF7, 0xFF, 0xFF, 0xED, 0xDC, 0xCC, 0xE3, 0xFF, 0x82, 0x3D,
    0x75, 0xAE, 0xB2, 0x81, 0x81, 0x83, 0x74, 0xB6, 0xE4, 0x59, 0x3A, 0xAE, 0xC3, 0x6F, 0x6E, 0x55, 0x3E, 0x56, 0xDB, 0xE3, 0xBD, 0xF0, 0xFF, 0xBA,
    0x5B, 0xA4, 0x65, 0x63, 0x65, 0x53, 0x9B, 0x9F, 0xA4, 0x76, 0x74, 0x76, 0x75, 0xDD, 0xB2, 0xC2, 0x82, 0xA2, 0xBE, 0xFA, 0xED, 0x88, 0x82, 0xBE,
    0x71, 0x40, 0x72, 0x5B, 0x55, 0xED, 0xA2, 0x77, 0x58, 0xD7, 0xD7, 0x71, 0x6C, 0x75, 0x7D, 0x71, 0x82, 0x39, 0x2E, 0x41, 0xAF, 0xFF, 0xF7, 0xFD,
    0xFD, 0xFF, 0xF7, 0xEE, 0xF3, 0xF3, 0xFF, 0xDF, 0xF1, 0xFF, 0xFF, 0xFF, 0xFD, 0xFF, 0xF9, 0xFF, 0xFF, 0xFF, 0xF9, 0xFF, 0xF9, 0xFF, 0xFF, 0xFD,
    0xFF, 0xFD, 0xFF, 0xFF, 0xFE, 0xFA, 0xFF, 0xFF, 0xFD, 0xFD, 0xFF, 0xFF, 0xFF, 0xFF, 0xFF, 0xFC, 0xFF, 0xFF, 0xFF, 0xFF, 0xFF, 0xFD, 0xF9, 0xFF,
    0xFD, 0xFF, 0xFF, 0xFF, 0xFF, 0xFF, 0xFF, 0xFF, 0xFF, 0xFF, 0xFF, 0xFF, 0xFF, 0xFF, 0xFF, 0xFF, 0xFF, 0xF9, 0xFF, 0xFF, 0xFF, 0xFD, 0xFA, 0xF9,
    0xFF, 0xFF, 0xFF, 0xF9, 0xFF, 0xFF, 0xFD, 0xFF, 0xFD, 0xFF, 0xFF, 0xFF, 0xFF, 0xFF, 0xFF, 0xFF, 0xF9, 0xFF, 0xFF, 0xFF, 0xFF, 0xFF, 0xFF, 0xFF,
    0xFF, 0xFA, 0xFF, 0xFF, 0xFF, 0xFC, 0xF8, 0xFF, 0xFF, 0xFD, 0xFD, 0xFF, 0xFF, 0xFF, 0xFF, 0xFF, 0xFF, 0xFF, 0xFF, 0xFF, 0xFF, 0xFF, 0xFF, 0xFD,
    0xFF, 0xFF, 0xFD, 0xFF, 0xFF, 0xFF, 0xFF, 0xFF, 0xFF, 0xFF, 0xFF, 0xFF, 0xF9, 0xFF, 0xFF, 0xFF, 0xFF, 0xFF, 0xFD, 0xFF, 0xFF, 0xFD, 0xFD, 0xFF,
    0xFF, 0xF8, 0xFD, 0xFD, 0xFD, 0xF9, 0xFF, 0xFF, 0xFD, 0xFF, 0xF9, 0xF9, 0xFF, 0xFF, 0xFF, 0xFF, 0xFD, 0xFF, 0xFF, 0xFF, 0xFE, 0xFF, 0xF9, 0xFD,
    0xFF, 0xFF, 0xFD, 0xFF, 0xFF, 0xFF, 0xFF, 0xFF, 0xFD, 0xFF, 0xFF, 0xFF, 0xFD, 0xFF, 0xFF, 0xF9, 0xFD, 0xFA, 0xFF, 0xFA, 0xFF, 0xF9, 0xF9, 0xFF,
    0xF8, 0xFF, 0xFE, 0xFD, 0xFF, 0xFF, 0xFF, 0xFF, 0xFD, 0xFF, 0xFF, 0xFD, 0xFF, 0xFD, 0xFF, 0xFF, 0xF9, 0xFD, 0xFF, 0xFF, 0xF9, 0xFD, 0xFF, 0xFA,
    0xFF, 0xFF, 0xFF, 0xFD, 0xFF, 0xFF, 0xFF, 0xFF, 0xFF, 0xFF, 0xFF, 0xFF, 0xFF, 0xFF, 0xFF, 0xFA, 0xFC, 0xE5, 0xF1, 0xEB, 0xEC, 0xEB, 0xF9, 0xFF,
    0xFF, 0xED, 0xDC, 0xED, 0xF4, 0xBF, 0x57, 0x38, 0xBC, 0xBA, 0x6E, 0x6F, 0x83, 0x76, 0xD9, 0xD8, 0x34, 0x3E, 0xBA, 0xDD, 0xB6, 0x80, 0x61, 0x3E,
    0x6F, 0xCA, 0xD9, 0xDD, 0xFF, 0xE3, 0x83, 0x62, 0x9E, 0x7A, 0x51, 0x62, 0x4E, 0x63, 0x52, 0x65, 0x74, 0x74, 0x63, 0x74, 0x55, 0xAF, 0xB6, 0x6E,
    0x77, 0xBD, 0x71, 0xD7, 0xF0, 0xFE, 0xBD, 0x6A, 0xBE, 0xAD, 0x43, 0x61, 0x71, 0x71, 0x3D, 0x72, 0x88, 0x3E, 0xBE, 0xF0, 0x7D, 0x6C, 0x75, 0x6C,
    0x7D, 0x55, 0x39, 0x75, 0x58, 0x7C, 0xF8, 0xFF, 0xFD, 0xFF, 0xF3, 0xEC, 0xF4, 0xF1, 0xFF, 0xC7, 0xE6, 0xFF, 0xFD, 0xFF, 0xFF, 0xFF, 0xFF, 0xFF,
    0xFF, 0xFF, 0xFF, 0xFF, 0xFF, 0xFF, 0xFF, 0xFF, 0xFF, 0xFF, 0xFF, 0xFF, 0xFF, 0xFD, 0xFD, 0xFD, 0xFF, 0xFF, 0xFF, 0xFF, 0xFF, 0xFD, 0xFF, 0xFF,
    0xFF, 0xFF, 0xFF, 0xFF, 0xFF, 0xFF, 0xFF, 0xFF, 0xFF, 0xFF, 0xFF, 0xFF, 0xFF, 0xFD, 0xFF, 0xFF, 0xFF, 0xFF, 0xFF, 0xFF, 0xFF, 0xFF, 0xFF, 0xFF,
    0xFF, 0xFF, 0xFF, 0xFF, 0xFF, 0xFF, 0xFD, 0xFF, 0xFF, 0xFD, 0xFF, 0xFD, 0xFF, 0xFF, 0xFF, 0xFF, 0xFF, 0xFF, 0xFF, 0xFF, 0xFF, 0xFF, 0xFF, 0xFF,
    0xFF, 0xFF, 0xFF, 0xFF, 0xFD, 0xFF, 0xFF, 0xFF, 0xFF, 0xFD, 0xFF, 0xFF, 0xFF, 0xF9, 0xFF, 0xFF, 0xFF, 0xFF, 0xFF, 0xFF, 0xFF, 0xFF, 0xFF, 0xFF,
    0xFF, 0xFD, 0xFF, 0xFF, 0xFF, 0xFF, 0xFD, 0xFF, 0xFD, 0xFF, 0xFF, 0xFF, 0xFF, 0xFF, 0xFF, 0xFF, 0xFF, 0xFF, 0xFF, 0xFF, 0xFF, 0xFF, 0xFF, 0xFF,
    0xFF, 0xFF, 0xF9, 0xFF, 0xFF, 0xFF, 0xFF, 0xFF, 0xFF, 0xF9, 0xFF, 0xFF, 0xFF, 0xFF, 0xFF, 0xFF, 0xFF, 0xFF, 0xFF, 0xFF, 0xFF, 0xFD, 0xFF, 0xFF,
    0xFF, 0xFF, 0xFD, 0xFF, 0xFF, 0xFF, 0xF9, 0xFF, 0xFF, 0xFF, 0xFF, 0xFF, 0xFF, 0xFF, 0xFD, 0xFD, 0xFF, 0xFF, 0xFF, 0xFF, 0xFF, 0xFF, 0xFF, 0xFF,
    0xFF, 0xFF, 0xFF, 0xFD, 0xFF, 0xFF, 0xFF, 0xFF, 0xFF, 0xFF, 0xFF, 0xFF, 0xFF, 0xFF, 0xFD, 0xFF, 0xFF, 0xFF, 0xFF, 0xFF, 0xFF, 0xFF, 0xFF, 0xFF,
    0xFF, 0xFF, 0xFF, 0xFF, 0xFF, 0xFF, 0xFF, 0xFF, 0xFF, 0xFF, 0xFD, 0xFF, 0xFF, 0xFF, 0xFF, 0xFF, 0xFD, 0xFF, 0xFF, 0xFF, 0xFF, 0xFF, 0xFF, 0xFF,
    0xFF, 0xE3, 0xF1, 0xE5, 0xEC, 0xEC, 0xF9, 0xFF, 0xFF, 0xEE, 0xE5, 0xF8, 0xB0, 0x61, 0x6F, 0x6E, 0xE2, 0xB2, 0x6C, 0x77, 0x81, 0xE3, 0xB5, 0x2E,
    0x40, 0x82, 0xBB, 0x77, 0xB2, 0x71, 0x3E, 0x81, 0xCB, 0xCB, 0xED, 0xFF, 0xDF, 0xC2, 0x5E, 0x7A, 0x65, 0x62, 0xBA, 0x3F, 0x52, 0x64, 0x65, 0x64,
    0x74, 0x76, 0x74, 0x79, 0x5B, 0xB0, 0xF5, 0x6D, 0x5D, 0x77, 0x77, 0xD6, 0x71, 0xDD, 0xFF, 0xDB, 0x75, 0xBE, 0xBD, 0x3E, 0x71, 0xBE, 0x38, 0x38,
    0xBA, 0x81, 0x41, 0xB0, 0xF4, 0xB0, 0x5D, 0x6F, 0x7E, 0x5D, 0x38, 0xBB, 0xAE, 0x43, 0x7F, 0xF8, 0xF8, 0xFF, 0xF3, 0xEB, 0xEE, 0xF1, 0xFF, 0xCC,
    0xED, 0xFF, 0xFF, 0xFD, 0xFF, 0xFF, 0xF9, 0xF9, 0xEE, 0xED, 0xF0, 0xF0, 0xF0, 0xF0, 0xF0, 0xF0, 0xF0, 0xF0, 0xF1, 0xF0, 0xF0, 0xF0, 0xF0, 0xF0,
    0xF0, 0xF2, 0xF2, 0xEE, 0xEE, 0xF2, 0xF2, 0xF2, 0xF2, 0xF2, 0xF2, 0xF2, 0xF1, 0xF1, 0xF0, 0xEE, 0xF0, 0xF0, 0xED, 0xF1, 0xF1, 0xEE, 0xF1, 0xF2,
    0xEE, 0xF2, 0xEE, 0xF2, 0xFF, 0xFF, 0xFF, 0xF8, 0xFF, 0xFF, 0xFF, 0xFE, 0xFF, 0xFF, 0xFD, 0xFF, 0xFF, 0xFD, 0xFF, 0xFF, 0xFF, 0xF9, 0xF2, 0xF2,
    0xF2, 0xF2, 0xF2, 0xF2, 0xF2, 0xF2, 0xEE, 0xF2, 0xEE, 0xF2, 0xF2, 0xF2, 0xEE, 0xF2, 0xF2, 0xF2, 0xF1, 0xF1, 0xF2, 0xF2, 0xF1, 0xF0, 0xF1, 0xF1,
    0xF0, 0xF4, 0xFF, 0xFD, 0xFF, 0xFF, 0xFF, 0xFF, 0xFF, 0xFF, 0xFF, 0xFF, 0xFF, 0xFF, 0xFF, 0xFF, 0xF9, 0xF0, 0xEE, 0xF2, 0xF1, 0xF1, 0xF0, 0xF2,
    0xF2, 0xF2, 0xF2, 0xF1, 0xF1, 0xF2, 0xF2, 0xF2, 0xF2, 0xF2, 0xEE, 0xF2, 0xF2, 0xF2, 0xF2, 0xF2, 0xF1, 0xF0, 0xF0, 0xF0, 0xF1, 0xF0, 0xF9, 0xFF,
    0xFF, 0xFF, 0xFF, 0xFF, 0xFF, 0xF2, 0xF2, 0xF2, 0xEE, 0xF2, 0xF2, 0xF2, 0xF2, 0xF2, 0xF2, 0xEE, 0xF1, 0xF2, 0xF2, 0xF2, 0xF2, 0xEE, 0xF2, 0xF2,
    0xF1, 0xF1, 0xF2, 0xF2, 0xF2, 0xF2, 0xF2, 0xF0, 0xF0, 0xF9, 0xF9, 0xFF, 0xFF, 0xFF, 0xFF, 0xFF, 0xF4, 0xF0, 0xF2, 0xF2, 0xF2, 0xF2, 0xF2, 0xF2,
    0xF2, 0xF2, 0xF2, 0xF2, 0xED, 0xF1, 0xF2, 0xF2, 0xF2, 0xF2, 0xF2, 0xF2, 0xF2, 0xF2, 0xF2, 0xF2, 0xF2, 0xF2, 0xF2, 0xF2, 0xF2, 0xF1, 0xF0, 0xEE,
    0xF7, 0xFF, 0xFF, 0xFF, 0xFD, 0xFF, 0xFF, 0xFF, 0xFD, 0xE3, 0xF3, 0xEB, 0xEE, 0xEB, 0xF7, 0xFF, 0xF8, 0xFF, 0xF0, 0x77, 0x60, 0x80, 0xA2, 0x70,
    0xC2, 0x77, 0x6F, 0xAE, 0xEE, 0x87, 0x28, 0x5D, 0x71, 0x7E, 0xCA, 0xC7, 0xC2, 0x40, 0xBD, 0xDB, 0xB6, 0xE6, 0xFF, 0xC6, 0x83, 0xCA, 0x5C, 0x78,
    0x5E, 0xB0, 0xF8, 0x38, 0x52, 0x65, 0x64, 0x64, 0x74, 0x76, 0x76, 0x79, 0x74, 0x7E, 0xF0, 0xD7, 0x41, 0x77, 0x6C, 0xDB, 0x7D, 0xCA, 0xFF, 0xFF,
    0xE6, 0x88, 0x88, 0xB0, 0x5D, 0xD7, 0xBF, 0x3D, 0xBF, 0xB2, 0x6E, 0x5B, 0x6F, 0xF0, 0x85, 0x5A, 0x75, 0x5D, 0x2E, 0xE6, 0x56, 0x6F, 0x6E, 0xD9,
    0xFF, 0xFF, 0xF3, 0xEA, 0xF1, 0xEC, 0xFF, 0xCC, 0xED, 0xFF, 0xFD, 0xFF, 0xFF, 0xFF, 0xFF, 0xFF, 0xFF, 0xFF, 0xFF, 0xFF, 0xFF, 0xFF, 0xFF, 0xFF,
    0xFF, 0xFF, 0xFF, 0xFF, 0xFF, 0xFF, 0xFF, 0xFF, 0xFF, 0xFF, 0xFF, 0xFF, 0xFE, 0xFE, 0xFF, 0xFF, 0xFF, 0xFF, 0xFF, 0xFF, 0xFE, 0xFF, 0xFF, 0xFF,
    0xFF, 0xFF, 0xFF, 0xFF, 0xFF, 0xFF, 0xFF, 0xFF, 0xFF, 0xFF, 0xFF, 0xFE, 0xFB, 0xFB, 0xFA, 0xF8, 0xFF, 0xFF, 0xFF, 0xFF, 0xFF, 0xFF, 0xFD, 0xFF,
    0xFF, 0xFF, 0xFF, 0xFF, 0xF7, 0xF4, 0xFF, 0xFE, 0xFE, 0xFE, 0xFE, 0xFE, 0xFE, 0xFE, 0xFE, 0xFE, 0xFE, 0xFE, 0xFE, 0xFE, 0xFE, 0xFE, 0xFE, 0xFF,
    0xFF, 0xFF, 0xFF, 0xFF, 0xFF, 0xFF, 0xFF, 0xFF, 0xFF, 0xFF, 0xEF, 0xFB, 0xFF, 0xFD, 0xFF, 0xFF, 0xFF, 0xFF, 0xFF, 0xFF, 0xFF, 0xFF, 0xFF, 0xF2,
    0xFF, 0xFF, 0xFE, 0xFF, 0xFF, 0xFF, 0xFF, 0xFF, 0xFF, 0xFF, 0xFF, 0xFF, 0xFE, 0xFE, 0xFE, 0xFF, 0xFE, 0xFE, 0xFF, 0xFF, 0xFF, 0xFF, 0xFF, 0xFF,
    0xFF, 0xFF, 0xFF, 0xFF, 0xFF, 0xFF, 0xFE, 0xEF, 0xFD, 0xFF, 0xFA, 0xFF, 0xFF, 0xFF, 0xFF, 0xFE, 0xFE, 0xFE, 0xFE, 0xFE, 0xFE, 0xFE, 0xFE, 0xFE,
    0xFE, 0xFE, 0xFE, 0xFE, 0xFE, 0xFE, 0xFE, 0xFE, 0xFE, 0xFE, 0xFE, 0xFE, 0xFE, 0xFE, 0xFE, 0xFE, 0xFF, 0xFF, 0xFD, 0xFF, 0xFF, 0xFD, 0xFF, 0xFF,
    0xFF, 0xFF, 0xFE, 0xFE, 0xFE, 0xFE, 0xFE, 0xFE, 0xFE, 0xFF, 0xFF, 0xFF, 0xFF, 0xFF, 0xFF, 0xFF, 0xFE, 0xFE, 0xFE, 0xFE, 0xFE, 0xFE, 0xFE, 0xFE,
    0xFE, 0xFE, 0xFE, 0xFE, 0xFE, 0xFF, 0xFF, 0xFF, 0xFF, 0xFF, 0xFF, 0xFF, 0xF9, 0xFF, 0xFF, 0xFF, 0xFD, 0xE2, 0xF1, 0xE5, 0xE5, 0xEB, 0xF8, 0xFF,
    0xFF, 0xE6, 0x81, 0x60, 0xB1, 0x85, 0x3D, 0x6F, 0x81, 0x6E, 0xB0, 0xE4, 0x85, 0x39, 0x3E, 0x6F, 0x56, 0xAD, 0xC3, 0x6B, 0xCA, 0xC3, 0xBF, 0xDF,
    0xF4, 0xFF, 0xFF, 0xBB, 0x79, 0xBF, 0x3D, 0x7A, 0x60, 0xF5, 0xC3, 0x41, 0x63, 0x5E, 0x65, 0x78, 0x79, 0x77, 0x79, 0x76, 0x79, 0x60, 0x7E, 0x88,
    0x55, 0x79, 0x81, 0xDA, 0x7D, 0xC7, 0xFF, 0xF8, 0xFF, 0xF4, 0x7F, 0x69, 0xB6, 0x88, 0xAF, 0xCA, 0xD7, 0x5B, 0x5D, 0x75, 0x41, 0x5D, 0xE6, 0xCB,
    0x6B, 0x6E, 0x3D, 0xB0, 0x2E, 0x70, 0x7D, 0xCB, 0xFF, 0xFF, 0xF4, 0xEC, 0xEE, 0xEC, 0xFD, 0xCC, 0xF0, 0xFF, 0xFC, 0xFD, 0xFF, 0xF7, 0xFF, 0x3F,
    0x1A, 0x1D, 0x1D, 0x1A, 0x1A, 0x1A, 0x1A, 0x1A, 0x1A, 0x1A, 0x1A, 0x28, 0x28, 0x28, 0x28, 0x1D, 0x1A, 0x25, 0x25, 0x25, 0x25, 0x25, 0x25, 0x25,
    0x25, 0x25, 0x25, 0x25, 0x25, 0x1A, 0x1A, 0x1A, 0x1A, 0x1A, 0x1A, 0x1A, 0x1A, 0x1D, 0x1A, 0x1A, 0x25, 0x25, 0x25, 0x2F, 0xF5, 0xFF, 0xFB, 0xFF,
    0xFF, 0xFF, 0xFF, 0xFF, 0xFF, 0xFF, 0xFF, 0xFF, 0xF9, 0xF9, 0xFF, 0xF3, 0xFF, 0xFE, 0x2F, 0x25, 0x25, 0x25, 0x25, 0x25, 0x25, 0x25, 0x25, 0x25,
    0x25, 0x25, 0x25, 0x27, 0x25, 0x25, 0x25, 0x25, 0x25, 0x25, 0x25, 0x25, 0x25, 0x25, 0x25, 0x25, 0x25, 0x52, 0xFE, 0xF3, 0xF9, 0xFF, 0xFF, 0xFF,
    0xFF, 0xFF, 0xFF, 0xFF, 0xFF, 0xFF, 0xEC, 0xFF, 0xD5, 0x25, 0x25, 0x25, 0x25, 0x25, 0x25, 0x25, 0x25, 0x25, 0x25, 0x25, 0x25, 0x25, 0x25, 0x25,
    0x25, 0x25, 0x25, 0x25, 0x25, 0x25, 0x25, 0x25, 0x25, 0x25, 0x25, 0x25, 0x25, 0x25, 0xB9, 0xFE, 0xF3, 0xF9, 0xFC, 0xFF, 0xD0, 0x25, 0x25, 0x27,
    0x27, 0x27, 0x27, 0x27, 0x27, 0x27, 0x27, 0x27, 0x27, 0x27, 0x27, 0x25, 0x25, 0x27, 0x27, 0x25, 0x27, 0x27, 0x27, 0x27, 0x27, 0x25, 0x25, 0x27,
    0x1A, 0x29, 0xFF, 0xF9, 0xFF, 0xFD, 0xFF, 0xDF, 0x29, 0x25, 0x25, 0x25, 0x25, 0x25, 0x25, 0x25, 0x25, 0x25, 0x25, 0x25, 0x25, 0x25, 0x25, 0x25,
    0x25, 0x25, 0x25, 0x27, 0x27, 0x25, 0x25, 0x27, 0x27, 0x27, 0x27, 0x27, 0x25, 0x25, 0x25, 0x25, 0x25, 0xF4, 0xFF, 0xFD, 0xFD, 0xFD, 0xFF, 0xFF,
    0xFF, 0xDE, 0xF0, 0xEC, 0xF4, 0xEE, 0xF8, 0xFF, 0xFF, 0xCA, 0x5C, 0x60, 0xBD, 0xBE, 0x38, 0xB1, 0x6C, 0xBA, 0xE8, 0x56, 0x38, 0x7D, 0x5D, 0x5D,
    0x5D, 0x40, 0x3E, 0xB0, 0xDF, 0xC2, 0xC3, 0xFF, 0xFF, 0xF9, 0xFF, 0xBA, 0x72, 0xC9, 0x5C, 0x7A, 0x64, 0xB0, 0x5F, 0x63, 0x63, 0x5E, 0x74, 0x79,
    0x76, 0x79, 0x79, 0x79, 0x78, 0x79, 0x6E, 0x5B, 0x6E, 0x6E, 0xED, 0xF8, 0xBE, 0xCA, 0xFF, 0xFF, 0xFF, 0xFF, 0xFF, 0xB5, 0x6A, 0xAF, 0xAD, 0xBA,
    0xCA, 0x5D, 0x72, 0x80, 0x77, 0x5D, 0x43, 0xCA, 0xE0, 0x71, 0x38, 0x85, 0x34, 0x6D, 0x75, 0xCC, 0xFF, 0xFF, 0xEE, 0xE1, 0xEC, 0xEC, 0xF9, 0xD9,
    0xF1, 0xFF, 0xFA, 0xFF, 0xFF, 0xF8, 0xFC, 0x51, 0x08, 0x01, 0x04, 0x00, 0x00, 0x00, 0x00, 0x00, 0x00, 0x00, 0x00, 0x00, 0x00, 0x00, 0x00, 0x00,
    0x00, 0x04, 0x04, 0x04, 0x04, 0x04, 0x04, 0x04, 0x00, 0x00, 0x00, 0x00, 0x00, 0x00, 0x04, 0x04, 0x00, 0x00, 0x04, 0x04, 0x04, 0x04, 0x04, 0x04,
    0x04, 0x04, 0x01, 0x08, 0x91, 0x99, 0xFF, 0xFB, 0xFD, 0xFA, 0xFF, 0xFF, 0xFF, 0xFF, 0xFD, 0xFF, 0xFF, 0xFF, 0xF2, 0xFF, 0xC8, 0x17, 0x02, 0x04,
    0x04, 0x04, 0x04, 0x04, 0x04, 0x04, 0x04, 0x04, 0x04, 0x04, 0x04, 0x00, 0x04, 0x04, 0x04, 0x04, 0x04, 0x04, 0x04, 0x04, 0x04, 0x04, 0x04, 0x04,
    0x04, 0x0C, 0x8E, 0xF5, 0xFA, 0xF7, 0xFF, 0xFF, 0xFF, 0xFF, 0xF9, 0xFD, 0xFF, 0xEF, 0xFE, 0x9C, 0x14, 0x00, 0x00, 0x04, 0x04, 0x04, 0x04, 0x04,
    0x04, 0x04, 0x00, 0x04, 0x04, 0x04, 0x04, 0x04, 0x04, 0x04, 0x04, 0x04, 0x04, 0x04, 0x04, 0x04, 0x04, 0x04, 0x04, 0x04, 0x04, 0x00, 0x14, 0x8F,
    0xF5, 0xFD, 0xEF, 0xFE, 0xAB, 0x11, 0x01, 0x00, 0x04, 0x01, 0x01, 0x01, 0x04, 0x04, 0x04, 0x01, 0x01, 0x01, 0x01, 0x02, 0x02, 0x02, 0x04, 0x02,
    0x01, 0x01, 0x02, 0x02, 0x01, 0x04, 0x01, 0x00, 0x00, 0x1A, 0xFE, 0xF4, 0xFA, 0xF9, 0xF8, 0xE5, 0x0C, 0x00, 0x01, 0x00, 0x04, 0x04, 0x04, 0x04,
    0x04, 0x04, 0x04, 0x04, 0x04, 0x04, 0x04, 0x04, 0x04, 0x01, 0x01, 0x01, 0x01, 0x04, 0x04, 0x01, 0x01, 0x01, 0x01, 0x01, 0x01, 0x04, 0x02, 0x05,
    0x25, 0xF7, 0xF7, 0xFF, 0xFF, 0xFA, 0xFF, 0xFF, 0xF8, 0xDC, 0xEE, 0xDC, 0xDE, 0xDC, 0xF4, 0xFF, 0xFF, 0xD9, 0x6E, 0x41, 0x7D, 0xB0, 0x3D, 0x80,
    0xD9, 0xE0, 0x3E, 0x41, 0x88, 0x71, 0x58, 0x58, 0x6D, 0x6B, 0x7E, 0xDB, 0xC7, 0xDF, 0xFF, 0xFD, 0xFF, 0xFD, 0xFF, 0xC7, 0xC3, 0xFF, 0xA2, 0x64,
    0x65, 0x5C, 0x64, 0x65, 0x73, 0x63, 0x64, 0x73, 0x74, 0x76, 0x78, 0x77, 0x74, 0x75, 0x80, 0x76, 0x79, 0x5F, 0xB1, 0xFF, 0xFF, 0xF8, 0xFD, 0xFF,
    0xFF, 0xF9, 0xFF, 0xFF, 0xD6, 0x70, 0x89, 0xB4, 0xBB, 0xB0, 0x72, 0x6E, 0x6C, 0x6F, 0x5D, 0x40, 0xB4, 0xC9, 0x34, 0xA2, 0x58, 0x71, 0x6F, 0xCC,
    0xFF, 0xFF, 0xF1, 0xDC, 0xD9, 0xD0, 0xF6, 0xB7, 0xE5, 0xFF, 0xFD, 0xFF, 0xFD, 0xFF, 0xF7, 0xFF, 0xD4, 0x22, 0x0A, 0x08, 0x07, 0x07, 0x07, 0x07,
    0x07, 0x07, 0x07, 0x07, 0x07, 0x07, 0x07, 0x07, 0x07, 0x07, 0x07, 0x07, 0x07, 0x07, 0x07, 0x07, 0x07, 0x07, 0x07, 0x07, 0x07, 0x07, 0x07, 0x07,
    0x07, 0x07, 0x07, 0x07, 0x0E, 0x06, 0x07, 0x07, 0x07, 0x07, 0x07, 0x07, 0x14, 0x45, 0x97, 0xFE, 0xFF, 0xFB, 0xFF, 0xFF, 0xFD, 0xFF, 0xFF, 0xFD,
    0xFD, 0xF2, 0xFF, 0x95, 0x11, 0x04, 0x07, 0x07, 0x07, 0x07, 0x07, 0x07, 0x07, 0x07, 0x07, 0x07, 0x07, 0x07, 0x07, 0x07, 0x07, 0x07, 0x07, 0x07,
    0x07, 0x07, 0x07, 0x07, 0x07, 0x07, 0x07, 0x07, 0x07, 0x07, 0x0C, 0x8C, 0xE9, 0xF8, 0xF7, 0xFF, 0xF9, 0xFF, 0xFF, 0xF9, 0xF7, 0xFE, 0x4B, 0x0B,
    0x06, 0x07, 0x07, 0x07, 0x07, 0x07, 0x07, 0x07, 0x07, 0x07, 0x07, 0x07, 0x07, 0x07, 0x07, 0x07, 0x07, 0x07, 0x07, 0x07, 0x07, 0x07, 0x07, 0x07,
    0x07, 0x07, 0x07, 0x07, 0x07, 0x07, 0x07, 0x0D, 0x24, 0xE6, 0xF5, 0xFD, 0xD3, 0x8B, 0x18, 0x07, 0x07, 0x07, 0x07, 0x07, 0x07, 0x07, 0x07, 0x07,
    0x07, 0x07, 0x07, 0x07, 0x07, 0x07, 0x07, 0x07, 0x07, 0x07, 0x07, 0x07, 0x07, 0x07, 0x07, 0x07, 0x22, 0xEA, 0xFE, 0xF7, 0xF4, 0xEE, 0xFE, 0x94,
    0x17, 0x07, 0x07, 0x07, 0x07, 0x07, 0x07, 0x07, 0x07, 0x07, 0x07, 0x07, 0x07, 0x06, 0x07, 0x07, 0x07, 0x07, 0x07, 0x07, 0x07, 0x07, 0x07, 0x07,
    0x07, 0x07, 0x07, 0x07, 0x07, 0x0C, 0x14, 0x50, 0xFF, 0xFB, 0xF9, 0xFF, 0xFF, 0xFF, 0xFF, 0xFF, 0xFF, 0xDF, 0xE3, 0xC8, 0xDC, 0xE5, 0xF7, 0xF9,
    0xFF, 0xC9, 0x55, 0x60, 0x6B, 0x82, 0x5D, 0xE5, 0xC9, 0x6A, 0x41, 0x6F, 0x6F, 0x71, 0x58, 0x55, 0x55, 0xBB, 0xDB, 0xBF, 0xED, 0xFF, 0xFF, 0xFF,
    0xFA, 0xFF, 0xFD, 0xF8, 0xFF, 0xDD, 0x41, 0x65, 0x64, 0x79, 0x74, 0x62, 0x74, 0x73, 0x74, 0x78, 0x74, 0x78, 0x64, 0x74, 0x76, 0x6E, 0x73, 0x73,
    0x73, 0x62, 0x75, 0xFF, 0xAF, 0xED, 0xFF, 0xFD, 0xF9, 0xFF, 0xC9, 0xDA, 0xFF, 0xE8, 0x6D, 0x6A, 0xBF, 0x71, 0x5D, 0x71, 0x72, 0x5D, 0x71, 0xD7,
    0x6C, 0xAF, 0xE4, 0xCB, 0x58, 0x77, 0x6B, 0xC3, 0xFF, 0xFF, 0xF1, 0xE3, 0xED, 0xDF, 0xF1, 0xC9, 0xE5, 0xFF, 0xF9, 0xFF, 0xFF, 0xFF, 0xFF, 0xF4,
    0xEA, 0xFB, 0x25, 0x0A, 0x08, 0x07, 0x1E, 0x7B, 0x31, 0x2B, 0x32, 0x33, 0x33, 0x2A, 0x2A, 0x32, 0x2C, 0x32, 0x31, 0x31, 0x36, 0x32, 0x31, 0x32,
    0x31, 0x31, 0x31, 0x32, 0x36, 0x31, 0x36, 0x33, 0x2E, 0x32, 0x34, 0x2E, 0x3C, 0x32, 0x31, 0x32, 0x36, 0x7B, 0x19, 0x07, 0x07, 0x1A, 0x45, 0x90,
    0xF8, 0xFF, 0xFB, 0xFF, 0xFF, 0xF9, 0xFF, 0xF3, 0xF9, 0xFE, 0x4B, 0x0B, 0x06, 0x07, 0x07, 0x31, 0x31, 0x1F, 0x2B, 0x31, 0x31, 0x32, 0x1F, 0x2B,
    0x2B, 0x32, 0x36, 0x36, 0x37, 0x33, 0x2C, 0x2E, 0x2E, 0x33, 0x2A, 0x31, 0x32, 0x32, 0x32, 0x37, 0x1E, 0x07, 0x07, 0x0C, 0x22, 0xD3, 0xF5, 0xF7,
    0xFD, 0xFF, 0xF3, 0xFF, 0xFE, 0x24, 0x09, 0x06, 0x07, 0x0E, 0x3C, 0x32, 0x31, 0x36, 0x32, 0x31, 0x31, 0x2B, 0x31, 0x2B, 0x32, 0x32, 0x31, 0x31,
    0x32, 0x2B, 0x32, 0x32, 0x32, 0x32, 0x36, 0x31, 0x32, 0x31, 0x2A, 0x31, 0x42, 0x2A, 0x07, 0x07, 0x0C, 0x22, 0xD2, 0xFE, 0x8F, 0x48, 0x8D, 0x1A,
    0x06, 0x1B, 0x44, 0x32, 0x32, 0x2C, 0x2B, 0x37, 0x3C, 0x32, 0x32, 0x31, 0x31, 0x32, 0x32, 0x2B, 0x37, 0x37, 0x31, 0x2B, 0x31, 0x37, 0x1C, 0x0E,
    0x17, 0x8F, 0xFC, 0xF7, 0xF8, 0xF3, 0xF8, 0x47, 0x16, 0x07, 0x0E, 0x37, 0x32, 0x3B, 0x32, 0x31, 0x2B, 0x33, 0x33, 0x33, 0x32, 0x32, 0x2C, 0x2B,
    0x2B, 0x36, 0x37, 0x36, 0x31, 0x31, 0x2B, 0x31, 0x84, 0x1B, 0x07, 0x0C, 0x0D, 0x24, 0xCD, 0xFB, 0xD2, 0xFF, 0xFD, 0xFF, 0xF9, 0xFA, 0xFF, 0xFF,
    0xF8, 0xDE, 0xD9, 0xCC, 0xED, 0xEC, 0xF7, 0xFF, 0xFF, 0xCA, 0x41, 0x75, 0x57, 0x6D, 0xE0, 0xB3, 0x38, 0xAD, 0xAF, 0x43, 0x75, 0x6C, 0x40, 0x7E,
    0xBD, 0xB0, 0xCA, 0xFF, 0xFF, 0x7C, 0xC9, 0xF8, 0xFF, 0xFD, 0xFF, 0xDD, 0xAF, 0xD6, 0x34, 0x76, 0x74, 0x6E, 0x6C, 0x63, 0x78, 0x72, 0x76, 0x74,
    0x76, 0x73, 0x63, 0x76, 0x76, 0x75, 0x76, 0x73, 0x63, 0x62, 0x77, 0xFF, 0x70, 0xB0, 0xF0, 0xFF, 0xFD, 0xF8, 0xC3, 0x38, 0xAF, 0xFF, 0xFD, 0xB3,
    0x6D, 0xB3, 0x7F, 0x59, 0x72, 0x61, 0x7D, 0xF4, 0xBB, 0x34, 0x34, 0xDD, 0xBD, 0x6B, 0x6C, 0xCA, 0xFF, 0xFF, 0xF1, 0xD9, 0xD9, 0xD7, 0xF8, 0xBD,
    0xE6, 0xFF, 0xF9, 0xFF, 0xFF, 0xF9, 0xFD, 0xFF, 0xAA, 0x93, 0xEC, 0x2F, 0x11, 0x09, 0x0C, 0x1F, 0x87, 0x69, 0xB5, 0xC0, 0x87, 0x84, 0xC0, 0xE8,
    0x84, 0x89, 0xC0, 0x44, 0xF9, 0xB5, 0x84, 0xE6, 0xB3, 0xB3, 0x84, 0xB3, 0x89, 0x89, 0xB3, 0x68, 0xC1, 0xD8, 0x7B, 0xD8, 0xDD, 0xB5, 0xB5, 0xC0,
    0xC1, 0xD6, 0x87, 0x1B, 0x07, 0x07, 0x18, 0x45, 0x8B, 0xD4, 0xFF, 0xFB, 0xFF, 0xFF, 0xEE, 0xFE, 0xF5, 0x24, 0x09, 0x06, 0x07, 0x0E, 0x84, 0xC1,
    0xE6, 0x3C, 0x87, 0xC9, 0x89, 0xC1, 0x7B, 0xB5, 0x87, 0x89, 0x89, 0x7B, 0x87, 0xB5, 0x44, 0xB5, 0x84, 0x84, 0xD5, 0xB5, 0xDD, 0xC0, 0xC1, 0xB5,
    0x87, 0x3B, 0x07, 0x07, 0x0C, 0x21, 0x98, 0xFE, 0xF8, 0xF7, 0xFE, 0xDE, 0x17, 0x08, 0x07, 0x07, 0x0E, 0x84, 0xB5, 0x84, 0x89, 0x68, 0x68, 0x68,
    0x3C, 0x68, 0xD8, 0x44, 0xB5, 0xDA, 0x7B, 0x87, 0xC0, 0x68, 0xB5, 0xDA, 0x84, 0xC1, 0xDA, 0x68, 0x87, 0x87, 0x84, 0xDD, 0xC1, 0xC0, 0x37, 0x0E,
    0x07, 0x0C, 0x22, 0xAC, 0x90, 0x8A, 0x8A, 0x8A, 0x12, 0x0C, 0x44, 0xB5, 0x87, 0xE6, 0x87, 0x89, 0xDA, 0xD6, 0xB5, 0x87, 0x7B, 0xB5, 0x87, 0x84,
    0xDD, 0xD6, 0x7B, 0x84, 0xC1, 0xE4, 0x2C, 0x07, 0x0C, 0x46, 0xFE, 0xFD, 0xFD, 0xFF, 0xEF, 0x16, 0x0C, 0x07, 0x0E, 0xFF, 0x87, 0xD5, 0x87, 0x84,
    0x84, 0xC0, 0x87, 0x87, 0xB5, 0xB5, 0xD6, 0xC1, 0x87, 0xC0, 0xFD, 0xC0, 0x84, 0xB3, 0x84, 0xC0, 0x31, 0x0E, 0x0C, 0x11, 0x25, 0xFF, 0xAC, 0x8E,
    0xD3, 0xFD, 0xFD, 0xFF, 0xFF, 0xFF, 0xFF, 0xFF, 0xFD, 0xC8, 0xED, 0xCF, 0xD9, 0xDC, 0xF9, 0xFF, 0xFF, 0xDD, 0x5D, 0x5C, 0x71, 0xE4, 0x85, 0x2E,
    0x7E, 0xF1, 0xAF, 0x43, 0x72, 0x55, 0x69, 0xDF, 0xBB, 0xDD, 0xFF, 0xED, 0x3E, 0x28, 0xC9, 0xED, 0xFF, 0xFF, 0xDD, 0x6D, 0x85, 0xDA, 0x39, 0x63,
    0x72, 0x74, 0x72, 0x62, 0x65, 0x77, 0x74, 0x76, 0x63, 0x73, 0x73, 0x78, 0x78, 0x73, 0x73, 0x73, 0x63, 0x62, 0x74, 0xED, 0x7E, 0x71, 0xAF, 0xF8,
    0xFA, 0xF4, 0xBF, 0x2D, 0x58, 0xBE, 0xF8, 0xFF, 0xBD, 0x59, 0xB4, 0x85, 0x5D, 0x61, 0x7E, 0xE4, 0x70, 0x34, 0x41, 0x39, 0xD8, 0xCA, 0x58, 0xCA,
    0xFF, 0xFF, 0xF0, 0xCC, 0xD9, 0xC7, 0xF0, 0xB0, 0xD9, 0xFF, 0xFD, 0xFF, 0xFF, 0xFD, 0xFF, 0xF9, 0xFF, 0xAA, 0x90, 0xD3, 0x66, 0x14, 0x08, 0x04,
    0x1B, 0xB5, 0x87, 0x68, 0x89, 0xF5, 0xE8, 0x87, 0x31, 0x44, 0xB5, 0x36, 0x84, 0x44, 0x3C, 0xD6, 0x84, 0x84, 0x84, 0x87, 0x3C, 0x87, 0x7B, 0x37,
    0xB5, 0x7B, 0x44, 0x84, 0x7B, 0xC0, 0xDD, 0x87, 0x87, 0xB5, 0x68, 0xD8, 0x3B, 0x07, 0x07, 0x18, 0x45, 0x8A, 0xAB, 0xFE, 0xFB, 0xEF, 0xFE, 0xC4,
    0x17, 0x08, 0x07, 0x07, 0x19, 0x87, 0xB5, 0x84, 0x87, 0x84, 0xC0, 0x87, 0x7B, 0x87, 0x32, 0x87, 0x36, 0x37, 0x32, 0x31, 0x7B, 0x3B, 0x2C, 0xD5,
    0xB5, 0x87, 0x87, 0x3C, 0xC1, 0xC1, 0x87, 0x87, 0x87, 0x7B, 0x37, 0x0E, 0x07, 0x07, 0x17, 0x98, 0xFB, 0xFE, 0xAB, 0x15, 0x05, 0x07, 0x07, 0x0F,
    0xB5, 0x84, 0x44, 0x7B, 0xC0, 0x36, 0x44, 0xE0, 0x31, 0x3C, 0xD6, 0x7B, 0xDD, 0xC1, 0x37, 0x3C, 0x44, 0x36, 0x68, 0x84, 0x31, 0x7B, 0x84, 0x37,
    0xC1, 0x7B, 0x7B, 0xF4, 0x89, 0x44, 0x87, 0x84, 0x0F, 0x07, 0x07, 0x17, 0x8C, 0x97, 0x46, 0x8A, 0x46, 0x08, 0x19, 0x84, 0x87, 0xC0, 0x7B, 0x68,
    0xD6, 0xC0, 0x84, 0x87, 0x68, 0x7B, 0x87, 0x84, 0x7B, 0x84, 0x68, 0x7B, 0x87, 0xB5, 0x2C, 0x07, 0x0E, 0x48, 0xD4, 0xFD, 0xF1, 0xFE, 0x8E, 0x20,
    0x07, 0x07, 0x2B, 0xD5, 0x87, 0xB5, 0x87, 0x3C, 0x37, 0x68, 0x44, 0x7B, 0x84, 0x7B, 0x87, 0xC0, 0x7B, 0x68, 0x84, 0x7B, 0x7B, 0x7B, 0x87, 0x1C,
    0x07, 0x0C, 0x11, 0x27, 0xFF, 0x98, 0x90, 0xE9, 0xFF, 0xFD, 0xF9, 0xF9, 0xFF, 0xFA, 0xFF, 0xFF, 0xF8, 0xC8, 0xE6, 0xC8, 0xCC, 0xDF, 0xF9, 0xFF,
    0xFF, 0xCA, 0x3E, 0xBF, 0xE8, 0x70, 0x41, 0x5D, 0x6D, 0xE6, 0xB6, 0x56, 0x5D, 0xB3, 0xBE, 0xC7, 0xDB, 0xFF, 0xE4, 0x40, 0x2E, 0x2E, 0xD6, 0xE8,
    0xFF, 0xF0, 0x7E, 0x6D, 0x85, 0xD6, 0x38, 0x63, 0x64, 0x78, 0x76, 0x74, 0x73, 0x76, 0x76, 0x77, 0x64, 0x74, 0x79, 0x76, 0x63, 0x73, 0x6E, 0x73,
    0x63, 0x73, 0x62, 0xE3, 0x71, 0x71, 0x6C, 0xE0, 0xF6, 0xF5, 0xB0, 0x2D, 0x72, 0x6E, 0x71, 0xF0, 0xFF, 0xDA, 0x6D, 0x6D, 0xBD, 0x71, 0x6C, 0xAE,
    0x69, 0x55, 0x77, 0x5D, 0x39, 0xC0, 0xDD, 0xDD, 0xFF, 0xFF, 0xED, 0xD9, 0xD9, 0xD7, 0xF4, 0xAE, 0xC3, 0xFF, 0xF9, 0xFD, 0xFF, 0xFF, 0xFF, 0xFF,
    0xF7, 0xFF, 0xAC, 0x90, 0xD3, 0xC4, 0x14, 0x0D, 0x0C, 0x1A, 0xD8, 0x44, 0x87, 0xD8, 0x87, 0x89, 0x68, 0xD6, 0xC1, 0x3C, 0xB5, 0x87, 0x44, 0xDA,
    0x87, 0x89, 0xE6, 0xD8, 0x84, 0x87, 0x44, 0x32, 0x87, 0xB5, 0x7B, 0x84, 0x3C, 0x87, 0xC0, 0x89, 0x84, 0x89, 0x44, 0x7B, 0xD6, 0x32, 0x0E, 0x07,
    0x0E, 0x45, 0x8A, 0x9A, 0xFA, 0xFF, 0x96, 0x14, 0x06, 0x07, 0x07, 0x1E, 0xC1, 0x3C, 0x37, 0xC0, 0x7B, 0xB5, 0xC1, 0xC0, 0x44, 0x3C, 0x68, 0xDD,
    0x68, 0x84, 0x44, 0x37, 0x84, 0x84, 0x37, 0x87, 0xB5, 0x87, 0x87, 0x84, 0x3C, 0x44, 0x44, 0x87, 0x87, 0x68, 0x87, 0x87, 0x0F, 0x07, 0x07, 0x0D,
    0x47, 0x96, 0x0D, 0x0C, 0x07, 0x07, 0x19, 0xC0, 0x87, 0x44, 0x68, 0xB5, 0xC0, 0x7B, 0x84, 0xD6, 0x68, 0x87, 0xD6, 0x7B, 0x87, 0xC1, 0xB5, 0xC0,
    0x68, 0x68, 0x87, 0xB5, 0x3C, 0x7B, 0xC0, 0x44, 0x89, 0x7B, 0x44, 0xDD, 0x68, 0x7B, 0x7B, 0xB5, 0xD8, 0x1B, 0x07, 0x07, 0x0D, 0x8B, 0x8E, 0x8B,
    0x47, 0x0B, 0x0E, 0x3C, 0xC0, 0x7B, 0x68, 0x84, 0xB5, 0x87, 0x7B, 0x3C, 0x84, 0x84, 0x87, 0x44, 0x3C, 0x84, 0x87, 0x7B, 0xB5, 0x87, 0xC1, 0x19,
    0x0E, 0x21, 0x97, 0xF8, 0xF3, 0xE9, 0x45, 0x16, 0x07, 0x07, 0xB5, 0x84, 0x84, 0x87, 0x84, 0x87, 0x7B, 0x84, 0x44, 0x68, 0x7B, 0x44, 0x89, 0xC1,
    0x7B, 0x87, 0xB3, 0x84, 0x87, 0xD5, 0x1E, 0x0C, 0x0C, 0x15, 0x96, 0xFF, 0x90, 0x97, 0xFB, 0xFF, 0xFD, 0xFF, 0xFF, 0xFF, 0xFA, 0xFF, 0xFD, 0xFF,
    0xF9, 0xC2, 0xDF, 0xC7, 0xCF, 0xE2, 0xF9, 0xFF, 0xFF, 0xD6, 0xC7, 0xD6, 0x3E, 0x41, 0x5D, 0x5D, 0x34, 0x7C, 0x5A, 0x6B, 0xBE, 0xC3, 0xBF, 0xED,
    0xFF, 0xAF, 0x39, 0x6B, 0x43, 0x34, 0xBF, 0xE0, 0xFF, 0xBE, 0x70, 0x6F, 0x7F, 0xCA, 0x2E, 0x74, 0x64, 0x6E, 0x73, 0x74, 0x78, 0x74, 0x73, 0x79,
    0x74, 0x74, 0x78, 0x76, 0x79, 0x76, 0x73, 0x64, 0x73, 0x73, 0x5E, 0xDB, 0x71, 0x7D, 0x71, 0xD7, 0xF8, 0xF1, 0xAF, 0x2D, 0x71, 0x77, 0x51, 0x5B,
    0xE0, 0xFF, 0xE8, 0x88, 0x88, 0xBE, 0x5A, 0x75, 0x58, 0x61, 0x6C, 0x6C, 0x6B, 0x34, 0x85, 0xFF, 0xF9, 0xFF, 0xED, 0xC2, 0xD9, 0xCB, 0xF0, 0xAE,
    0xD7, 0xF9, 0xF6, 0xFF, 0xFD, 0xFF, 0xFF, 0xFF, 0xFF, 0xF3, 0xFF, 0xD4, 0x90, 0xAC, 0xDE, 0x14, 0x09, 0x0D, 0xD5, 0x84, 0x68, 0xC0, 0x3C, 0x84,
    0xC0, 0x7B, 0x87, 0x44, 0x87, 0x84, 0x3C, 0xC1, 0xB3, 0x68, 0x87, 0x87, 0xC0, 0x68, 0x37, 0x7B, 0x87, 0x7B, 0x7B, 0xB5, 0x3C, 0x37, 0xD8, 0xB5,
    0x89, 0xB5, 0x84, 0x87, 0x87, 0xC0, 0x44, 0x0E, 0x07, 0x0E, 0x17, 0x45, 0x98, 0x50, 0x0D, 0x06, 0x07, 0x0E, 0x42, 0x44, 0x68, 0x68, 0x37, 0xD8,
    0x84, 0x84, 0xB3, 0x87, 0x36, 0x32, 0x87, 0xB5, 0x44, 0x84, 0xB5, 0xB3, 0x3C, 0xB5, 0x44, 0x36, 0x3C, 0x42, 0xDA, 0xDA, 0x68, 0x3B, 0x68, 0x7B,
    0x87, 0x7B, 0x3C, 0x87, 0xD5, 0x19, 0x07, 0x07, 0x1A, 0x96, 0x06, 0x07, 0x07, 0x2A, 0xE0, 0x87, 0x87, 0x36, 0x44, 0xB5, 0x37, 0x87, 0xB5, 0x3C,
    0xC1, 0xDA, 0xDD, 0x3C, 0x37, 0xE6, 0xB3, 0xB5, 0x44, 0x7B, 0xD6, 0xB5, 0x44, 0x44, 0x68, 0x2B, 0x32, 0x68, 0x36, 0x7B, 0x44, 0x89, 0xB5, 0x87,
    0x89, 0xF5, 0x2A, 0x07, 0x07, 0x0C, 0x3A, 0x9A, 0x47, 0x0A, 0x0C, 0x36, 0x7B, 0x68, 0x3C, 0x44, 0x3C, 0x44, 0x3C, 0x36, 0x84, 0x84, 0x87, 0x68,
    0x3C, 0x7B, 0x7B, 0x7B, 0xB5, 0x7B, 0xDD, 0x1C, 0x07, 0x0D, 0x90, 0xF5, 0xFF, 0x99, 0x21, 0x0C, 0x07, 0x0E, 0x7B, 0x44, 0x68, 0xC0, 0x44, 0x87,
    0x87, 0x87, 0x87, 0x44, 0x7B, 0x68, 0xB5, 0x87, 0x68, 0x84, 0xC0, 0x7B, 0x84, 0xD8, 0x0F, 0x08, 0x12, 0xAB, 0xFB, 0x8D, 0x98, 0xFF, 0xFD, 0xFD,
    0xFF, 0xFD, 0xFF, 0xFD, 0xFD, 0xFF, 0xFA, 0xFD, 0xF6, 0xBB, 0xDF, 0xC2, 0xC8, 0xCC, 0xF1, 0xFF, 0xFD, 0xFF, 0x89, 0x34, 0x40, 0x59, 0x43, 0x41,
    0x40, 0x38, 0x7F, 0xED, 0xC7, 0xCA, 0xFF, 0xFF, 0x43, 0x38, 0x58, 0x6B, 0x3E, 0x2E, 0xD6, 0xF1, 0xFF, 0x7F, 0x69, 0x6B, 0x7C, 0xBF, 0x34, 0x9E,
    0x62, 0x61, 0x6E, 0x73, 0x78, 0x74, 0x6E, 0x74, 0x76, 0x79, 0x74, 0x78, 0x83, 0x73, 0x83, 0x73, 0x62, 0x74, 0xB1, 0xE4, 0xAF, 0x71, 0x6C, 0xE4,
    0xD7, 0xF9, 0xC1, 0x29, 0x6C, 0x80, 0x75, 0x60, 0x57, 0xC7, 0xFF, 0xFF, 0xB0, 0x6D, 0xD9, 0xB4, 0x40, 0x61, 0x72, 0x6C, 0x71, 0x72, 0x3A, 0xBB,
    0xFF, 0xFF, 0xED, 0xC2, 0xDF, 0xD7, 0xF0, 0xAF, 0xC1, 0xFD, 0xF1, 0xFF, 0xFD, 0xFF, 0xFF, 0xFF, 0xFF, 0xFF, 0xFB, 0xFF, 0xE9, 0x91, 0x97, 0x11,
    0x08, 0x0F, 0xB5, 0x84, 0x84, 0xD5, 0x44, 0x3C, 0xB5, 0x36, 0x68, 0x44, 0x44, 0x68, 0x3C, 0x6D, 0x2C, 0x68, 0x84, 0x32, 0xC0, 0x3C, 0x36, 0xC0,
    0x89, 0x3C, 0x44, 0x44, 0x68, 0x87, 0xE0, 0x68, 0x68, 0x84, 0x84, 0x84, 0xB5, 0x37, 0x84, 0x89, 0x0F, 0x07, 0x0E, 0x47, 0x8D, 0x24, 0x06, 0x07,
    0x0F, 0x7B, 0x87, 0x32, 0x3C, 0x37, 0x36, 0x87, 0x3C, 0x36, 0x68, 0x37, 0x3B, 0x7B, 0x3C, 0x44, 0x31, 0x31, 0x3C, 0x44, 0x32, 0x3C, 0x7B, 0x3C,
    0x3C, 0x32, 0xB5, 0xB5, 0xD6, 0x44, 0x36, 0x3C, 0x3C, 0x3C, 0x37, 0x68, 0x3C, 0xD8, 0x1B, 0x07, 0x7B, 0xFF, 0x0D, 0x07, 0x1E, 0xB5, 0x44, 0x3C,
    0x7B, 0x44, 0x68, 0x68, 0x2C, 0x7B, 0x7B, 0x32, 0x3B, 0x44, 0x84, 0x37, 0x44, 0xDA, 0x7B, 0x68, 0x3C, 0x37, 0x7B, 0x7B, 0x32, 0x2C, 0x68, 0x44,
    0x3C, 0x3C, 0x36, 0x87, 0x3C, 0x89, 0xF9, 0x84, 0x68, 0x68, 0x87, 0x42, 0x0E, 0x07, 0x87, 0xFF, 0x4B, 0x0A, 0x0C, 0x36, 0x3C, 0x37, 0x36, 0x3C,
    0x3C, 0x87, 0x7B, 0x37, 0xB5, 0x7B, 0x7B, 0x44, 0x3C, 0x7B, 0x7B, 0x3C, 0x84, 0x44, 0x89, 0x7B, 0x0E, 0x0E, 0x21, 0xD3, 0xFC, 0x48, 0x21, 0x07,
    0x07, 0x33, 0x7B, 0x36, 0x36, 0x87, 0x37, 0x44, 0x7B, 0x7B, 0x84, 0x3C, 0x3C, 0x3C, 0x44, 0x37, 0x36, 0x68, 0x84, 0x3C, 0x3B, 0x87, 0x0F, 0x05,
    0x15, 0xAB, 0x91, 0xAA, 0xFF, 0xFB, 0xFD, 0xFF, 0xFF, 0xFF, 0xFF, 0xFD, 0xFF, 0xFF, 0xFD, 0xFF, 0xF8, 0xC2, 0xE4, 0xBB, 0xC2, 0xCC, 0xF8, 0xFF,
    0xFF, 0x70, 0x28, 0x40, 0x6B, 0x56, 0x59, 0x41, 0x3E, 0xA2, 0xDB, 0xC2, 0xE0, 0xFF, 0xD6, 0x69, 0x39, 0x6E, 0x80, 0x6F, 0x39, 0x2E, 0xDD, 0xE6,
    0xB4, 0x85, 0x69, 0x58, 0xAF, 0xD6, 0x3E, 0x83, 0x5D, 0x72, 0x76, 0x78, 0x5F, 0x5D, 0x43, 0x5D, 0x7A, 0x74, 0x73, 0x63, 0x63, 0x72, 0xB2, 0xA2,
    0x51, 0x79, 0x63, 0xE4, 0xF0, 0xC9, 0x71, 0xAE, 0x82, 0xF6, 0x6D, 0x28, 0x6E, 0x81, 0x72, 0x77, 0x6C, 0x5B, 0x7D, 0xF4, 0xFF, 0xE6, 0xAD, 0xAF,
    0xB0, 0x58, 0x55, 0x58, 0x6C, 0x88, 0x5D, 0x80, 0xF8, 0xFF, 0xE6, 0xC2, 0xCB, 0xCA, 0xF4, 0xAF, 0xBE, 0xF3, 0xE7, 0xF6, 0xFF, 0xFF, 0xFF, 0xFF,
    0xFF, 0xFF, 0xFF, 0xF6, 0xFE, 0xFB, 0x99, 0x12, 0x08, 0x0E, 0xD8, 0x7B, 0x3B, 0x3C, 0x37, 0x44, 0xB5, 0x32, 0x87, 0x7B, 0xC0, 0x84, 0x44, 0xC0,
    0x3C, 0x7B, 0x68, 0x1E, 0x87, 0x3C, 0x32, 0x7B, 0x87, 0x37, 0x44, 0x3B, 0xB5, 0xC0, 0x87, 0x44, 0x7B, 0x7B, 0x3C, 0x3C, 0xB5, 0x37, 0x44, 0x89,
    0xB5, 0x0E, 0x0E, 0x98, 0xFB, 0x94, 0x0D, 0x0E, 0xB5, 0x7B, 0x44, 0x7B, 0x87, 0x44, 0x3C, 0x89, 0x68, 0x37, 0x87, 0x68, 0x3B, 0x87, 0x36, 0x36,
    0x37, 0x31, 0x31, 0x68, 0x32, 0x36, 0x37, 0x3C, 0x68, 0x32, 0x37, 0x44, 0xC1, 0x87, 0x32, 0x7B, 0x87, 0x7B, 0x84, 0x87, 0x36, 0x87, 0x19, 0x07,
    0x44, 0xFD, 0x14, 0x07, 0x36, 0x89, 0x68, 0x3C, 0x68, 0x36, 0x68, 0xC0, 0x44, 0x84, 0x68, 0x36, 0x3C, 0x3C, 0x7B, 0x3C, 0x3C, 0x89, 0x87, 0x3C,
    0x36, 0x32, 0x87, 0xC0, 0x36, 0x32, 0xDD, 0x84, 0x7B, 0x87, 0x36, 0xB5, 0x32, 0x3C, 0xC1, 0x36, 0x7B, 0x89, 0x44, 0xC1, 0x0F, 0x07, 0xC0, 0xFD,
    0x4E, 0x0A, 0x08, 0x39, 0x84, 0x87, 0x37, 0x68, 0x87, 0x7B, 0x7B, 0x32, 0x7B, 0x44, 0x44, 0x7B, 0x3C, 0x84, 0x7B, 0x36, 0x87, 0x7B, 0x3C, 0xC0,
    0x0F, 0x07, 0x17, 0xAC, 0xE1, 0x46, 0x23, 0x0E, 0x0E, 0x87, 0x84, 0x3C, 0x68, 0x89, 0x44, 0x84, 0xB5, 0x84, 0x7B, 0x44, 0x3C, 0x37, 0x87, 0x44,
    0x36, 0x7B, 0x84, 0x3C, 0x44, 0xC0, 0x0F, 0x05, 0x15, 0xAA, 0xD4, 0xFF, 0xFB, 0xFF, 0xFF, 0xFF, 0xFF, 0xFF, 0xFD, 0xFF, 0xFF, 0xFF, 0xFF, 0xFF,
    0xF6, 0xB4, 0xE4, 0xC2, 0xC7, 0xDC, 0xF4, 0xFF, 0xF8, 0x39, 0x6B, 0x69, 0x6C, 0x58, 0x40, 0x39, 0x7D, 0xD9, 0xC7, 0xE6, 0xFF, 0xBD, 0x41, 0x40,
    0x75, 0x72, 0x6F, 0x82, 0x3E, 0x2E, 0xE0, 0xDA, 0x59, 0x6D, 0x6A, 0xC9, 0xE6, 0xD7, 0x61, 0x72, 0x74, 0x76, 0x79, 0x6E, 0x57, 0x5D, 0x58, 0x5D,
    0x79, 0x76, 0x76, 0x74, 0x6E, 0x73, 0xB1, 0x79, 0x62, 0x79, 0x63, 0xE4, 0xAD, 0xBD, 0xDD, 0xA2, 0x81, 0xF1, 0xB5, 0x29, 0x60, 0x72, 0x6C, 0x6E,
    0x6C, 0x6C, 0x41, 0x5D, 0xE4, 0xFF, 0xF8, 0xAF, 0xAE, 0xC1, 0x59, 0x41, 0x58, 0x82, 0x5D, 0x6D, 0xF0, 0xFF, 0xF0, 0xCA, 0xD9, 0xD7, 0xF8, 0xAF,
    0xB4, 0xF3, 0xED, 0xEC, 0xF9, 0xFF, 0xFD, 0xF8, 0xFF, 0xFF, 0xFF, 0xFF, 0xF8, 0xFF, 0xE8, 0x12, 0x09, 0x0D, 0xB5, 0x44, 0x37, 0x87, 0x68, 0x7B,
    0x7B, 0x36, 0x7B, 0x37, 0xC9, 0x87, 0x37, 0x7B, 0x36, 0x32, 0x36, 0x36, 0x36, 0x32, 0x3C, 0x7B, 0x44, 0x2C, 0x36, 0x37, 0x84, 0x3C, 0x37, 0x36,
    0x68, 0x68, 0x68, 0x44, 0x84, 0x7B, 0x44, 0x68, 0x84, 0x0D, 0x0E, 0x98, 0xFE, 0x95, 0x08, 0x07, 0x68, 0x3C, 0x3C, 0x44, 0x87, 0x68, 0x37, 0xD6,
    0x68, 0x36, 0x68, 0x68, 0x37, 0x7B, 0x3C, 0x84, 0xC1, 0x7B, 0x37, 0x3B, 0x31, 0x44, 0x7B, 0x37, 0x31, 0x36, 0x31, 0x31, 0x3C, 0x87, 0x36, 0x7B,
    0xB5, 0x68, 0x84, 0x7B, 0x3B, 0x44, 0x19, 0x06, 0x51, 0xFF, 0x14, 0x06, 0x32, 0xB3, 0x68, 0x37, 0x37, 0x32, 0x37, 0x84, 0x3C, 0x68, 0x84, 0x31,
    0x68, 0x7B, 0x84, 0x3C, 0x32, 0x44, 0x44, 0x32, 0x32, 0x32, 0xB5, 0x84, 0x3C, 0x68, 0x87, 0x37, 0x44, 0x44, 0x36, 0x3C, 0x31, 0x36, 0x3C, 0x7B,
    0x7B, 0x7B, 0x7B, 0x87, 0x18, 0x0C, 0xB5, 0xFF, 0x4E, 0x0A, 0x0C, 0x34, 0x7B, 0x44, 0x32, 0x44, 0xDA, 0x44, 0x3C, 0x37, 0x68, 0x44, 0x3C, 0xD6,
    0x84, 0x87, 0x44, 0x44, 0x7B, 0x84, 0x3C, 0x87, 0x19, 0x07, 0x1A, 0x8C, 0x99, 0x46, 0x0D, 0x07, 0x0F, 0x84, 0x7B, 0x68, 0xC0, 0x87, 0x3C, 0x37,
    0x7B, 0x3C, 0x3C, 0x44, 0xC0, 0x7B, 0x84, 0xB5, 0x68, 0x44, 0x87, 0x68, 0x37, 0xB5, 0x0F, 0x05, 0x12, 0xCD, 0xFF, 0xF7, 0xFF, 0xFF, 0xFF, 0xFF,
    0xFF, 0xFF, 0xFF, 0xFF, 0xFF, 0xFF, 0xFF, 0xF4, 0xE7, 0xB4, 0xE4, 0xBA, 0xCC, 0xD9, 0xED, 0xFF, 0xF6, 0x40, 0x59, 0x58, 0x5D, 0x40, 0x56, 0xB0,
    0xDE, 0xD9, 0xF8, 0xF1, 0x70, 0x38, 0x6E, 0x5D, 0x61, 0x6E, 0x61, 0x5D, 0x39, 0x34, 0xDD, 0xDD, 0x69, 0xB3, 0xDD, 0xB0, 0xB4, 0xC9, 0x57, 0x79,
    0x76, 0x61, 0x6E, 0x57, 0x59, 0x58, 0x58, 0x5D, 0x74, 0x78, 0x78, 0x7A, 0x78, 0x76, 0xA2, 0x77, 0x60, 0x78, 0x62, 0xDD, 0xDA, 0x6B, 0x7C, 0xE4,
    0xCA, 0xE8, 0xCC, 0x2E, 0x57, 0x72, 0x60, 0x6E, 0x61, 0x6E, 0x7E, 0x57, 0x6C, 0xE6, 0xD9, 0xFF, 0xBF, 0xAD, 0xC9, 0x6D, 0x3E, 0x75, 0x59, 0x40,
    0xF0, 0xFF, 0xED, 0xC3, 0xCA, 0xC3, 0xF0, 0xB4, 0xB3, 0xEE, 0xF1, 0xF6, 0xF1, 0xFA, 0xF9, 0xFF, 0xFA, 0xFD, 0xFD, 0xFF, 0xF9, 0xFF, 0xD0, 0x12,
    0x08, 0x0E, 0x87, 0x44, 0x37, 0x68, 0x37, 0x36, 0x31, 0x32, 0x3C, 0x2B, 0x3B, 0x3B, 0x31, 0x36, 0xB5, 0x3C, 0x36, 0x87, 0x2B, 0x2C, 0xC0, 0x36,
    0x3C, 0x44, 0x3C, 0x68, 0x87, 0x2B, 0x2B, 0x1F, 0x7B, 0x7B, 0x32, 0x36, 0x44, 0xD5, 0x37, 0x3B, 0x68, 0x0C, 0x0E, 0x9A, 0xFF, 0x53, 0x08, 0x07,
    0x3C, 0x3C, 0x68, 0x2C, 0x68, 0x37, 0x1F, 0x7B, 0x2C, 0x2C, 0x31, 0x31, 0x2C, 0x36, 0x87, 0x32, 0x7B, 0x3C, 0x3C, 0x3C, 0x36, 0x36, 0x7B, 0x44,
    0x68, 0x3C, 0x2B, 0x2B, 0x7B, 0x7B, 0x2C, 0x37, 0x68, 0x2C, 0x36, 0x68, 0x36, 0x68, 0x19, 0x06, 0x54, 0xFF, 0x14, 0x06, 0x31, 0x87, 0x7B, 0x37,
    0x68, 0x36, 0x37, 0x36, 0x1E, 0x36, 0x32, 0x2B, 0x44, 0x84, 0x36, 0x36, 0x3C, 0x7B, 0x87, 0x37, 0x37, 0x36, 0x68, 0x2C, 0x31, 0x37, 0x44, 0x2C,
    0x36, 0x37, 0x32, 0x3C, 0x36, 0x44, 0x7B, 0x7B, 0x84, 0x84, 0x3C, 0x87, 0x0E, 0x07, 0xB5, 0xFF, 0x50, 0x0A, 0x0C, 0x36, 0x3C, 0x44, 0x31, 0x36,
    0x84, 0x32, 0x32, 0x32, 0x68, 0x68, 0x32, 0x3B, 0x68, 0x84, 0x32, 0x37, 0x84, 0x87, 0x68, 0x87, 0x32, 0x07, 0x0C, 0x46, 0x8E, 0x21, 0x0E, 0x07,
    0x68, 0xB5, 0x7B, 0x3C, 0x84, 0x84, 0x2B, 0x36, 0x3C, 0x3C, 0x7B, 0x3C, 0xC1, 0x3C, 0x44, 0x87, 0x3C, 0x84, 0x7B, 0x44, 0x32, 0xB5, 0x0F, 0x05,
    0x12, 0xAB, 0xFD, 0xF9, 0xFF, 0xFF, 0xFF, 0xFD, 0xFD, 0xFF, 0xFF, 0xFD, 0xFF, 0xF8, 0xFC, 0xE5, 0xDF, 0xAF, 0xE6, 0xB6, 0xC3, 0xD9, 0xF1, 0xFF,
    0xF4, 0x39, 0x5D, 0x5D, 0x39, 0x6D, 0xDD, 0xC3, 0xE3, 0xF6, 0xF6, 0x7F, 0x2D, 0xBA, 0xAF, 0x41, 0x60, 0x62, 0x6B, 0x58, 0x2E, 0x3E, 0xF6, 0xDD,
    0xB4, 0xDA, 0xB4, 0x58, 0xE3, 0xD7, 0x41, 0x6E, 0x5D, 0x57, 0x5D, 0x55, 0x57, 0x55, 0x58, 0x57, 0x76, 0x78, 0x79, 0x7A, 0x78, 0x76, 0x76, 0x6E,
    0x5C, 0x76, 0x62, 0xC3, 0xFF, 0xDD, 0x82, 0x7F, 0xD6, 0xDD, 0xA1, 0x2D, 0x3D, 0x75, 0x60, 0x72, 0x6E, 0x60, 0xAF, 0x7E, 0x41, 0xDD, 0xB2, 0xBE,
    0xFF, 0xDD, 0x88, 0xBF, 0x82, 0x3A, 0x7E, 0x7F, 0xE8, 0xFF, 0xE6, 0xCA, 0xD6, 0xBF, 0xF4, 0xAF, 0x89, 0xF2, 0xE5, 0xFB, 0xF9, 0xFF, 0xFF, 0xFF,
    0xFD, 0xFF, 0xFF, 0xFF, 0xF9, 0xFF, 0xDC, 0x12, 0x08, 0x0E, 0xB5, 0x37, 0x44, 0x7B, 0x3C, 0x3C, 0x2C, 0x32, 0x7B, 0x2C, 0x32, 0x37, 0x3C, 0x44,
    0x87, 0x3B, 0x32, 0xB5, 0x36, 0x32, 0x68, 0x31, 0x3B, 0x37, 0x31, 0x36, 0x7B, 0x36, 0x2C, 0x2A, 0x36, 0x3C, 0x2B, 0x2B, 0x68, 0x68, 0x31, 0x3C,
    0x44, 0x0C, 0x0F, 0x9A, 0xFF, 0x4E, 0x0C, 0x0C, 0x62, 0x44, 0x68, 0x32, 0x37, 0x37, 0x2B, 0x44, 0x44, 0x37, 0x44, 0x44, 0x36, 0x3B, 0x7B, 0x32,
    0x44, 0x36, 0x3B, 0x7B, 0x7B, 0x68, 0x3C, 0x3B, 0x7B, 0x44, 0x2B, 0x31, 0x68, 0x87, 0x2B, 0x3C, 0x44, 0x2A, 0x32, 0x68, 0x37, 0x87, 0x1B, 0x07,
    0x61, 0xFF, 0x14, 0x06, 0x2B, 0x84, 0x3C, 0x68, 0x87, 0x32, 0x36, 0x3C, 0x32, 0x44, 0x3C, 0x2C, 0x2C, 0x3C, 0x32, 0x32, 0x44, 0x84, 0x84, 0x37,
    0x3C, 0x3C, 0x44, 0x32, 0x2C, 0x2C, 0x36, 0x31, 0x36, 0x84, 0x87, 0x84, 0x2C, 0x44, 0x36, 0x36, 0x7B, 0x84, 0x3B, 0xC0, 0x18, 0x07, 0xB5, 0xFF,
    0x50, 0x09, 0x0C, 0x34, 0x44, 0x84, 0x31, 0x37, 0x44, 0x32, 0x1F, 0x1F, 0x44, 0x7B, 0x3B, 0x2B, 0x44, 0x68, 0x37, 0x36, 0x84, 0x7B, 0x44, 0x3C,
    0x42, 0x0E, 0x07, 0x22, 0x8B, 0x23, 0x07, 0x07, 0x44, 0x87, 0x68, 0x32, 0x3C, 0x3C, 0x2C, 0x44, 0x3C, 0x37, 0x44, 0x3C, 0x89, 0x36, 0x36, 0x3B,
    0x37, 0x44, 0x44, 0x3C, 0x37, 0xC1, 0x0F, 0x05, 0x12, 0xCD, 0xFF, 0xF9, 0xFF, 0xFF, 0xFD, 0xFA, 0xFF, 0xFF, 0xFF, 0xFF, 0xFD, 0xFF, 0xF1, 0xDE,
    0xE7, 0xB4, 0xE6, 0xB2, 0xBC, 0xC2, 0xF0, 0xFF, 0xF8, 0x39, 0x41, 0x40, 0x6D, 0xCA, 0xBF, 0xE6, 0xF1, 0xB0, 0xE6, 0x69, 0x34, 0xDA, 0x7F, 0x40,
    0x57, 0x6E, 0x5D, 0x6C, 0x39, 0x2E, 0xE8, 0xF0, 0xB4, 0x82, 0xB3, 0xCA, 0xFF, 0xD7, 0x41, 0x58, 0x58, 0x5D, 0x5D, 0x55, 0x55, 0x58, 0x58, 0x5D,
    0x79, 0x78, 0x78, 0x76, 0x76, 0x76, 0x76, 0x75, 0x57, 0x64, 0x73, 0xD7, 0xFF, 0xFF, 0xF4, 0xC7, 0x88, 0xF4, 0xD7, 0x29, 0x55, 0x6E, 0x60, 0x62,
    0x72, 0x81, 0x77, 0x81, 0x41, 0xDA, 0xA2, 0x81, 0xB4, 0xF0, 0xE6, 0x7F, 0xBA, 0xB4, 0x7C, 0x6F, 0xE8, 0xFF, 0xF4, 0xDB, 0xDD, 0xC9, 0xE6, 0xBD,
    0xC1, 0xEE, 0xE3, 0xF1, 0xFF, 0xFD, 0xFF, 0xFD, 0xFD, 0xFF, 0xFF, 0xFF, 0xF9, 0xFF, 0xE1, 0x12, 0x09, 0x0C, 0xD5, 0x37, 0x3C, 0x3C, 0x37, 0x68,
    0x36, 0x2C, 0x3C, 0x37, 0x37, 0x7B, 0x37, 0x3C, 0x7B, 0x68, 0x68, 0x68, 0x44, 0x68, 0x84, 0x7B, 0x37, 0x2C, 0x36, 0x31, 0x84, 0x3C, 0x68, 0x37,
    0x31, 0x31, 0x2B, 0x1F, 0x44, 0x36, 0x36, 0x68, 0x7B, 0x0C, 0x0E, 0xAA, 0xFF, 0x4E, 0x08, 0x0C, 0x5E, 0x44, 0x68, 0x42, 0x44, 0x44, 0x1F, 0x37,
    0x87, 0x37, 0x44, 0x3B, 0x31, 0x36, 0x32, 0x3B, 0x44, 0x3C, 0x68, 0x44, 0x3B, 0x3C, 0x3C, 0x36, 0x32, 0x3C, 0x36, 0x3C, 0x1E, 0x7B, 0x31, 0x37,
    0x68, 0x31, 0x37, 0x44, 0x68, 0x7B, 0x18, 0x06, 0x53, 0xFF, 0x14, 0x06, 0x31, 0x7B, 0x44, 0x3C, 0x68, 0x31, 0x32, 0x36, 0x3C, 0x31, 0x37, 0x44,
    0x32, 0x68, 0x84, 0x2B, 0x3C, 0x44, 0x3C, 0x3C, 0x36, 0x37, 0x3C, 0x44, 0x36, 0x36, 0x44, 0x36, 0x87, 0x44, 0x89, 0x84, 0x2B, 0x3C, 0x2B, 0x32,
    0x7B, 0x3B, 0x32, 0xB5, 0x0C, 0x0C, 0xC0, 0xFF, 0x50, 0x0A, 0x0C, 0x2E, 0x44, 0x84, 0x36, 0x32, 0xB5, 0x44, 0x2B, 0x31, 0x44, 0x87, 0x68, 0x3C,
    0x68, 0x44, 0x37, 0x32, 0x3C, 0x68, 0x3C, 0x36, 0xD5, 0x1B, 0x07, 0x1A, 0x45, 0x1A, 0x07, 0x19, 0x68, 0x44, 0x68, 0x32, 0x87, 0x87, 0x2B, 0x84,
    0x68, 0x36, 0x37, 0x3C, 0x84, 0x31, 0x32, 0x7B, 0x3C, 0x44, 0x44, 0x36, 0x37, 0xC0, 0x0F, 0x05, 0x12, 0xAB, 0xFF, 0xF9, 0xFF, 0xFF, 0xFF, 0xFA,
    0xFD, 0xFF, 0xFF, 0xFF, 0xFF, 0xF6, 0xE1, 0xE5, 0xE4, 0xAF, 0xE4, 0xC2, 0xD9, 0xD9, 0xF1, 0xFF, 0xF8, 0x58, 0x58, 0xAE, 0xD9, 0xD7, 0xF1, 0xE4,
    0x83, 0x77, 0xE0, 0x7D, 0x34, 0x6C, 0x58, 0x43, 0x40, 0x61, 0x81, 0x71, 0x39, 0x39, 0xF8, 0xDA, 0x5D, 0xBF, 0xF4, 0xF8, 0xFF, 0xD7, 0x41, 0x5D,
    0x58, 0x58, 0x5D, 0x55, 0x55, 0x5D, 0x58, 0x6B, 0x76, 0x78, 0x78, 0x76, 0x76, 0x72, 0x74, 0x76, 0x5C, 0x6E, 0x64, 0xE4, 0xE8, 0xAD, 0xF4, 0xFF,
    0xD9, 0xF9, 0xBE, 0x28, 0x5D, 0x81, 0x6E, 0x6E, 0x6E, 0x74, 0x72, 0x77, 0x41, 0xDD, 0xC2, 0xB1, 0x82, 0x82, 0xE0, 0xF5, 0xBE, 0xBE, 0xBD, 0x7D,
    0xF4, 0xF8, 0xF0, 0xF0, 0xF0, 0xF4, 0xFF, 0xBD, 0xB4, 0xD7, 0xDF, 0xDF, 0xFD, 0xFD, 0xFF, 0xFF, 0xFF, 0xFF, 0xFF, 0xFF, 0xFF, 0xFF, 0xD0, 0x11,
    0x09, 0x0C, 0xC0, 0x37, 0x68, 0x44, 0x37, 0x87, 0x36, 0x3C, 0x68, 0x36, 0x44, 0x36, 0x3C, 0x29, 0x06, 0x06, 0x06, 0x06, 0x06, 0x0C, 0x0C, 0x18,
    0x44, 0x36, 0x3B, 0x31, 0x44, 0x1C, 0x1F, 0x3C, 0x2C, 0x32, 0x1F, 0x1C, 0x44, 0x31, 0x37, 0x68, 0x87, 0x0E, 0x0C, 0xA5, 0xFF, 0x4E, 0x08, 0x0C,
    0x34, 0x36, 0x36, 0x32, 0x7B, 0x37, 0x1F, 0x2C, 0x3C, 0x1F, 0x32, 0x31, 0x2B, 0x3C, 0x2C, 0x7B, 0x1D, 0x06, 0x05, 0x04, 0x05, 0x06, 0x0E, 0x3C,
    0x3C, 0x37, 0x31, 0x37, 0x2B, 0x36, 0x1F, 0x36, 0x7B, 0x32, 0x44, 0x32, 0x3C, 0x44, 0x19, 0x06, 0x94, 0xFE, 0x14, 0x06, 0x2B, 0x7B, 0x68, 0x36,
    0x68, 0x2B, 0x36, 0x36, 0x36, 0x31, 0x36, 0x68, 0x31, 0x36, 0x3B, 0x32, 0x3C, 0x0E, 0x06, 0x06, 0x06, 0x05, 0x0C, 0x0F, 0x7B, 0x32, 0x3C, 0x32,
    0x3C, 0x2C, 0x31, 0x31, 0x1E, 0x32, 0x1E, 0x2B, 0x3C, 0x36, 0x2B, 0x7B, 0x0E, 0x0E, 0xC0, 0xFF, 0x50, 0x0A, 0x0C, 0x36, 0x44, 0x3C, 0x1F, 0x2C,
    0x84, 0x36, 0x3B, 0x37, 0x37, 0x36, 0x36, 0x36, 0x37, 0x3C, 0x36, 0x32, 0x3C, 0x68, 0x36, 0x36, 0x7B, 0x87, 0x0E, 0x06, 0x48, 0x0E, 0x07, 0x3C,
    0xB5, 0x3C, 0x3C, 0x2C, 0x84, 0x87, 0x2B, 0x84, 0x7B, 0x37, 0x44, 0xC0, 0xC0, 0x31, 0x3C, 0x44, 0x31, 0x44, 0x68, 0x32, 0x32, 0xB5, 0x0E, 0x05,
    0x12, 0xC4, 0xFF, 0xF9, 0xFD, 0xFF, 0xFF, 0xFF, 0xFD, 0xFF, 0xFF, 0xFF, 0xF9, 0xE2, 0xE2, 0xE3, 0xB4, 0x75, 0xF8, 0xF4, 0xF4, 0xE8, 0xF1, 0xFD,
    0xF9, 0xB4, 0xBA, 0xDF, 0xDF, 0xFD, 0xB4, 0x71, 0x75, 0x77, 0xE4, 0x70, 0x2E, 0x58, 0x41, 0x39, 0x40, 0x77, 0x72, 0x5D, 0x34, 0x38, 0xF4, 0xE4,
    0xBA, 0xFF, 0xF6, 0xB6, 0xF5, 0xDB, 0x41, 0x58, 0x55, 0x5D, 0x6E, 0x43, 0x57, 0x57, 0x61, 0x6E, 0x76, 0x79, 0x7A, 0x79, 0x76, 0x73, 0x76, 0x81,
    0x5C, 0x62, 0x6E, 0xD7, 0xF6, 0xAF, 0x88, 0xD7, 0xFF, 0xFF, 0xC9, 0x29, 0x5D, 0x7E, 0x72, 0x6E, 0x60, 0x60, 0x6E, 0x72, 0x41, 0xD6, 0xB5, 0xDD,
    0xA2, 0x61, 0x81, 0xBE, 0xE8, 0xDA, 0xB3, 0xF4, 0xFF, 0xDD, 0xBE, 0x89, 0x7F, 0x42, 0xD8, 0xE0, 0xC1, 0xB3, 0xD7, 0xE2, 0xE5, 0xEE, 0xFF, 0xFF,
    0xFF, 0xFF, 0xFF, 0xFF, 0xF9, 0xFF, 0xD0, 0x12, 0x08, 0x0D, 0xB5, 0x7B, 0xC0, 0x32, 0x32, 0x7B, 0x2B, 0x3C, 0x7B, 0x2C, 0x3C, 0x33, 0x7B, 0x25,
    0x0C, 0x18, 0x0D, 0x0D, 0x0D, 0x18, 0x0C, 0x04, 0x0C, 0x37, 0x42, 0x2B, 0x68, 0x1E, 0x2B, 0x68, 0x36, 0x37, 0x3C, 0x37, 0x87, 0x3C, 0x3C, 0x68,
    0x7B, 0x0E, 0x0D, 0xA5, 0xFF, 0x4E, 0x0C, 0x0C, 0x3A, 0x32, 0x2B, 0x1F, 0x31, 0x36, 0x31, 0x32, 0x44, 0x2A, 0x68, 0x37, 0x1F, 0x37, 0x7B, 0x1A,
    0x04, 0x05, 0x0D, 0x0D, 0x0D, 0x0D, 0x06, 0x0C, 0x3B, 0x36, 0x2A, 0x36, 0x3B, 0x2B, 0x1D, 0x37, 0x44, 0x32, 0x7B, 0x32, 0x36, 0x44, 0x19, 0x06,
    0x50, 0xFE, 0x14, 0x06, 0x2C, 0x44, 0x37, 0x32, 0x3C, 0x31, 0x32, 0x2B, 0x1F, 0x2C, 0x36, 0x68, 0x1F, 0x2B, 0x37, 0x1E, 0x0D, 0x05, 0x0D, 0x0D,
    0x0B, 0x11, 0x0D, 0x05, 0x0C, 0x3C, 0x44, 0x1F, 0x37, 0x2C, 0x2B, 0x31, 0x1D, 0x32, 0x1F, 0x2B, 0x68, 0x36, 0x2C, 0x84, 0x0D, 0x07, 0xB5, 0xFF,
    0x50, 0x0B, 0x08, 0x30, 0x7B, 0x7B, 0x32, 0x37, 0x84, 0x37, 0x87, 0xC0, 0x3B, 0x32, 0x32, 0x31, 0x37, 0x3B, 0x44, 0x37, 0x3C, 0x7B, 0x44, 0x32,
    0x3C, 0x89, 0x0E, 0x06, 0x24, 0x0E, 0x07, 0x31, 0x84, 0x68, 0x68, 0x37, 0x7B, 0x84, 0x37, 0x7B, 0x3C, 0x32, 0x37, 0x68, 0x84, 0x32, 0x32, 0x36,
    0x32, 0x68, 0x44, 0x68, 0x37, 0xC0, 0x0F, 0x05, 0x15, 0xCD, 0xFF, 0xF7, 0xFF, 0xFD, 0xFF, 0xFF, 0xFF, 0xFF, 0xFD, 0xF9, 0xE5, 0xE2, 0xDD, 0xB3,
    0xBD, 0xE4, 0xE4, 0x42, 0x59, 0xBE, 0xBD, 0xE6, 0xFF, 0xF8, 0xBB, 0xED, 0xDD, 0xBA, 0x75, 0x6B, 0x7E, 0xD7, 0xDA, 0x69, 0x2E, 0x59, 0x40, 0x41,
    0x60, 0x77, 0x5D, 0x5D, 0x38, 0x39, 0xDF, 0xFF, 0xFF, 0xE6, 0xD7, 0xBF, 0xF8, 0xD9, 0x43, 0x58, 0x43, 0x5D, 0x6C, 0x5D, 0x5C, 0x60, 0x74, 0xA1,
    0x76, 0x79, 0x76, 0x79, 0x79, 0x76, 0x77, 0x77, 0x5F, 0x61, 0x73, 0xD7, 0xFF, 0xFF, 0xD7, 0xAF, 0xCA, 0xFA, 0xC3, 0x2D, 0x6B, 0x77, 0x72, 0x6F,
    0x81, 0x72, 0x6E, 0x74, 0x57, 0xC9, 0x39, 0x6A, 0xD9, 0xB2, 0x72, 0x6C, 0xAE, 0xE4, 0xF0, 0xF4, 0xFF, 0xE4, 0xE4, 0xC1, 0x89, 0x39, 0x33, 0xB4,
    0xF8, 0xD6, 0xBD, 0xD6, 0xDF, 0xEC, 0xFF, 0xFF, 0xFD, 0xFF, 0xFF, 0xFF, 0xFF, 0xFF, 0xD0, 0x12, 0x08, 0x0C, 0x87, 0x44, 0x84, 0x36, 0x3B, 0xB5,
    0x2C, 0x36, 0x3C, 0x31, 0x68, 0x33, 0x3C, 0x25, 0x06, 0x4A, 0x91, 0x8D, 0x8E, 0x90, 0x4C, 0x14, 0x05, 0x07, 0x2B, 0x3C, 0x7B, 0x2C, 0x44, 0x36,
    0x1E, 0x87, 0xDA, 0x32, 0x87, 0x7B, 0x84, 0xB5, 0x37, 0x0C, 0x18, 0xA7, 0xFF, 0x4E, 0x08, 0x08, 0x41, 0x44, 0x32, 0x36, 0x1F, 0x3C, 0x2A, 0x2B,
    0x7B, 0x31, 0x7B, 0x32, 0x2A, 0x32, 0x18, 0x03, 0x0D, 0x26, 0x90, 0x90, 0x8E, 0x49, 0x0D, 0x04, 0x0E, 0x2C, 0x36, 0x36, 0x87, 0x37, 0x32, 0x44,
    0x36, 0x3C, 0x3C, 0x2B, 0x44, 0x7B, 0x19, 0x06, 0x92, 0xFE, 0x14, 0x06, 0x1F, 0x44, 0x3C, 0x31, 0x3C, 0x32, 0x32, 0x32, 0x32, 0x2C, 0x32, 0x7B,
    0x36, 0x3C, 0x1B, 0x06, 0x08, 0x1A, 0x4A, 0x8E, 0x8C, 0x8E, 0x4A, 0x14, 0x04, 0x0C, 0x2C, 0x31, 0x68, 0x32, 0x32, 0x3C, 0x1E, 0x36, 0x1F, 0x1E,
    0x37, 0x31, 0x2C, 0x7B, 0x18, 0x0C, 0xB5, 0xFF, 0x50, 0x0A, 0x0C, 0x2E, 0x3C, 0x3C, 0x36, 0x36, 0x84, 0x31, 0x37, 0x44, 0x2C, 0x44, 0x2C, 0x1D,
    0x36, 0x44, 0x31, 0x68, 0x3C, 0x3C, 0x44, 0x37, 0x32, 0x84, 0x2C, 0x0C, 0x0D, 0x0E, 0x0E, 0x32, 0x68, 0x44, 0x84, 0x36, 0x3C, 0xB5, 0x44, 0x84,
    0x84, 0x32, 0x37, 0x37, 0x32, 0x2C, 0x7B, 0x68, 0x32, 0x37, 0x3C, 0x36, 0x36, 0xC0, 0x18, 0x05, 0x15, 0xCD, 0xFF, 0xF9, 0xFF, 0xFF, 0xFD, 0xFF,
    0xFF, 0xFF, 0xFD, 0xEC, 0xED, 0xD8, 0xB3, 0xD6, 0xFE, 0xBD, 0x2D, 0x34, 0x7C, 0xDA, 0xD7, 0xE6, 0xFF, 0xF0, 0xF8, 0xE3, 0x55, 0x71, 0x71, 0xB0,
    0xE0, 0x42, 0x71, 0x7C, 0x38, 0x58, 0x6C, 0x5D, 0x74, 0x6E, 0x41, 0x58, 0x39, 0x43, 0xDF, 0xFF, 0xD9, 0xBD, 0xE4, 0xFF, 0xFF, 0xD7, 0x58, 0x59,
    0x58, 0x61, 0x6F, 0x5D, 0x5D, 0x6E, 0x63, 0x77, 0x78, 0x77, 0x76, 0x76, 0x73, 0x81, 0x88, 0x61, 0x5C, 0x6E, 0x6E, 0xCA, 0xFF, 0xDD, 0xFF, 0xF4,
    0xCA, 0xFF, 0xBE, 0x2D, 0x6B, 0x75, 0x6E, 0x75, 0xB1, 0x77, 0x61, 0x75, 0x43, 0xC9, 0x5D, 0x3D, 0x3E, 0xB5, 0xD9, 0x5D, 0xBA, 0xB4, 0xB4, 0xF9,
    0xFF, 0xF5, 0xF6, 0xFF, 0xD6, 0x33, 0x2C, 0x7D, 0xB6, 0xF8, 0xDD, 0xB6, 0xC9, 0xF0, 0xFF, 0xFF, 0xFF, 0xFF, 0xFF, 0xFF, 0xF9, 0xFF, 0xD0, 0x12,
    0x08, 0x0C, 0x87, 0x37, 0x37, 0x7B, 0x3C, 0x44, 0x2B, 0x36, 0x7B, 0x31, 0x89, 0x32, 0x3C, 0x25, 0x06, 0x24, 0xAC, 0xD3, 0xD3, 0xAB, 0x91, 0x8B,
    0x17, 0x0E, 0x0D, 0x69, 0x44, 0x2B, 0x3B, 0x31, 0x1E, 0x87, 0x3C, 0x1F, 0x7B, 0x3B, 0x36, 0x37, 0x44, 0x0E, 0x0D, 0xAB, 0xFF, 0x4E, 0x08, 0x06,
    0x39, 0x37, 0x2C, 0x3B, 0x32, 0x32, 0x1C, 0x1F, 0x87, 0x2C, 0x3C, 0x32, 0x36, 0x29, 0x06, 0x18, 0x4A, 0x8D, 0x9A, 0xD3, 0xAA, 0x8D, 0x48, 0x1A,
    0x0C, 0x1A, 0x44, 0x3B, 0x3C, 0x2B, 0x37, 0x3C, 0x32, 0x32, 0x31, 0x1C, 0x36, 0x3C, 0x19, 0x06, 0x50, 0xFF, 0x14, 0x05, 0x28, 0x7B, 0x68, 0x32,
    0x84, 0x36, 0x31, 0x3B, 0xC0, 0x36, 0x2B, 0x32, 0x36, 0x3D, 0x0C, 0x18, 0x25, 0x8B, 0x91, 0xD2, 0xD4, 0xD2, 0x8E, 0x8B, 0x1A, 0x0C, 0x1A, 0x44,
    0x36, 0x31, 0x37, 0x3C, 0x1F, 0x37, 0x2B, 0x2C, 0x32, 0x2C, 0x31, 0x68, 0x0F, 0x0C, 0xA7, 0xFF, 0x4D, 0x0A, 0x0E, 0x31, 0x36, 0x87, 0x2B, 0x31,
    0x42, 0x1F, 0x1E, 0x1F, 0x31, 0x7B, 0x37, 0x2B, 0x36, 0x3C, 0x2B, 0x32, 0x32, 0x7B, 0x3C, 0x68, 0x37, 0x87, 0x37, 0x07, 0x0E, 0x07, 0x2B, 0xB5,
    0x3C, 0x44, 0x87, 0x31, 0x36, 0x87, 0x32, 0x3B, 0x36, 0x31, 0x36, 0x3C, 0x31, 0x1F, 0x3B, 0x31, 0x2C, 0x68, 0x44, 0x32, 0x32, 0xB5, 0x18, 0x03,
    0x15, 0xCD, 0xFF, 0xF9, 0xFF, 0xFF, 0xFF, 0xFF, 0xFF, 0xFF, 0xFF, 0xED, 0xC1, 0xB4, 0xDA, 0xFF, 0x7F, 0x39, 0x28, 0x40, 0xE0, 0xF4, 0xE0, 0xF0,
    0xFF, 0xFF, 0xAD, 0xBA, 0x6F, 0x70, 0xDB, 0xAF, 0x40, 0x34, 0xC7, 0x7D, 0x39, 0x6F, 0x82, 0x55, 0x74, 0x61, 0x40, 0x58, 0x39, 0x40, 0xCA, 0xF6,
    0xDF, 0xF1, 0xFA, 0xDF, 0xFF, 0xDA, 0x43, 0x5D, 0x5D, 0x77, 0x75, 0x55, 0x60, 0x76, 0x76, 0x76, 0x80, 0x77, 0x77, 0x79, 0x74, 0x74, 0x83, 0x76,
    0x6E, 0x72, 0x5F, 0xCA, 0xFF, 0x81, 0xCA, 0xFA, 0xFC, 0xFF, 0xBD, 0x28, 0x5A, 0x77, 0x6F, 0x72, 0x72, 0x81, 0x72, 0x75, 0x43, 0xCA, 0x43, 0x76,
    0x5B, 0x38, 0xAF, 0xD9, 0xAD, 0xCA, 0x6E, 0xDF, 0xFF, 0xFF, 0xE6, 0xF0, 0xC1, 0x2C, 0x41, 0x82, 0x39, 0x88, 0xF0, 0xDD, 0xBF, 0xDF, 0xFF, 0xFF,
    0xFD, 0xFF, 0xFD, 0xFF, 0xFF, 0xFF, 0xD0, 0x12, 0x08, 0x0C, 0x87, 0x37, 0x68, 0x3C, 0x1D, 0x2B, 0x2C, 0x84, 0x37, 0x1C, 0x44, 0x32, 0x44, 0x1A,
    0x06, 0x24, 0xAC, 0xFE, 0xFA, 0xFA, 0xD1, 0x90, 0x91, 0x24, 0x14, 0x44, 0x2C, 0x19, 0x36, 0x68, 0x2C, 0x36, 0x2B, 0x37, 0x2B, 0x1F, 0x31, 0x32,
    0x7B, 0x0E, 0x0D, 0x9E, 0xFF, 0x4E, 0x08, 0x06, 0x34, 0x2B, 0x2A, 0x36, 0x37, 0x31, 0x1F, 0x2B, 0x68, 0x2B, 0x37, 0x36, 0x3C, 0x29, 0x08, 0x24,
    0x90, 0x96, 0xFA, 0xFA, 0xFA, 0xD4, 0x8F, 0x8E, 0x08, 0x1A, 0x44, 0x37, 0x32, 0x1F, 0x36, 0x37, 0x32, 0x37, 0x3C, 0x1E, 0x3B, 0x3C, 0x18, 0x06,
    0x64, 0xFF, 0x14, 0x04, 0x1B, 0x2C, 0x32, 0x32, 0x7B, 0x37, 0x2B, 0x2C, 0x3C, 0x2C, 0x32, 0x37, 0x3C, 0x30, 0x0D, 0x22, 0x8B, 0x90, 0xE1, 0xFA,
    0xFA, 0xFA, 0xD2, 0x8E, 0x48, 0x0C, 0x1A, 0x7B, 0x32, 0x1F, 0x32, 0x44, 0x1F, 0x44, 0x31, 0x44, 0x32, 0x2B, 0x31, 0x37, 0x19, 0x0C, 0xA7, 0xFF,
    0x4E, 0x09, 0x05, 0x29, 0x37, 0x84, 0x2B, 0x2B, 0x1F, 0x2B, 0x1D, 0x1E, 0x2C, 0x3B, 0x36, 0x68, 0x32, 0x32, 0x32, 0x2A, 0x2C, 0x44, 0x44, 0x68,
    0x3C, 0x87, 0x44, 0x19, 0x07, 0x07, 0x1F, 0x87, 0x3C, 0x68, 0x7B, 0x2B, 0x36, 0x44, 0x2B, 0x32, 0x31, 0x2C, 0x2B, 0x44, 0x44, 0x32, 0x36, 0x2B,
    0x2A, 0x2B, 0x31, 0x3C, 0x44, 0x87, 0x0E, 0x05, 0x15, 0xC4, 0xFF, 0xF9, 0xFF, 0xFF, 0xFF, 0xF9, 0xFF, 0xFF, 0xF6, 0xCA, 0xBE, 0xED, 0xF8, 0x6D,
    0x39, 0x7D, 0x38, 0x2E, 0xE0, 0xED, 0xF1, 0xFF, 0xFF, 0xD7, 0x3D, 0xCA, 0x82, 0xCA, 0x7C, 0x34, 0x58, 0x88, 0xD8, 0x7D, 0x3E, 0x70, 0x6C, 0x5D,
    0x6E, 0x5D, 0x40, 0x57, 0x38, 0x39, 0xC2, 0xF6, 0xFA, 0xF5, 0xD7, 0xA2, 0xFF, 0xD7, 0x41, 0x55, 0x58, 0x75, 0x6E, 0x55, 0x60, 0x64, 0x64, 0x74,
    0x77, 0x77, 0x80, 0x74, 0x72, 0x73, 0x76, 0x79, 0x5F, 0x63, 0x60, 0xDA, 0xFF, 0x81, 0xDF, 0xD7, 0x5A, 0xF8, 0xC1, 0x29, 0x61, 0x71, 0x6E, 0x61,
    0x72, 0x82, 0x80, 0x75, 0x58, 0xD6, 0x43, 0x6E, 0x72, 0x74, 0x3E, 0x6A, 0xD9, 0xC7, 0x6C, 0xD9, 0xFF, 0xF1, 0xD7, 0xE0, 0xC0, 0x33, 0x40, 0x7F,
    0x88, 0x59, 0x42, 0xDD, 0xE8, 0xCA, 0xF9, 0xFF, 0xFD, 0xFF, 0xFF, 0xFF, 0xF9, 0xFF, 0xD0, 0x12, 0x08, 0x0C, 0x84, 0x36, 0x68, 0x36, 0x1E, 0x31,
    0x2C, 0x84, 0x68, 0x1E, 0x68, 0x32, 0x44, 0x25, 0x05, 0x23, 0xAC, 0xFC, 0xF3, 0xF7, 0xFA, 0xFA, 0x8F, 0x12, 0x18, 0x44, 0x2B, 0x19, 0x37, 0x3B,
    0x1D, 0x1E, 0x1D, 0x3C, 0x2A, 0x36, 0x3C, 0x3C, 0x44, 0x0C, 0x0D, 0x9E, 0xFF, 0x4E, 0x08, 0x05, 0x3A, 0x1F, 0x1D, 0x31, 0x2C, 0x44, 0x32, 0x1F,
    0x84, 0x1E, 0x2C, 0x33, 0x2B, 0x29, 0x08, 0x16, 0x96, 0xFE, 0xF3, 0xF6, 0xFD, 0xFA, 0xFE, 0x47, 0x06, 0x1C, 0x44, 0x37, 0x3B, 0x2C, 0x2C, 0x31,
    0x2B, 0x2B, 0x36, 0x2B, 0x3B, 0x3C, 0x1A, 0x06, 0x84, 0xFF, 0x14, 0x06, 0x1D, 0x3C, 0x68, 0x32, 0x36, 0x68, 0x31, 0x2C, 0x3C, 0x2C, 0x37, 0x3C,
    0x36, 0x29, 0x0C, 0x14, 0x4F, 0xFF, 0xFF, 0xF7, 0xF6, 0xFD, 0xFF, 0xF8, 0x16, 0x08, 0x1A, 0x7B, 0x36, 0x1F, 0x32, 0x37, 0x1E, 0x36, 0x2B, 0x32,
    0x2B, 0x31, 0x42, 0x36, 0x18, 0x0C, 0xA8, 0xFF, 0x4E, 0x09, 0x08, 0x29, 0x3C, 0x44, 0x2B, 0x32, 0x36, 0x3B, 0x44, 0x31, 0x37, 0x2A, 0x2C, 0x7B,
    0x1F, 0x36, 0x3C, 0x2B, 0x31, 0x87, 0x2C, 0x3C, 0x84, 0x2C, 0x7B, 0x36, 0x07, 0x0E, 0x87, 0x3C, 0x32, 0x37, 0x44, 0x2C, 0x44, 0x44, 0x2A, 0x3B,
    0x37, 0x36, 0x3C, 0x87, 0xC0, 0x3C, 0x68, 0x44, 0x32, 0x32, 0x3B, 0x3C, 0x36, 0x84, 0x0F, 0x03, 0x12, 0xA9, 0xFF, 0xF7, 0xFF, 0xFF, 0xFF, 0xFF,
    0xF9, 0xFF, 0xF1, 0xD9, 0xF7, 0xDA, 0x56, 0x55, 0x7E, 0xBB, 0x2E, 0x38, 0xE6, 0xE0, 0xDD, 0xF6, 0xFF, 0xC9, 0x40, 0xD7, 0xD9, 0x56, 0x34, 0x5D,
    0x85, 0xBD, 0xAF, 0x85, 0x39, 0x5D, 0x6C, 0x6B, 0x5D, 0x5D, 0x41, 0x6B, 0x34, 0x39, 0xE4, 0xF0, 0x42, 0xB3, 0xE3, 0xB2, 0xFF, 0xD7, 0x40, 0x55,
    0x5D, 0x6E, 0x73, 0x57, 0x5D, 0x6E, 0x63, 0x73, 0x6E, 0x72, 0x6E, 0x6E, 0x6E, 0x74, 0x76, 0x72, 0x60, 0x5F, 0x60, 0xE4, 0xFF, 0x88, 0xDF, 0xE4,
    0x43, 0xF1, 0xBE, 0x2E, 0x60, 0x72, 0x6E, 0x6C, 0x75, 0x74, 0x76, 0x77, 0x43, 0xC9, 0x58, 0x63, 0x6E, 0x72, 0x6E, 0x3D, 0x61, 0xD7, 0xBD, 0xDB,
    0xFF, 0xF1, 0xDF, 0xF4, 0xC0, 0x33, 0x41, 0xB4, 0xB2, 0xAE, 0x6E, 0x6C, 0xBE, 0xFF, 0xF4, 0xFF, 0xFF, 0xFF, 0xFF, 0xFF, 0xFD, 0xFF, 0xD0, 0x12,
    0x08, 0x0C, 0x68, 0x2B, 0x3C, 0x32, 0x1B, 0x37, 0x1C, 0x3C, 0x84, 0x36, 0x44, 0x36, 0x44, 0x25, 0x05, 0x23, 0xAC, 0xF8, 0xFB, 0xFD, 0xF3, 0xFF,
    0xA7, 0x0A, 0x0D, 0x69, 0x32, 0x1C, 0x3C, 0x36, 0x1D, 0x1D, 0x1D, 0x36, 0x1F, 0x44, 0x36, 0x3B, 0x44, 0x0E, 0x0D, 0x9D, 0xFF, 0x4E, 0x08, 0x0C,
    0x3E, 0x32, 0x1F, 0x31, 0x2B, 0x87, 0x3C, 0x1E, 0x3C, 0x1F, 0x37, 0x36, 0x36, 0x29, 0x0C, 0x16, 0x96, 0xFC, 0xF7, 0xFF, 0xFF, 0xF7, 0xFF, 0x24,
    0x05, 0x1B, 0x7B, 0x68, 0x32, 0x1E, 0x36, 0x3C, 0x31, 0x36, 0x3B, 0x36, 0x44, 0x44, 0x0D, 0x0C, 0x84, 0xFD, 0x14, 0x06, 0x1E, 0x44, 0x7B, 0x1F,
    0x1F, 0x37, 0x2B, 0x44, 0x3C, 0x1F, 0x1F, 0x36, 0x44, 0x2D, 0x0C, 0x12, 0x96, 0xFF, 0xF7, 0xFD, 0xFA, 0xFF, 0xF7, 0xEF, 0x16, 0x08, 0x1A, 0x44,
    0x32, 0x2C, 0x3C, 0x7B, 0x1F, 0x36, 0x1F, 0x2B, 0x37, 0x3C, 0x32, 0x37, 0x0F, 0x0C, 0xA8, 0xFF, 0x4B, 0x09, 0x0C, 0x29, 0x44, 0x44, 0x1E, 0x1E,
    0x1F, 0x36, 0x84, 0x1F, 0x31, 0x1D, 0x1E, 0x3B, 0x1E, 0x32, 0x3B, 0x31, 0x2C, 0x7B, 0x1F, 0x3C, 0x84, 0x1E, 0x37, 0x37, 0x07, 0x19, 0xB5, 0x87,
    0x36, 0x36, 0x37, 0x1E, 0x68, 0x3C, 0x1F, 0x44, 0x32, 0x3C, 0x44, 0x44, 0x44, 0x2C, 0x44, 0x36, 0x1F, 0x2B, 0x3B, 0x32, 0x2B, 0x84, 0x0E, 0x08,
    0x12, 0xA9, 0xFF, 0xF9, 0xFF, 0xFF, 0xF9, 0xFF, 0xFD, 0xFC, 0xF4, 0xF8, 0x89, 0x34, 0x61, 0x83, 0x80, 0xB0, 0x2E, 0x34, 0xE4, 0xE4, 0xDD, 0xF6,
    0xFF, 0xD6, 0x89, 0xC1, 0x6D, 0x58, 0x6F, 0x58, 0x80, 0x39, 0x85, 0x7C, 0x38, 0x6F, 0x6B, 0x58, 0x58, 0x57, 0x41, 0x55, 0x34, 0x38, 0xF1, 0xDD,
    0x2E, 0xBE, 0xDB, 0xB0, 0xFF, 0xD7, 0x40, 0x55, 0x6B, 0x72, 0x6E, 0x55, 0x5B, 0x6E, 0x62, 0x6E, 0x61, 0x5D, 0x57, 0x60, 0x5F, 0x72, 0x72, 0x6E,
    0x5F, 0x5F, 0x5F, 0xE0, 0xFF, 0x82, 0xDB, 0xF8, 0xA2, 0xED, 0xBE, 0x2E, 0x6C, 0x77, 0x77, 0x75, 0x6E, 0x60, 0x74, 0x72, 0x5D, 0xD6, 0x41, 0x72,
    0x61, 0x77, 0x6E, 0x77, 0x61, 0x5C, 0xD7, 0xF1, 0xFF, 0xF6, 0xDF, 0xF0, 0xC1, 0x37, 0x41, 0xA2, 0xA1, 0xB1, 0xB7, 0x6E, 0x33, 0x89, 0xFF, 0xFF,
    0xFD, 0xFF, 0xFF, 0xFF, 0xF9, 0xFF, 0xD0, 0x12, 0x05, 0x0E, 0x7B, 0x32, 0x68, 0x68, 0x2C, 0x84, 0x1F, 0x2B, 0x44, 0x68, 0x31, 0x36, 0x44, 0x1A,
    0x06, 0x24, 0xAC, 0xFB, 0xF7, 0xFD, 0xF9, 0xFF, 0x96, 0x09, 0x18, 0x68, 0x7B, 0x2C, 0x36, 0x36, 0x36, 0x44, 0x2C, 0x36, 0x31, 0x31, 0x32, 0x68,
    0x68, 0x0E, 0x0D, 0xA6, 0xFF, 0x4E, 0x08, 0x0E, 0x3C, 0x36, 0x1F, 0x37, 0x36, 0x1E, 0x36, 0x2C, 0x2A, 0x1F, 0x68, 0x2C, 0x44, 0x29, 0x08, 0x15,
    0x96, 0xFF, 0xF3, 0xFD, 0xFF, 0xF7, 0xFF, 0x24, 0x05, 0x1B, 0x7B, 0x37, 0x1F, 0x1F, 0x36, 0x32, 0x3C, 0x68, 0x1F, 0x2B, 0x68, 0x44, 0x18, 0x0C,
    0x84, 0xFD, 0x14, 0x06, 0x1E, 0x3C, 0x32, 0x2B, 0x2B, 0x3C, 0x31, 0x68, 0x44, 0x1C, 0x1E, 0x31, 0x3C, 0x38, 0x0C, 0x11, 0x94, 0xFF, 0xF7, 0xFD,
    0xFF, 0xF7, 0xD3, 0xD4, 0x16, 0x08, 0x1A, 0x7B, 0x2C, 0x32, 0x32, 0x3C, 0x1E, 0x37, 0x1F, 0x32, 0x32, 0x32, 0x31, 0x3B, 0x18, 0x0E, 0x9D, 0xFF,
    0x4B, 0x09, 0x08, 0x29, 0x32, 0x32, 0x32, 0x68, 0x2C, 0x2A, 0x44, 0x2A, 0x3C, 0x36, 0x32, 0x32, 0x32, 0x31, 0x44, 0x44, 0x31, 0x37, 0x2B, 0x37,
    0x37, 0x36, 0x36, 0x7B, 0x0F, 0x1E, 0x84, 0x84, 0x37, 0x37, 0x3C, 0x1C, 0x36, 0x7B, 0x37, 0x7B, 0x2C, 0x32, 0x2C, 0x2B, 0x32, 0x1F, 0x32, 0x2B,
    0x2C, 0x37, 0x32, 0x2B, 0x2C, 0x7B, 0x0F, 0x08, 0x12, 0xA9, 0xFF, 0xF7, 0xFF, 0xFF, 0xFF, 0xFF, 0xF8, 0xFF, 0xF4, 0x6A, 0x3E, 0x6E, 0x79, 0x6E,
    0x76, 0x77, 0x34, 0x39, 0xE4, 0xE4, 0xDB, 0xF6, 0xFA, 0xE8, 0x89, 0x7D, 0x77, 0x6C, 0x6B, 0x6C, 0x5D, 0x43, 0xB3, 0x71, 0x39, 0x6F, 0x6B, 0x5D,
    0x55, 0x5D, 0x58, 0x5D, 0x39, 0x39, 0xE6, 0xE8, 0x40, 0xD7, 0xD7, 0xAD, 0xFF, 0xD7, 0x55, 0x61, 0x5D, 0x72, 0x60, 0x55, 0x5F, 0x72, 0x6E, 0x72,
    0x5D, 0x5D, 0x6B, 0x6E, 0x57, 0x5C, 0x6E, 0x72, 0x60, 0x60, 0x60, 0xE4, 0xFF, 0x75, 0xD7, 0xED, 0x70, 0xE6, 0xBF, 0x2E, 0x6B, 0x75, 0x6C, 0x72,
    0x6C, 0x6E, 0x6C, 0x6E, 0x6F, 0xDA, 0x40, 0xBA, 0xD7, 0x62, 0x73, 0x61, 0x72, 0x79, 0x6C, 0xDB, 0xFF, 0xF1, 0xE4, 0xF1, 0xD6, 0x40, 0x40, 0x83,
    0x7A, 0xB1, 0xB1, 0x82, 0x82, 0x41, 0xB0, 0xF4, 0xFF, 0xFD, 0xFF, 0xFF, 0xF9, 0xFF, 0xD0, 0x12, 0x05, 0x0E, 0x84, 0x31, 0x36, 0x37, 0x2B, 0x7B,
    0x2B, 0x2B, 0x32, 0x3B, 0x1E, 0x3C, 0x3C, 0x1A, 0x04, 0x23, 0xAA, 0xE9, 0xEB, 0xEF, 0xF9, 0xFF, 0x9C, 0x09, 0x18, 0x3C, 0x37, 0x1F, 0x32, 0x2C,
    0x1C, 0x32, 0x1D, 0x2B, 0x2A, 0x1D, 0x31, 0x37, 0x44, 0x0E, 0x0D, 0x99, 0xFF, 0x50, 0x08, 0x06, 0x32, 0x2C, 0x1E, 0x3B, 0x3C, 0x19, 0x1C, 0x36,
    0x1F, 0x1F, 0x84, 0x1D, 0x31, 0x29, 0x0C, 0x16, 0x94, 0xFE, 0xF7, 0xFF, 0xFD, 0xF7, 0xFF, 0x22, 0x04, 0x18, 0x3C, 0x3B, 0x2B, 0x1F, 0x36, 0x1E,
    0x36, 0x31, 0x19, 0x1E, 0x42, 0x3C, 0x18, 0x0C, 0x65, 0xFF, 0x12, 0x06, 0x1E, 0x31, 0x2B, 0x3C, 0x2B, 0x32, 0x2B, 0x31, 0x32, 0x1F, 0x2B, 0x2C,
    0x32, 0x29, 0x0C, 0x11, 0x94, 0xFF, 0xF7, 0xFF, 0xFF, 0xFB, 0xAC, 0xD3, 0x15, 0x05, 0x1A, 0x3C, 0x2A, 0x1F, 0x2A, 0x37, 0x1C, 0x37, 0x31, 0x37,
    0x2B, 0x2B, 0x32, 0x33, 0x0F, 0x0C, 0x96, 0xFF, 0x4D, 0x0A, 0x0C, 0x28, 0x31, 0x2A, 0x2B, 0x7B, 0x1F, 0x1B, 0x1F, 0x1B, 0x44, 0x2C, 0x1F, 0x2C,
    0x2B, 0x1F, 0x44, 0x3B, 0x1B, 0x32, 0x2B, 0x7B, 0x2C, 0x2B, 0x36, 0x36, 0x37, 0x44, 0x32, 0x37, 0x2B, 0x31, 0x3C, 0x1C, 0x31, 0x3C, 0x31, 0x44,
    0x2B, 0x2A, 0x2B, 0x1C, 0x2B, 0x1E, 0x2C, 0x36, 0x1E, 0x2B, 0x2B, 0x1F, 0x2B, 0x3C, 0x0F, 0x05, 0x11, 0xA9, 0xFF, 0xF9, 0xFF, 0xFF, 0xFF, 0xF9,
    0xFF, 0xF5, 0x43, 0x38, 0x74, 0x80, 0x83, 0x6E, 0x6E, 0x72, 0x2E, 0x3E, 0xE8, 0xDD, 0xDB, 0xF4, 0xFF, 0xDA, 0x40, 0xD7, 0x5D, 0x5D, 0x61, 0x5B,
    0x7F, 0x7D, 0xB3, 0x7C, 0x39, 0x6B, 0x5D, 0x58, 0x5C, 0x5D, 0x58, 0x6B, 0x3D, 0x3E, 0xE6, 0xF0, 0x70, 0xE0, 0xCA, 0xB0, 0xFF, 0xCA, 0x55, 0x6E,
    0x60, 0x6E, 0x60, 0x41, 0x5C, 0x6E, 0x6E, 0x72, 0x6E, 0x61, 0x6E, 0x79, 0x72, 0x6E, 0x6E, 0x60, 0x5E, 0x51, 0x5B, 0xE4, 0xFF, 0x81, 0xDB, 0xED,
    0x5D, 0xED, 0xBE, 0x2E, 0x6C, 0x6F, 0x72, 0x6E, 0x6E, 0x75, 0x73, 0x77, 0x6D, 0xD7, 0x70, 0xB0, 0xAF, 0x3D, 0x74, 0x6E, 0x60, 0x72, 0x6E, 0xDF,
    0xFF, 0xED, 0xDD, 0xF0, 0xB6, 0x39, 0x39, 0xAE, 0x79, 0xA1, 0xA2, 0x7D, 0xB8, 0xB1, 0x6C, 0x69, 0xFF, 0xF9, 0xFF, 0xFF, 0xFD, 0xFF, 0xD0, 0x12,
    0x05, 0x0E, 0x7B, 0x36, 0x37, 0x32, 0x1F, 0x84, 0x2C, 0x2B, 0x2B, 0x2A, 0x2A, 0x68, 0x36, 0x1A, 0x06, 0x22, 0xAC, 0xE9, 0xD4, 0xE9, 0xF9, 0xFF,
    0x95, 0x09, 0x0D, 0x37, 0x36, 0x2B, 0x32, 0x1F, 0x1D, 0x36, 0x1F, 0x32, 0x36, 0x1E, 0x36, 0x36, 0x37, 0x0E, 0x0D, 0x99, 0xFF, 0x50, 0x08, 0x0C,
    0x32, 0x32, 0x1D, 0x2C, 0x32, 0x19, 0x1B, 0x37, 0x1E, 0x1F, 0x7B, 0x1F, 0x32, 0x28, 0x05, 0x15, 0x96, 0xFF, 0xEF, 0xFA, 0xFD, 0xF7, 0xFF, 0x22,
    0x05, 0x1A, 0x7B, 0x68, 0x1C, 0x2A, 0x36, 0x1E, 0x36, 0x2B, 0x1B, 0x31, 0x42, 0x36, 0x0D, 0x06, 0x65, 0xFF, 0x14, 0x04, 0x28, 0x32, 0x37, 0x7B,
    0x2C, 0x44, 0x1F, 0x2C, 0x7B, 0x36, 0x2C, 0x37, 0x68, 0x2E, 0x0C, 0x11, 0x94, 0xFF, 0xF7, 0xFF, 0xFA, 0xEF, 0xAC, 0xAA, 0x12, 0x05, 0x1A, 0x36,
    0x1F, 0x1E, 0x1D, 0x32, 0x1C, 0x31, 0x2B, 0x1F, 0x1B, 0x2B, 0x2A, 0x2A, 0x0F, 0x0C, 0x96, 0xFF, 0x4D, 0x0A, 0x0C, 0x2C, 0x44, 0x68, 0x32, 0x32,
    0x2C, 0x44, 0x37, 0x32, 0x68, 0x2C, 0x32, 0x31, 0x2C, 0x2A, 0x3C, 0x2A, 0x19, 0x31, 0x3C, 0x3C, 0x1E, 0x37, 0x2B, 0x31, 0xB5, 0x84, 0x2C, 0x2C,
    0x2B, 0x2C, 0x44, 0x1F, 0x3B, 0x44, 0x2B, 0x87, 0x36, 0x31, 0x1F, 0x19, 0x2A, 0x31, 0x3C, 0x87, 0x1E, 0x2C, 0x3C, 0x37, 0x36, 0x44, 0x0F, 0x05,
    0x11, 0xA9, 0xFF, 0xF9, 0xF9, 0xFF, 0xF9, 0xFF, 0xE6, 0x56, 0x59, 0x74, 0x6E, 0x74, 0x78, 0x74, 0x78, 0x62, 0x2E, 0x39, 0xE6, 0xE3, 0xD9, 0xF4,
    0xFF, 0xD7, 0x59, 0x75, 0x5D, 0x5D, 0x5D, 0x41, 0x70, 0xB6, 0xDD, 0x7C, 0x39, 0x6B, 0x5D, 0x58, 0x58, 0x59, 0x43, 0x6B, 0x39, 0x34, 0xE6, 0xE6,
    0x34, 0xD7, 0xD9, 0xB4, 0xFF, 0xD7, 0x57, 0x6E, 0x61, 0x61, 0x5D, 0x3E, 0x5D, 0x6F, 0x6E, 0x6E, 0x77, 0x75, 0x73, 0x79, 0x74, 0x76, 0x6E, 0x60,
    0x62, 0x5E, 0x60, 0xE4, 0xFF, 0x88, 0xDA, 0xF4, 0x77, 0xF4, 0xB4, 0x29, 0x6B, 0x70, 0x6C, 0x6E, 0x6F, 0x75, 0x72, 0x75, 0x6D, 0xDA, 0x58, 0xAD,
    0xBD, 0x5F, 0x5F, 0x72, 0x6E, 0x6E, 0x6E, 0xDF, 0xFF, 0xF1, 0xE0, 0xED, 0xB3, 0x34, 0x3E, 0xA2, 0x79, 0x78, 0x7A, 0x81, 0xA2, 0xBB, 0xC7, 0x3E,
    0xFA, 0xFF, 0xFF, 0xFF, 0xFD, 0xFF, 0xD0, 0x12, 0x05, 0x0E, 0x7B, 0x32, 0x36, 0x32, 0x2B, 0x3C, 0x1C, 0x2B, 0x2A, 0x32, 0x32, 0x2C, 0x2C, 0x1D,
    0x06, 0x17, 0xAA, 0xD3, 0xD3, 0xE9, 0xF9, 0xFF, 0x95, 0x09, 0x0F, 0x31, 0x2B, 0x1B, 0x2C, 0x1D, 0x2B, 0x44, 0x1E, 0x2B, 0x37, 0x1C, 0x1E, 0x2B,
    0x37, 0x0E, 0x0D, 0x99, 0xFF, 0x50, 0x05, 0x0E, 0x36, 0x1F, 0x1C, 0x1C, 0x1D, 0x1B, 0x2B, 0x2B, 0x1B, 0x1E, 0x36, 0x1E, 0x33, 0x2C, 0x0C, 0x12,
    0x96, 0xEF, 0xE9, 0xFF, 0xFD, 0xF7, 0xFF, 0x22, 0x06, 0x1A, 0x7B, 0x37, 0x1B, 0x1F, 0x2C, 0x19, 0x36, 0x1C, 0x2B, 0x2C, 0x32, 0x2B, 0x0D, 0x0C,
    0x6F, 0xFF, 0x14, 0x04, 0x1E, 0x31, 0x2B, 0x2C, 0x1F, 0x68, 0x1D, 0x2B, 0x36, 0x1F, 0x1E, 0x31, 0x31, 0x31, 0x0C, 0x10, 0x96, 0xFF, 0xF7, 0xFD,
    0xFF, 0xEA, 0x9A, 0x9A, 0x12, 0x05, 0x1A, 0x31, 0x1D, 0x1E, 0x19, 0x2C, 0x1C, 0x1F, 0x1D, 0x1C, 0x19, 0x1F, 0x1E, 0x2C, 0x0F, 0x0C, 0xA6, 0xFF,
    0x4B, 0x0A, 0x0C, 0x33, 0x2B, 0x36, 0x1D, 0x1E, 0x2C, 0x84, 0x32, 0x37, 0x2B, 0x1E, 0x68, 0x31, 0x1F, 0x2C, 0x32, 0x1F, 0x1B, 0x2A, 0x31, 0x3C,
    0x1D, 0x36, 0x32, 0x32, 0x84, 0x37, 0x2C, 0x36, 0x3C, 0x32, 0x3C, 0x2C, 0x68, 0x68, 0x32, 0x7B, 0x1D, 0x1E, 0x44, 0x3B, 0x31, 0x2B, 0x32, 0x68,
    0x1F, 0x2C, 0x84, 0x2C, 0x1F, 0x3C, 0x0E, 0x05, 0x11, 0xA9, 0xFF, 0xF9, 0xFF, 0xFF, 0xFF, 0xFC, 0xF8, 0x7E, 0xD6, 0x5C, 0x73, 0x74, 0x78, 0x6E,
    0x76, 0x6E, 0x2D, 0x34, 0xE6, 0xDF, 0xDB, 0xF4, 0xFF, 0xD7, 0x57, 0x6C, 0x6B, 0x6B, 0x57, 0x6B, 0xB0, 0x71, 0xB3, 0x7F, 0x3E, 0x6B, 0x5D, 0x58,
    0x57, 0x5D, 0x58, 0x6B, 0x3E, 0x3E, 0xE4, 0xE6, 0x55, 0xE4, 0xCA, 0xAE, 0xFF, 0xDA, 0x5D, 0x6E, 0x60, 0x61, 0x5D, 0x40, 0x61, 0x6C, 0x6C, 0x72,
    0x77, 0x79, 0x78, 0x76, 0x6E, 0x72, 0x6E, 0x72, 0x60, 0x6E, 0x60, 0xE0, 0xFF, 0x7E, 0xDB, 0xF0, 0x7D, 0xE8, 0xAD, 0x29, 0x5D, 0x71, 0x61, 0x6E,
    0x72, 0x6E, 0x72, 0x75, 0x70, 0xDA, 0x69, 0x5D, 0x71, 0xBB, 0x81, 0x61, 0x6E, 0x6E, 0x62, 0xDF, 0xFF, 0xED, 0xD6, 0xE6, 0xC1, 0x56, 0x30, 0x9E,
    0x7A, 0xA1, 0xA1, 0x79, 0xA2, 0xB1, 0x61, 0xBA, 0xFF, 0xFF, 0xFD, 0xFF, 0xFF, 0xFF, 0xD0, 0x12, 0x05, 0x0E, 0x68, 0x32, 0x37, 0x32, 0x31, 0x44,
    0x1E, 0x2A, 0x1F, 0x1F, 0x2B, 0x36, 0x36, 0x1D, 0x04, 0x21, 0xAA, 0xD4, 0xD3, 0xD4, 0xFA, 0xFF, 0x9C, 0x09, 0x0D, 0x32, 0x2B, 0x1D, 0x37, 0x1D,
    0x2B, 0x36, 0x1D, 0x1F, 0x2B, 0x1F, 0x1E, 0x2B, 0x7B, 0x0E, 0x0D, 0x94, 0xFF, 0x53, 0x08, 0x0E, 0x36, 0x2B, 0x1D, 0x1F, 0x2B, 0x2B, 0x31, 0x36,
    0x2B, 0x1F, 0x32, 0x1E, 0x32, 0x29, 0x08, 0x15, 0x92, 0xE9, 0xE9, 0xFF, 0xFD, 0xF7, 0xFF, 0x17, 0x05, 0x1A, 0x44, 0x3C, 0x2B, 0x36, 0x2B, 0x1E,
    0x84, 0x1F, 0x1D, 0x1F, 0x32, 0x36, 0x0D, 0x0C, 0x7C, 0xFF, 0x11, 0x06, 0x2B, 0x33, 0x2B, 0x31, 0x1F, 0x3B, 0x2A, 0x36, 0x3C, 0x1E, 0x1E, 0x2B,
    0x36, 0x29, 0x0C, 0x10, 0x94, 0xFF, 0xF7, 0xFF, 0xFF, 0xEA, 0x9A, 0x9A, 0x12, 0x05, 0x1A, 0x36, 0x1E, 0x1F, 0x1F, 0x3C, 0x2B, 0x2C, 0x1F, 0x1E,
    0x2A, 0x36, 0x32, 0x33, 0x0F, 0x08, 0x96, 0xFF, 0x4D, 0x0A, 0x0C, 0x31, 0x2B, 0x31, 0x1C, 0x2B, 0x31, 0x36, 0x1D, 0x36, 0x1F, 0x1F, 0x37, 0x19,
    0x1E, 0x3C, 0x2C, 0x2A, 0x1D, 0x2C, 0x31, 0x7B, 0x1F, 0x1E, 0x3C, 0x36, 0x44, 0x44, 0x2B, 0x1C, 0x1E, 0x36, 0x1F, 0x1C, 0x31, 0x31, 0x2B, 0x36,
    0x1D, 0x2B, 0x44, 0x44, 0x2A, 0x1E, 0x32, 0x31, 0x1E, 0x31, 0x3C, 0x1F, 0x2B, 0x44, 0x0F, 0x05, 0x11, 0xA7, 0xFF, 0xF9, 0xFF, 0xFF, 0xFF, 0xFF,
    0xFF, 0xBF, 0x82, 0x5B, 0x65, 0x63, 0x78, 0x63, 0x75, 0x6C, 0x2E, 0x3E, 0xE8, 0xD7, 0xD9, 0xF4, 0xFF, 0xD7, 0x41, 0x6C, 0x5D, 0x55, 0x7E, 0xB4,
    0x82, 0x3E, 0xBD, 0x7D, 0x3E, 0x6B, 0x5D, 0x5D, 0x5D, 0x5D, 0x58, 0x6B, 0x3E, 0x59, 0xE6, 0xF1, 0x7D, 0xE6, 0xCA, 0xA2, 0xFF, 0xDA, 0x61, 0x6E,
    0x6B, 0x6E, 0x5C, 0x5B, 0x6E, 0x6C, 0x6E, 0x75, 0x77, 0x79, 0x76, 0x74, 0x6E, 0x73, 0x72, 0x72, 0x5C, 0x62, 0x5F, 0xE6, 0xFF, 0x88, 0xDA, 0xF4,
    0x75, 0xED, 0x89, 0x29, 0x61, 0x71, 0x6C, 0x6C, 0x6E, 0x6C, 0x6F, 0x71, 0x6F, 0xD7, 0x58, 0x74, 0x61, 0x5B, 0xA2, 0x82, 0x6E, 0x5F, 0x60, 0xDF,
    0xFF, 0xF1, 0xE6, 0xFF, 0xAF, 0x39, 0x30, 0x9E, 0x78, 0x79, 0xA4, 0x79, 0x83, 0x83, 0x63, 0xB1, 0xFF, 0xFD, 0xFF, 0xFF, 0xFD, 0xFF, 0xCE, 0x12,
    0x05, 0x0E, 0x68, 0x31, 0x31, 0x37, 0x2C, 0x32, 0x37, 0x2B, 0x1E, 0x1E, 0x2B, 0x44, 0x36, 0x1D, 0x04, 0x17, 0x99, 0xD3, 0xD3, 0xD4, 0xF9, 0xFF,
    0x9C, 0x09, 0x0D, 0x32, 0x2B, 0x1C, 0x37, 0x1D, 0x1C, 0x2C, 0x1D, 0x2A, 0x32, 0x1F, 0x2A, 0x2B, 0x3C, 0x0E, 0x0B, 0x96, 0xFF, 0x54, 0x09, 0x0E,
    0x31, 0x2C, 0x1C, 0x2B, 0x2B, 0x1E, 0x1D, 0x36, 0x2B, 0x1F, 0x44, 0x2C, 0x2C, 0x1E, 0x0C, 0x12, 0x92, 0xD3, 0xD3, 0xEA, 0xFF, 0xF7, 0xFF, 0x17,
    0x05, 0x1A, 0x7B, 0x2B, 0x1C, 0x44, 0x31, 0x1B, 0x1E, 0x36, 0x1E, 0x1D, 0x36, 0x32, 0x18, 0x0C, 0x72, 0xFF, 0x12, 0x0C, 0x2B, 0x32, 0x32, 0x1F,
    0x36, 0x36, 0x1B, 0x3C, 0x37, 0x1C, 0x2C, 0x1F, 0x32, 0x28, 0x0C, 0x10, 0x95, 0xFF, 0xF7, 0xFD, 0xFF, 0xE9, 0x98, 0x98, 0x12, 0x05, 0x1A, 0x32,
    0x1F, 0x1F, 0x1F, 0x37, 0x1D, 0x32, 0x1E, 0x1B, 0x2B, 0x2C, 0x1E, 0x31, 0x0F, 0x08, 0x99, 0xFF, 0x4D, 0x0A, 0x0C, 0x28, 0x2B, 0x36, 0x1D, 0x32,
    0x1F, 0x1F, 0x1D, 0x2C, 0x32, 0x1F, 0x36, 0x1B, 0x1E, 0x68, 0x36, 0x1E, 0x19, 0x2B, 0x2B, 0x44, 0x1D, 0x1F, 0x32, 0x2B, 0x84, 0x44, 0x2B, 0x1D,
    0x1E, 0x3B, 0x1F, 0x1F, 0x1F, 0x2B, 0x2B, 0x87, 0x1C, 0x32, 0x3B, 0x1D, 0x2B, 0x1D, 0x37, 0x37, 0x1E, 0x2B, 0x37, 0x1F, 0x2C, 0x44, 0x0F, 0x05,
    0x11, 0xA9, 0xFF, 0xF9, 0xFF, 0xFF, 0xFF, 0xFF, 0xFF, 0xAE, 0x5B, 0x62, 0x63, 0x62, 0x74, 0x62, 0x83, 0x5F, 0x2D, 0x2E, 0xDA, 0xF0, 0xD9, 0xE6,
    0xFF, 0xCA, 0x41, 0x5D, 0x5D, 0xAD, 0xB2, 0x61, 0x60, 0x57, 0xB4, 0x7F, 0x3E, 0x6A, 0x58, 0x58, 0x5D, 0x5B, 0x5D, 0x69, 0x3E, 0x39, 0xE4, 0xF4,
    0x3E, 0xCA, 0xDA, 0x7E, 0xFF, 0xC9, 0x41, 0x72, 0x6C, 0x61, 0x60, 0x6E, 0x6E, 0x6C, 0x60, 0x6E, 0x81, 0x81, 0x79, 0x76, 0x64, 0x74, 0x74, 0x77,
    0x6C, 0x62, 0x5F, 0xE4, 0xFF, 0x7E, 0xDA, 0xF4, 0x72, 0xED, 0xAF, 0x2D, 0x60, 0x75, 0x6F, 0x61, 0x6C, 0x6C, 0x6F, 0x72, 0x6C, 0xDA, 0x5D, 0x6E,
    0x72, 0x5C, 0x5B, 0x71, 0xAD, 0x75, 0x5B, 0xDB, 0xFF, 0xFF, 0xFF, 0xD6, 0x39, 0x34, 0x30, 0xA3, 0x7A, 0x7A, 0x7A, 0x7A, 0x78, 0x76, 0x74, 0x72,
    0xFA, 0xE7, 0xFC, 0xFF, 0xF9, 0xFF, 0xCE, 0x12, 0x08, 0x0E, 0x68, 0x1F, 0x1D, 0x32, 0x1C, 0x1C, 0x2A, 0x1F, 0x2B, 0x31, 0x1F, 0x37, 0x31, 0x1A,
    0x05, 0x16, 0x97, 0xAC, 0xD3, 0xD4, 0xF9, 0xFF, 0x9C, 0x09, 0x0F, 0x31, 0x1E, 0x0F, 0x2B, 0x1C, 0x19, 0x1F, 0x1C, 0x1E, 0x1D, 0x1C, 0x1E, 0x2B,
    0x32, 0x0E, 0x0D, 0x99, 0xFF, 0x54, 0x08, 0x0E, 0x1F, 0x1D, 0x19, 0x1D, 0x1D, 0x1B, 0x19, 0x1D, 0x1B, 0x19, 0x2B, 0x2B, 0x2A, 0x1D, 0x0C, 0x12,
    0x92, 0xD3, 0xD3, 0xEA, 0xFA, 0xF7, 0xFF, 0x17, 0x06, 0x18, 0x44, 0x1E, 0x19, 0x2C, 0x44, 0x19, 0x19, 0x31, 0x2C, 0x1B, 0x1F, 0x31, 0x18, 0x0C,
    0x66, 0xFF, 0x14, 0x0C, 0x1F, 0x2C, 0x36, 0x1C, 0x31, 0x2C, 0x19, 0x32, 0x2B, 0x1B, 0x2B, 0x1E, 0x1F, 0x28, 0x0C, 0x10, 0x94, 0xFF, 0xF7, 0xFD,
    0xFF, 0xE9, 0x98, 0x90, 0x10, 0x05, 0x1A, 0x1F, 0x1D, 0x1C, 0x1B, 0x2C, 0x19, 0x1E, 0x1C, 0x19, 0x2B, 0x1E, 0x19, 0x32, 0x0F, 0x0D, 0x99, 0xFF,
    0x4F, 0x0A, 0x0C, 0x28, 0x1E, 0x31, 0x1B, 0x32, 0x1D, 0x1E, 0x1D, 0x1C, 0x1F, 0x1D, 0x36, 0x1C, 0x1D, 0x2B, 0x31, 0x1D, 0x19, 0x2C, 0x1F, 0x7B,
    0x1B, 0x1C, 0x36, 0x1C, 0x3C, 0x32, 0x2B, 0x1C, 0x1E, 0x37, 0x2B, 0x2B, 0x1D, 0x31, 0x2B, 0x3B, 0x1C, 0x2B, 0x32, 0x1E, 0x36, 0x1E, 0x1F, 0x2B,
    0x1D, 0x1D, 0x36, 0x1E, 0x2B, 0x44, 0x0E, 0x05, 0x12, 0xA9, 0xFF, 0xF7, 0xFF, 0xFF, 0xF3, 0xF3, 0xFF, 0x79, 0x63, 0x64, 0x64, 0x64, 0x74, 0x74,
    0x78, 0x64, 0x2E, 0x2E, 0x59, 0xE4, 0xF8, 0xE8, 0xFF, 0xD7, 0x3D, 0x77, 0xB0, 0x7D, 0x58, 0x5B, 0x6E, 0x41, 0xBA, 0x85, 0x40, 0x5D, 0x59, 0x5D,
    0x5D, 0x5D, 0x58, 0x5D, 0x39, 0x34, 0xE6, 0xED, 0x3D, 0xDB, 0xD7, 0x6F, 0xFF, 0xD7, 0x61, 0x75, 0x6F, 0x61, 0x60, 0x6E, 0x60, 0x61, 0x5D, 0x6C,
    0x77, 0x77, 0x79, 0x79, 0x6E, 0x72, 0x74, 0x79, 0x60, 0x73, 0x61, 0xE4, 0xFF, 0x88, 0xD7, 0xF1, 0xA2, 0xF0, 0xBD, 0x2D, 0x5D, 0x70, 0x72, 0x6E,
    0x75, 0x6F, 0x72, 0x77, 0x6C, 0xDA, 0x58, 0x60, 0x77, 0x6E, 0x61, 0x60, 0x60, 0x82, 0x74, 0xCC, 0xFF, 0xE4, 0xCB, 0xAF, 0x33, 0x2D, 0x25, 0x67,
    0xA1, 0x7A, 0x78, 0x78, 0xA1, 0x74, 0x74, 0xAE, 0xFF, 0xED, 0xE6, 0xF0, 0xFF, 0xFF, 0xD0, 0x12, 0x05, 0x0E, 0x44, 0x2B, 0x2C, 0x44, 0x1D, 0x1F,
    0x3B, 0x2B, 0x1F, 0x2C, 0x1F, 0x3B, 0x31, 0x1A, 0x02, 0x17, 0x97, 0xAC, 0xD3, 0xD3, 0xFA, 0xFF, 0x95, 0x09, 0x18, 0x2B, 0x1F, 0x19, 0x1E, 0x31,
    0x19, 0x1F, 0x1D, 0x1E, 0x1F, 0x1E, 0x2B, 0x1E, 0x2C, 0x0C, 0x0D, 0x99, 0xFF, 0x54, 0x09, 0x0E, 0x1E, 0x1B, 0x1D, 0x1C, 0x19, 0x19, 0x0F, 0x1F,
    0x1C, 0x0F, 0x1E, 0x1C, 0x1E, 0x1C, 0x0C, 0x12, 0x8F, 0xD3, 0xD3, 0xE9, 0xFA, 0xF7, 0xFF, 0x17, 0x05, 0x18, 0x3C, 0x1D, 0x19, 0x1F, 0x3B, 0x1C,
    0x1B, 0x44, 0x1F, 0x2C, 0x42, 0x2B, 0x18, 0x0C, 0x94, 0xFE, 0x15, 0x0C, 0x1F, 0x37, 0x32, 0x1C, 0x3C, 0x1F, 0x19, 0x31, 0x1F, 0x1E, 0x2B, 0x1E,
    0x3C, 0x29, 0x0C, 0x0B, 0x94, 0xFF, 0xF7, 0xFD, 0xFF, 0xE9, 0x90, 0x98, 0x11, 0x02, 0x18, 0x2B, 0x1B, 0x1B, 0x1B, 0x1E, 0x19, 0x1F, 0x2B, 0x19,
    0x2B, 0x2B, 0x19, 0x1E, 0x19, 0x08, 0x99, 0xFF, 0x4D, 0x0A, 0x0C, 0x1E, 0x1F, 0x32, 0x1F, 0x3B, 0x1D, 0x1C, 0x1B, 0x1C, 0x1E, 0x2A, 0x3C, 0x1C,
    0x1B, 0x1E, 0x1F, 0x1F, 0x1C, 0x32, 0x1C, 0x37, 0x1E, 0x1E, 0x37, 0x1C, 0x36, 0x2C, 0x31, 0x1B, 0x1C, 0x2A, 0x2C, 0x2B, 0x1E, 0x37, 0x1F, 0x2A,
    0x1C, 0x1D, 0x32, 0x36, 0x2C, 0x1E, 0x32, 0x1F, 0x32, 0x1C, 0x44, 0x1F, 0x1F, 0x37, 0x0E, 0x05, 0x11, 0xA9, 0xFF, 0xF9, 0xFF, 0xED, 0xED, 0xF3,
    0xFF, 0xA2, 0x63, 0x65, 0x64, 0x65, 0x78, 0x64, 0x65, 0x5E, 0x29, 0x2D, 0x38, 0x82, 0xC7, 0xE4, 0xFF, 0xD7, 0x75, 0xB6, 0x6C, 0x41, 0x5D, 0x6B,
    0x6C, 0x41, 0xB4, 0x89, 0x40, 0x5D, 0x59, 0x59, 0x5D, 0x5D, 0x5D, 0x5D, 0x3E, 0x34, 0xDF, 0xF6, 0x7E, 0xDB, 0xD7, 0x77, 0xFF, 0xDA, 0x61, 0x6E,
    0x6E, 0x6C, 0x5B, 0x60, 0x60, 0x5F, 0x62, 0x5F, 0x75, 0x75, 0x77, 0x72, 0x6E, 0x6E, 0x77, 0x81, 0x62, 0x73, 0x60, 0xE4, 0xF3, 0xA2, 0xD9, 0xF7,
    0x76, 0xE6, 0xC1, 0x38, 0x5A, 0x6F, 0x77, 0x6C, 0x72, 0x6E, 0x75, 0x71, 0x69, 0xDA, 0x58, 0x5F, 0x61, 0x75, 0x5C, 0x60, 0x72, 0x57, 0x72, 0xDF,
    0xFF, 0xDB, 0xC7, 0xBA, 0x38, 0x5C, 0x9F, 0x4E, 0x53, 0xA4, 0x65, 0x65, 0x7A, 0x76, 0x61, 0x5A, 0xFF, 0xE6, 0xF4, 0xE3, 0xED, 0xFF, 0xD0, 0x12,
    0x05, 0x0E, 0x3C, 0x1E, 0x2B, 0x44, 0x1E, 0x2B, 0x44, 0x2B, 0x1D, 0x2C, 0x1D, 0x2C, 0x2B, 0x1A, 0x02, 0x17, 0x90, 0xAC, 0xAC, 0xD3, 0xF5, 0xFF,
    0x95, 0x09, 0x0F, 0x1D, 0x1E, 0x19, 0x1F, 0x2B, 0x19, 0x1C, 0x19, 0x1B, 0x1F, 0x1B, 0x19, 0x0F, 0x68, 0x0C, 0x0D, 0x97, 0xFF, 0x4E, 0x05, 0x0E,
    0x2C, 0x19, 0x19, 0x1C, 0x19, 0x0F, 0x0F, 0x1D, 0x1E, 0x1C, 0x19, 0x0F, 0x1F, 0x1C, 0x06, 0x10, 0x8F, 0xAC, 0xAC, 0xD4, 0xFF, 0xF2, 0xFF, 0x17,
    0x05, 0x18, 0x2B, 0x1C, 0x1C, 0x19, 0x2C, 0x19, 0x19, 0x87, 0x1D, 0x1E, 0x1F, 0x1D, 0x0F, 0x0C, 0x92, 0xFE, 0x15, 0x06, 0x1D, 0x2C, 0x2B, 0x1E,
    0x2C, 0x1D, 0x19, 0x1F, 0x1C, 0x1D, 0x32, 0x1E, 0x1F, 0x1D, 0x0C, 0x0B, 0x94, 0xFF, 0xF7, 0xFD, 0xFF, 0xE9, 0x91, 0x91, 0x11, 0x02, 0x0D, 0x2B,
    0x1B, 0x1D, 0x1B, 0x1F, 0x0F, 0x1E, 0x1E, 0x19, 0x1D, 0x19, 0x0F, 0x2C, 0x0F, 0x08, 0x93, 0xFF, 0x4D, 0x0A, 0x0C, 0x3C, 0x19, 0x19, 0x1C, 0x32,
    0x19, 0x19, 0x0F, 0x19, 0x1F, 0x1C, 0x1F, 0x1C, 0x0F, 0x19, 0x1C, 0x1E, 0x1B, 0x32, 0x1D, 0x2B, 0x31, 0x1C, 0x1C, 0x31, 0x2B, 0x2C, 0x3C, 0x1D,
    0x1E, 0x1F, 0x2C, 0x1F, 0x1C, 0x2B, 0x1C, 0x2B, 0x1B, 0x19, 0x1E, 0x2B, 0x1D, 0x1C, 0x31, 0x1D, 0x32, 0x19, 0x31, 0x1D, 0x1C, 0x32, 0x0E, 0x05,
    0x11, 0xAB, 0xFF, 0xF7, 0xED, 0xDF, 0xE5, 0xF9, 0xFF, 0x79, 0x63, 0x65, 0x78, 0x65, 0x52, 0x5E, 0x30, 0x30, 0x72, 0x5F, 0x30, 0xB7, 0xB2, 0xCB,
    0xFF, 0xE4, 0x6F, 0x57, 0x5C, 0x5B, 0x5C, 0x61, 0x60, 0x40, 0xB4, 0x88, 0x40, 0x5A, 0x5D, 0x59, 0x6C, 0x5D, 0x58, 0x61, 0x40, 0x34, 0xE4, 0xF4,
    0x43, 0xD7, 0xD9, 0x77, 0xFF, 0xD9, 0x5C, 0x6E, 0x60, 0x61, 0x5B, 0x62, 0x73, 0x5E, 0x60, 0x60, 0x75, 0x75, 0x75, 0x61, 0x62, 0x73, 0x77, 0x81,
    0x5F, 0x73, 0x62, 0xE8, 0xE5, 0x77, 0xDD, 0xF1, 0x81, 0xED, 0xBD, 0x6A, 0xCA, 0x6C, 0x5D, 0x5D, 0x71, 0x6E, 0x81, 0x81, 0x6B, 0xD7, 0x41, 0x5F,
    0x5F, 0x6B, 0x72, 0x55, 0x6E, 0x72, 0x5E, 0xA2, 0xFF, 0xDD, 0xBF, 0xB4, 0x52, 0xCD, 0xFF, 0xCE, 0x4D, 0x4E, 0x64, 0x65, 0x65, 0x76, 0x74, 0x58,
    0xFF, 0xE8, 0xF1, 0xDF, 0xDF, 0xF4, 0xD0, 0x11, 0x05, 0x0E, 0x44, 0x2B, 0x2C, 0x32, 0x1F, 0x19, 0x2B, 0x31, 0x1D, 0x32, 0x1C, 0x32, 0x32, 0x1A,
    0x04, 0x16, 0x8E, 0x9A, 0xAC, 0xD3, 0xFA, 0xFF, 0x9C, 0x09, 0x0F, 0x1F, 0x1D, 0x0F, 0x1F, 0x1C, 0x0E, 0x19, 0x1B, 0x1C, 0x1B, 0x0E, 0x19, 0x61,
    0xAC, 0x0D, 0x0D, 0x97, 0xFF, 0x4E, 0x08, 0x08, 0xA6, 0x72, 0x19, 0x0F, 0x19, 0x0F, 0x19, 0x1C, 0x1E, 0x1D, 0x1C, 0x19, 0x1D, 0x1C, 0x06, 0x12,
    0x8F, 0xAC, 0xAC, 0xE9, 0xFA, 0xF7, 0xFE, 0x16, 0x04, 0x19, 0x2B, 0x1D, 0x1C, 0x19, 0x32, 0x1C, 0x1B, 0x32, 0x1E, 0x1C, 0x1F, 0x2B, 0x0F, 0x06,
    0x50, 0xFE, 0x14, 0x06, 0x1C, 0x2C, 0x31, 0x2C, 0x1F, 0x36, 0x32, 0x1F, 0x1D, 0x1C, 0x37, 0x2B, 0x1F, 0x1D, 0x06, 0x0A, 0x94, 0xFF, 0xF7, 0xFD,
    0xFF, 0xE9, 0x91, 0x91, 0x10, 0x04, 0x18, 0x2B, 0x1E, 0x1B, 0x19, 0x1E, 0x19, 0x1E, 0x1C, 0x19, 0x19, 0x19, 0x72, 0xD4, 0x0D, 0x08, 0x99, 0xFF,
    0x50, 0x0A, 0x08, 0x53, 0x6E, 0x1C, 0x0E, 0x19, 0x1C, 0x1B, 0x0F, 0x1B, 0x31, 0x19, 0x0F, 0x1F, 0x1B, 0x19, 0x1B, 0x1F, 0x2B, 0x2B, 0x1E, 0x1D,
    0x1F, 0x1D, 0x1B, 0x2C, 0x19, 0x1D, 0x2C, 0x1F, 0x2B, 0x1E, 0x37, 0x1E, 0x19, 0x2C, 0x19, 0x2B, 0x1E, 0x19, 0x1E, 0x2C, 0x1C, 0x1D, 0x1F, 0x19,
    0x2B, 0x19, 0x2C, 0x1E, 0x1E, 0x3C, 0x0E, 0x05, 0x11, 0xA9, 0xFF, 0xE6, 0xDF, 0xE2, 0xED, 0xF7, 0xFF, 0x65, 0x63, 0x78, 0x65, 0x63, 0x51, 0x2F,
    0x4E, 0xCE, 0xFF, 0xAB, 0x30, 0xC5, 0xB9, 0xCF, 0xFF, 0x77, 0x41, 0x5C, 0x6C, 0x5D, 0x5F, 0x57, 0x5C, 0x55, 0xB0, 0x85, 0x39, 0x59, 0x5D, 0x61,
    0x59, 0x5D, 0x75, 0x5D, 0x3E, 0x3E, 0xE6, 0xF8, 0x6B, 0xD9, 0xDA, 0x81, 0xFF, 0xDB, 0x60, 0x61, 0x61, 0x6E, 0x5C, 0x5F, 0x5C, 0x5F, 0x62, 0x5F,
    0x75, 0x75, 0x77, 0x75, 0x6E, 0x74, 0x78, 0x80, 0x5C, 0x62, 0x60, 0xE8, 0xEC, 0x72, 0xDA, 0xF4, 0x88, 0xF4, 0xAE, 0x28, 0x7E, 0xBB, 0xAE, 0x5D,
    0x6C, 0x77, 0x77, 0x77, 0x6B, 0xD7, 0x57, 0x5C, 0x5C, 0x55, 0x6E, 0x61, 0x74, 0x81, 0x73, 0x74, 0xF8, 0xE4, 0xC9, 0xB5, 0x2F, 0x94, 0xD4, 0xD2,
    0xE1, 0x4D, 0x27, 0x52, 0x65, 0x65, 0x65, 0xA1, 0xFF, 0xED, 0xF3, 0xE2, 0xDB, 0xF0, 0xD0, 0x11, 0x05, 0x0E, 0x44, 0x2B, 0x37, 0x36, 0x1E, 0x19,
    0x1D, 0x31, 0x1E, 0x36, 0x1B, 0x2C, 0x31, 0x1A, 0x05, 0x16, 0x8D, 0x9A, 0xAC, 0xD3, 0xFA, 0xFF, 0x9C, 0x0A, 0x0F, 0x2B, 0x1C, 0x0F, 0x1F, 0x1B,
    0x0F, 0x19, 0x1E, 0x0F, 0x0E, 0x2A, 0xCD, 0x96, 0x99, 0x0D, 0x0D, 0x8F, 0xFF, 0x50, 0x08, 0x08, 0x4D, 0x99, 0x9D, 0x1E, 0x0E, 0x0F, 0x1C, 0x0F,
    0x1E, 0x1C, 0x1E, 0x19, 0x1C, 0x1C, 0x0C, 0x12, 0x8E, 0x9A, 0xAA, 0xD3, 0xFF, 0xF3, 0xFE, 0x15, 0x04, 0x19, 0x2B, 0x1D, 0x1E, 0x19, 0x2B, 0x32,
    0x1D, 0x1E, 0x1E, 0x19, 0x2C, 0x36, 0x0E, 0x06, 0x50, 0xFE, 0x11, 0x06, 0x1C, 0x31, 0x31, 0x1D, 0x1F, 0x2B, 0x1B, 0x1E, 0x1F, 0x1B, 0x1F, 0x1E,
    0x32, 0x1D, 0x0C, 0x0A, 0x50, 0xFF, 0xF7, 0xFD, 0xFF, 0xE9, 0x91, 0x91, 0x11, 0x05, 0x0D, 0x1F, 0x1D, 0x19, 0x19, 0x1F, 0x0F, 0x1C, 0x0E, 0x0F,
    0x2A, 0xD2, 0x96, 0x96, 0x0D, 0x0C, 0x96, 0xFF, 0x4F, 0x0A, 0x08, 0x2F, 0x96, 0xAA, 0x1B, 0x0E, 0x0F, 0x1E, 0x0F, 0x1D, 0x36, 0x19, 0x0F, 0x2E,
    0x1D, 0x0F, 0x19, 0x2C, 0x1D, 0x2B, 0x2C, 0x1B, 0x1E, 0x1F, 0x1C, 0x1C, 0x19, 0x1C, 0x2B, 0x1F, 0x1C, 0x1B, 0x68, 0x1F, 0x1C, 0x68, 0x1D, 0x2B,
    0x44, 0x1F, 0x2B, 0x44, 0x1F, 0x1E, 0x2C, 0x1F, 0x32, 0x1B, 0x36, 0x2C, 0x1F, 0x68, 0x0E, 0x05, 0x11, 0xA9, 0xFE, 0xE3, 0xDC, 0xDC, 0xED, 0xF1,
    0xFD, 0x66, 0x52, 0x64, 0x64, 0x52, 0x2F, 0x53, 0xD4, 0xD2, 0xE9, 0x93, 0x2F, 0x9C, 0xA9, 0xE1, 0xFF, 0x60, 0x5C, 0x72, 0x61, 0x5F, 0x5B, 0x5D,
    0x5D, 0x55, 0xBA, 0x88, 0x40, 0x6B, 0x55, 0x7D, 0x41, 0x43, 0x5D, 0x75, 0xB6, 0x70, 0xCA, 0xF4, 0x6C, 0xD9, 0xDF, 0x81, 0xF9, 0xDB, 0x5B, 0x6E,
    0x61, 0x60, 0x5B, 0x5E, 0x5F, 0x61, 0x62, 0x76, 0x77, 0x77, 0x77, 0x77, 0x77, 0x74, 0x73, 0x79, 0x5D, 0x6E, 0x60, 0xE6, 0xED, 0x81, 0xDD, 0xF6,
    0x82, 0xF4, 0xB0, 0x2D, 0x55, 0x72, 0xBA, 0xC3, 0x71, 0x6B, 0x6C, 0x77, 0x6F, 0xD7, 0x5D, 0x62, 0x5C, 0x57, 0x5F, 0x61, 0xB4, 0x61, 0x73, 0x65,
    0xFF, 0xDF, 0xA5, 0xB2, 0x30, 0x96, 0xAA, 0x93, 0x97, 0xAB, 0x50, 0x2F, 0x52, 0x78, 0x65, 0x64, 0xFA, 0xED, 0xF1, 0xDB, 0xDC, 0xF4, 0xCE, 0x11,
    0x05, 0x0E, 0x3C, 0x2C, 0x31, 0x1F, 0x1E, 0x19, 0x1C, 0x2A, 0x1E, 0x36, 0x1C, 0x2B, 0x1F, 0x18, 0x04, 0x16, 0x90, 0x9A, 0x9A, 0xAC, 0xFA, 0xFF,
    0x9C, 0x09, 0x0F, 0x1C, 0x1D, 0x19, 0x1B, 0x19, 0x1B, 0x19, 0x07, 0x19, 0x5F, 0xAA, 0x50, 0x54, 0x96, 0x0C, 0x0D, 0x93, 0xFF, 0x4E, 0x08, 0x08,
    0x50, 0x50, 0x4F, 0xAC, 0x1E, 0x0F, 0x0F, 0x0F, 0x19, 0x0F, 0x1C, 0x0E, 0x19, 0x0F, 0x0C, 0x12, 0x8C, 0x9A, 0x9A, 0xAC, 0xFF, 0xF3, 0xFE, 0x15,
    0x04, 0x19, 0x1F, 0x1D, 0x1D, 0x19, 0x1E, 0x1F, 0x1D, 0x1E, 0x1D, 0x19, 0x1C, 0x2C, 0x0F, 0x06, 0x50, 0xFE, 0x11, 0x06, 0x1B, 0x31, 0x2B, 0x1C,
    0x1E, 0x1B, 0x19, 0x1C, 0x1D, 0x19, 0x1F, 0x1E, 0x1E, 0x1B, 0x06, 0x0A, 0x50, 0xFF, 0xF7, 0xF9, 0xFF, 0xD4, 0x91, 0x91, 0x10, 0x04, 0x18, 0x1C,
    0x19, 0x0F, 0x1B, 0x1E, 0x0E, 0x19, 0x0E, 0x44, 0xAC, 0x50, 0x4D, 0x96, 0x0D, 0x0C, 0x94, 0xFF, 0x4D, 0x09, 0x08, 0x27, 0x50, 0x4D, 0xAC, 0x83,
    0x0F, 0x0F, 0x19, 0x1C, 0x1F, 0x0F, 0x0E, 0x3F, 0x1A, 0x0E, 0x19, 0x2C, 0x19, 0x1C, 0x1D, 0x19, 0x1E, 0x1C, 0x19, 0x1C, 0x19, 0x1B, 0x1F, 0x1C,
    0x19, 0x19, 0x1E, 0x1B, 0x19, 0x31, 0x1B, 0x19, 0x32, 0x1F, 0x1D, 0x1F, 0x2A, 0x1C, 0x1E, 0x2B, 0x2C, 0x19, 0x36, 0x1F, 0x1C, 0x37, 0x0E, 0x05,
    0x10, 0xA9, 0xFE, 0xDB, 0xC8, 0xDC, 0xE5, 0xF0, 0xFD, 0x66, 0x52, 0x63, 0x30, 0x2F, 0x96, 0xAC, 0x98, 0x97, 0xAC, 0x92, 0x2F, 0x9D, 0x9D, 0xCE,
    0xFF, 0x51, 0x5E, 0x74, 0x5F, 0x5B, 0x5B, 0x5D, 0x5C, 0x57, 0xBD, 0x88, 0x3E, 0x58, 0x43, 0x7E, 0x40, 0x43, 0x88, 0xC3, 0x69, 0x34, 0xBE, 0xF4,
    0x6B, 0xD7, 0xE0, 0x77, 0xFA, 0xCB, 0x55, 0x6E, 0x60, 0x5C, 0x5B, 0x63, 0x5E, 0x62, 0x5F, 0xA1, 0x72, 0x75, 0x77, 0x60, 0x72, 0x61, 0x6E, 0x82,
    0x5C, 0x61, 0x61, 0xE6, 0xF0, 0x72, 0xDB, 0xF6, 0x7F, 0xF0, 0xB1, 0x29, 0x5D, 0x61, 0x5C, 0x81, 0xBA, 0xB6, 0x6F, 0x71, 0xAD, 0xD6, 0x57, 0x6E,
    0x60, 0x57, 0x5F, 0x5C, 0x76, 0x5F, 0x63, 0x67, 0xFF, 0xE1, 0xA7, 0x9F, 0x30, 0x92, 0x90, 0x46, 0x45, 0x8D, 0x99, 0xA6, 0x4D, 0x4E, 0x65, 0x78,
    0xFF, 0xDB, 0xE2, 0xE7, 0xDC, 0xF4, 0xCE, 0x11, 0x05, 0x0E, 0x37, 0x1F, 0x1F, 0x1C, 0x1F, 0x1C, 0x1F, 0x2C, 0x1E, 0x37, 0x1C, 0x32, 0x1F, 0x19,
    0x06, 0x15, 0x8E, 0x98, 0x9A, 0xAC, 0xFA, 0xFF, 0x95, 0x09, 0x0F, 0x1D, 0x1C, 0x0F, 0x1C, 0x1D, 0x0E, 0x0E, 0x1E, 0x95, 0x99, 0x4D, 0x4F, 0x50,
    0x96, 0x0C, 0x0D, 0x93, 0xFF, 0x4E, 0x08, 0x08, 0x50, 0x94, 0x50, 0x4D, 0x99, 0x51, 0x0E, 0x07, 0x1B, 0x0F, 0x1C, 0x0F, 0x1C, 0x19, 0x0C, 0x12,
    0x8E, 0x98, 0x98, 0xAC, 0xFF, 0xF3, 0xFF, 0x15, 0x04, 0x19, 0x1F, 0x1F, 0x1E, 0x19, 0x1E, 0x1C, 0x1E, 0x19, 0x1B, 0x32, 0x1C, 0x32, 0x0E, 0x04,
    0x4E, 0xFE, 0x11, 0x04, 0x1B, 0x2B, 0x1F, 0x1B, 0x2A, 0x19, 0x1C, 0x1D, 0x1B, 0x19, 0x2B, 0x1E, 0x1C, 0x1D, 0x06, 0x0A, 0x50, 0xFF, 0xF7, 0xFD,
    0xFF, 0xD4, 0x91, 0x91, 0x0B, 0x06, 0x18, 0x1B, 0x1B, 0x1C, 0x1B, 0x1C, 0x0E, 0x19, 0x9F, 0x94, 0x92, 0x4D, 0x4B, 0x96, 0x0D, 0x0C, 0x93, 0xFF,
    0x4D, 0x09, 0x08, 0x25, 0x92, 0x92, 0x4B, 0x94, 0xAB, 0x33, 0x0E, 0x0F, 0x1F, 0x0E, 0x0E, 0x30, 0x4F, 0x0E, 0x07, 0x1F, 0x19, 0x1F, 0x1D, 0x1B,
    0x2B, 0x1C, 0x1B, 0x1E, 0x19, 0x19, 0x1D, 0x19, 0x19, 0x1B, 0x1E, 0x0F, 0x1B, 0x1C, 0x1D, 0x1F, 0x1F, 0x1F, 0x1D, 0x1F, 0x1F, 0x1B, 0x2C, 0x32,
    0x32, 0x1C, 0x1F, 0x1E, 0x1E, 0x36, 0x0E, 0x05, 0x11, 0xA7, 0xFE, 0xCF, 0xDC, 0xE5, 0xEC, 0xF7, 0xFF, 0x67, 0x52, 0x2F, 0x2F, 0xAA, 0x9A, 0x8D,
    0x45, 0x48, 0x97, 0x4A, 0x27, 0xA9, 0xCD, 0xD2, 0xFF, 0x4E, 0x5E, 0x63, 0x5E, 0x5E, 0x5F, 0x5D, 0x5C, 0x41, 0xBB, 0x7E, 0x43, 0x82, 0x40, 0x6B,
    0x75, 0xCB, 0xBA, 0x75, 0x38, 0x38, 0xD7, 0xF4, 0x71, 0xDB, 0xDF, 0x78, 0xF1, 0xD9, 0x5C, 0x6E, 0x6C, 0x5D, 0x61, 0x62, 0x5B, 0x5F, 0x61, 0xA4,
    0x75, 0x75, 0x75, 0x72, 0x72, 0x70, 0x77, 0x6E, 0x5B, 0x6C, 0x61, 0xE6, 0xFD, 0xD7, 0xE8, 0xF4, 0xAE, 0xF8, 0x81, 0x29, 0x5C, 0x61, 0x72, 0x61,
    0x5C, 0x82, 0xDA, 0x88, 0x6D, 0xCA, 0x58, 0x72, 0x6E, 0x5D, 0x5C, 0x61, 0x6E, 0x5B, 0x5E, 0x63, 0xFF, 0xE1, 0xC4, 0xA4, 0x2F, 0x4F, 0x91, 0x20,
    0x00, 0x13, 0x8A, 0x98, 0xAC, 0x4F, 0x2F, 0x4E, 0xFF, 0xF8, 0xE2, 0xE5, 0xDF, 0xF0, 0xD0, 0x11, 0x05, 0x0E, 0x32, 0x1C, 0x1F, 0x1C, 0x1C, 0x0F,
    0x1D, 0x31, 0x1E, 0x2B, 0x19, 0x1F, 0x1F, 0x19, 0x06, 0x15, 0x8D, 0x98, 0x98, 0xAC, 0xFA, 0xFF, 0x95, 0x09, 0x0E, 0x1C, 0x1C, 0x0F, 0x1C, 0x0E,
    0x0E, 0x1B, 0xAC, 0x4D, 0x4D, 0x4B, 0x4C, 0x4B, 0x94, 0x0C, 0x0D, 0x93, 0xFF, 0x4E, 0x05, 0x08, 0x4D, 0x4C, 0x4B, 0x27, 0x27, 0x93, 0x67, 0x1B,
    0x0E, 0x0F, 0x1C, 0x19, 0x1B, 0x0F, 0x0C, 0x12, 0x8C, 0x98, 0x98, 0xAC, 0xFF, 0xF3, 0xFE, 0x15, 0x04, 0x0F, 0x1E, 0x1F, 0x1D, 0x0F, 0x1E, 0x1C,
    0x1C, 0x0E, 0x1B, 0x3B, 0x1D, 0x2C, 0x0E, 0x04, 0x4E, 0xFE, 0x11, 0x06, 0x19, 0x1F, 0x1F, 0x19, 0x2B, 0x19, 0x1E, 0x2A, 0x1C, 0x19, 0x1C, 0x1F,
    0x1E, 0x1C, 0x06, 0x09, 0x50, 0xFF, 0xF7, 0xFD, 0xFF, 0xD4, 0x91, 0x91, 0x0B, 0x04, 0x18, 0x1C, 0x1B, 0x1B, 0x0F, 0x0E, 0x19, 0x54, 0x4C, 0x26,
    0x4D, 0x4B, 0x4B, 0x96, 0x0D, 0x08, 0x93, 0xFF, 0x4B, 0x09, 0x0D, 0x27, 0x4F, 0x94, 0x4B, 0x4D, 0x50, 0x99, 0x1B, 0x0E, 0x0F, 0x0F, 0x0F, 0x2D,
    0x26, 0x1B, 0x07, 0x1C, 0x19, 0x1F, 0x1E, 0x19, 0x31, 0x19, 0x19, 0x1D, 0x0E, 0x0F, 0x1C, 0x0F, 0x19, 0x1F, 0x1B, 0x19, 0x1C, 0x19, 0x1E, 0x1E,
    0x1B, 0x36, 0x2B, 0x1F, 0x1E, 0x19, 0x2C, 0x2B, 0x32, 0x19, 0x1F, 0x1E, 0x1B, 0x36, 0x0E, 0x03, 0x11, 0xA7, 0xFE, 0xDE, 0xF1, 0xE1, 0xE5, 0xFF,
    0xFF, 0x4E, 0x27, 0x94, 0xAC, 0x8D, 0x8A, 0x0B, 0x04, 0x21, 0x97, 0x8F, 0x4B, 0xA6, 0x96, 0xD2, 0xFF, 0x30, 0x62, 0x62, 0x5E, 0x5C, 0x5C, 0x5D,
    0x5B, 0x57, 0xC2, 0x71, 0x69, 0x6A, 0x43, 0xC2, 0xDF, 0xA2, 0x55, 0x6C, 0x43, 0x2E, 0xC9, 0xF1, 0x72, 0xD9, 0xEE, 0xD9, 0xF9, 0xD9, 0x5C, 0x72,
    0x60, 0x6E, 0x77, 0x5C, 0x73, 0x62, 0x6E, 0xB2, 0x81, 0x75, 0x75, 0x75, 0x5D, 0xC7, 0xE5, 0x6E, 0x55, 0x6C, 0x61, 0xE6, 0xFA, 0xDF, 0xE8, 0xFF,
    0xB4, 0xF4, 0x81, 0x29, 0x6F, 0x74, 0x6E, 0x61, 0x6E, 0x60, 0x77, 0xD7, 0xB4, 0xDA, 0x58, 0x74, 0x60, 0x6E, 0x5B, 0x60, 0x72, 0x5E, 0x51, 0x5E,
    0xFF, 0xD1, 0xC4, 0xB7, 0x2F, 0x92, 0x90, 0x8A, 0x08, 0x00, 0x05, 0x45, 0x91, 0xAA, 0xA6, 0x54, 0xFF, 0xF9, 0xFF, 0xE5, 0xE3, 0xF8, 0xCE, 0x11,
    0x05, 0x07, 0x31, 0x1C, 0x1E, 0x1C, 0x1B, 0x0F, 0x1B, 0x1E, 0x19, 0x1E, 0x0F, 0x19, 0x1E, 0x19, 0x04, 0x15, 0x8C, 0x98, 0x98, 0xAC, 0xFA, 0xFF,
    0x95, 0x09, 0x0C, 0x19, 0x19, 0x0F, 0x0E, 0x0E, 0x52, 0x99, 0x4B, 0x4B, 0x4B, 0x27, 0x4D, 0x4B, 0x4F, 0x0C, 0x08, 0x8F, 0xFF, 0x4B, 0x05, 0x05,
    0x4B, 0x27, 0x27, 0x4B, 0x4D, 0x4F, 0x4F, 0xAC, 0x1E, 0x0E, 0x0E, 0x0F, 0x19, 0x0E, 0x0C, 0x12, 0x8C, 0x98, 0x98, 0xAC, 0xFF, 0xF3, 0xFF, 0x17,
    0x06, 0x0F, 0x1C, 0x1C, 0x19, 0x0F, 0x1F, 0x1B, 0x19, 0x0E, 0x1D, 0x1F, 0x1C, 0x1E, 0x0E, 0x04, 0x95, 0xFE, 0x11, 0x06, 0x19, 0x2C, 0x2B, 0x1B,
    0x2B, 0x19, 0x19, 0x1C, 0x1D, 0x19, 0x1C, 0x1F, 0x1D, 0x19, 0x06, 0x0A, 0x50, 0xFF, 0xF7, 0xF9, 0xFF, 0xE9, 0x91, 0x91, 0x0B, 0x06, 0x0E, 0x1E,
    0x0F, 0x0E, 0x0F, 0x28, 0x99, 0x4B, 0x4D, 0x27, 0x50, 0x4D, 0x4D, 0x94, 0x0D, 0x05, 0x93, 0xFF, 0x4B, 0x09, 0x05, 0x25, 0x4B, 0x4F, 0x4B, 0x4B,
    0x4B, 0x26, 0x94, 0xB8, 0x0E, 0x0E, 0x0F, 0x30, 0x22, 0x1A, 0x07, 0x19, 0x19, 0x1D, 0x1C, 0x19, 0x2B, 0x19, 0x0F, 0x1B, 0x0F, 0x0F, 0x1E, 0x19,
    0x1B, 0x1F, 0x19, 0x1E, 0x1F, 0x0F, 0x1E, 0x1E, 0x19, 0x2B, 0x1D, 0x1F, 0x1F, 0x19, 0x2B, 0x1E, 0x2C, 0x0F, 0x1D, 0x1F, 0x1C, 0x36, 0x0E, 0x03,
    0x11, 0xA6, 0xFF, 0xE5, 0xE2, 0xF6, 0xFF, 0xFD, 0xFF, 0x9D, 0xAA, 0x9A, 0x8B, 0x20, 0x04, 0x00, 0x08, 0x8A, 0x97, 0x8F, 0x2F, 0xA9, 0xAA, 0xD2,
    0xFF, 0x30, 0x51, 0x5E, 0x5B, 0x41, 0x5B, 0x5D, 0x60, 0x5D, 0xBF, 0x85, 0x39, 0xB6, 0xD7, 0x88, 0x71, 0x43, 0x5D, 0x71, 0x40, 0x2E, 0xDB, 0xED,
    0x6C, 0xED, 0xE4, 0xF8, 0xFF, 0xE0, 0x61, 0x6E, 0x60, 0xBF, 0xB6, 0x41, 0x74, 0x5F, 0x60, 0xBB, 0x5C, 0x75, 0x80, 0x72, 0x5D, 0xB4, 0xCB, 0xBF,
    0x60, 0x72, 0xE0, 0xF8, 0xE3, 0x41, 0x29, 0xA5, 0xE6, 0xFF, 0x61, 0x2D, 0x6C, 0x38, 0x5F, 0x61, 0x6E, 0x6E, 0x6E, 0x6E, 0x82, 0xDA, 0x41, 0x61,
    0x58, 0x5F, 0x60, 0x5B, 0x6E, 0x5E, 0x51, 0x63, 0xFF, 0xD1, 0xA9, 0xB7, 0x2F, 0x4F, 0x8D, 0x47, 0x8A, 0x20, 0x00, 0x00, 0x23, 0x97, 0x99, 0xE9,
    0xFF, 0xFA, 0xFF, 0xFF, 0xF3, 0xF8, 0xCE, 0x11, 0x05, 0x0E, 0x36, 0x2B, 0x37, 0x2B, 0x1F, 0x19, 0x1C, 0x1C, 0x19, 0x1B, 0x1C, 0x1B, 0x1C, 0x19,
    0x06, 0x15, 0x8E, 0x98, 0x98, 0x9A, 0xFA, 0xFF, 0x95, 0x08, 0x0D, 0x1B, 0x19, 0x07, 0x1B, 0xA6, 0x92, 0x4E, 0x50, 0x50, 0x50, 0x4D, 0x50, 0x50,
    0x94, 0x0C, 0x08, 0x8F, 0xFF, 0x4B, 0x03, 0x05, 0x4B, 0x4B, 0x4B, 0x4D, 0x50, 0x4F, 0x4F, 0x4F, 0x9A, 0x68, 0x0F, 0x07, 0x19, 0x19, 0x0C, 0x10,
    0x49, 0x91, 0x91, 0xAC, 0xFF, 0xF3, 0xFE, 0x17, 0x04, 0x18, 0x2B, 0x1C, 0x19, 0x1E, 0x1D, 0x1C, 0x1E, 0x19, 0x2B, 0x1E, 0x1F, 0x1F, 0x0C, 0x04,
    0x9C, 0xFE, 0x11, 0x04, 0x1B, 0x2B, 0x2B, 0x1B, 0x1F, 0x19, 0x19, 0x1B, 0x1C, 0x19, 0x1C, 0x1C, 0x1C, 0x1C, 0x06, 0x0A, 0x50, 0xFF, 0xF7, 0xFD,
    0xFF, 0xD4, 0x91, 0x91, 0x0B, 0x06, 0x0F, 0x19, 0x07, 0x0F, 0x64, 0xAA, 0x4D, 0x50, 0x50, 0x4D, 0x50, 0x4D, 0x4B, 0x94, 0x0D, 0x05, 0x93, 0xFF,
    0x4B, 0x09, 0x05, 0x25, 0x4C, 0x4D, 0x27, 0x4B, 0x4B, 0x4B, 0x4D, 0x4F, 0x53, 0x1B, 0x0E, 0x30, 0x11, 0x25, 0x0C, 0x0F, 0x1F, 0x1E, 0x1E, 0x1C,
    0x1C, 0x2B, 0x1F, 0x1E, 0x2B, 0x1F, 0x32, 0x1F, 0x36, 0x36, 0x19, 0x1B, 0x1E, 0x1D, 0x1F, 0x1B, 0x19, 0x31, 0x1C, 0x2B, 0x1E, 0x1D, 0x36, 0x2B,
    0x2C, 0x19, 0x1E, 0x1F, 0x2B, 0x3B, 0x0E, 0x03, 0x11, 0xA7, 0xFE, 0xE3, 0xF8, 0xFF, 0xFF, 0xFF, 0xF7, 0xD2, 0x94, 0x8D, 0x13, 0x00, 0x04, 0x20,
    0x8A, 0x48, 0x90, 0x4C, 0x4B, 0xC4, 0xCD, 0xE1, 0xFF, 0x3F, 0x51, 0x5E, 0x5E, 0x5B, 0x5B, 0x5F, 0x5C, 0x5D, 0xB4, 0xD7, 0xD7, 0xDD, 0x71, 0x55,
    0x43, 0x59, 0x58, 0x41, 0x3D, 0x34, 0xC9, 0xFF, 0xE4, 0x88, 0x28, 0x6D, 0xE6, 0xFF, 0xB2, 0x5F, 0x6E, 0xBF, 0x77, 0x5E, 0x62, 0x60, 0x6E, 0xA2,
    0x88, 0x73, 0x62, 0x74, 0x77, 0x61, 0xB4, 0xB4, 0x57, 0x74, 0xCC, 0xFF, 0xDC, 0x5B, 0x29, 0x78, 0x57, 0xD9, 0x71, 0x2D, 0x6F, 0xB4, 0xB1, 0x60,
    0x80, 0x81, 0x75, 0x72, 0x40, 0xBF, 0x55, 0x6E, 0x57, 0x5C, 0x5C, 0x5C, 0x72, 0x5E, 0x51, 0x5E, 0xFF, 0xE1, 0xA9, 0xA1, 0x2F, 0x4C, 0x91, 0x11,
    0x05, 0x45, 0x45, 0x08, 0x20, 0x90, 0x4A, 0xAA, 0xFF, 0xE5, 0xFC, 0xFF, 0xFD, 0xFF, 0xD0, 0x11, 0x05, 0x0E, 0x32, 0x1D, 0x1F, 0x1F, 0x2B, 0x0E,
    0x19, 0x1C, 0x19, 0x19, 0x1B, 0x1C, 0x1B, 0x0F, 0x06, 0x15, 0x8E, 0x98, 0x98, 0x9A, 0xFA, 0xFF, 0x95, 0x08, 0x08, 0x0F, 0x19, 0x2E, 0x94, 0x4B,
    0x27, 0x94, 0x27, 0x4B, 0x50, 0x4B, 0x4B, 0x4B, 0x4F, 0x08, 0x08, 0x8E, 0xFF, 0x27, 0x03, 0x02, 0x27, 0x4C, 0x26, 0x4B, 0x4B, 0x4D, 0x4D, 0x4B,
    0x50, 0x92, 0x66, 0x1C, 0x0E, 0x0E, 0x06, 0x0A, 0x47, 0x91, 0x91, 0x9A, 0xFF, 0xEE, 0xFE, 0x15, 0x04, 0x0E, 0x1F, 0x1C, 0x19, 0x2C, 0x19, 0x19,
    0x1E, 0x0E, 0x1E, 0x1D, 0x2B, 0x1F, 0x0C, 0x04, 0x4E, 0xFF, 0x0B, 0x06, 0x0F, 0x1F, 0x1F, 0x19, 0x1C, 0x0E, 0x1B, 0x0F, 0x19, 0x0F, 0x0F, 0x19,
    0x1C, 0x19, 0x06, 0x09, 0x4E, 0xFF, 0xF7, 0xF9, 0xFF, 0xD4, 0x91, 0x91, 0x0B, 0x06, 0x0E, 0x0F, 0x1B, 0x95, 0x50, 0x4D, 0x27, 0x4B, 0x4B, 0x27,
    0x4B, 0x4B, 0x27, 0xA6, 0x0D, 0x05, 0x93, 0xFF, 0x26, 0x09, 0x03, 0x24, 0x26, 0x27, 0x26, 0x27, 0x50, 0x4B, 0x50, 0x27, 0x92, 0x95, 0x38, 0x2F,
    0x0A, 0x4A, 0x18, 0x0E, 0x19, 0x19, 0x19, 0x1B, 0x19, 0x1E, 0x1F, 0x1C, 0x1F, 0x1E, 0x1D, 0x19, 0x1B, 0x31, 0x19, 0x19, 0x1C, 0x1B, 0x2A, 0x0E,
    0x0E, 0x1F, 0x1B, 0x1D, 0x1B, 0x0F, 0x1F, 0x1C, 0x2C, 0x19, 0x1E, 0x1C, 0x1B, 0x32, 0x0E, 0x03, 0x11, 0xA6, 0xFF, 0xF7, 0xFF, 0xFF, 0xE9, 0xEA,
    0xFB, 0x94, 0x4A, 0x8B, 0x0D, 0x0D, 0x45, 0x20, 0x04, 0x20, 0x8E, 0x4C, 0x2F, 0xA7, 0xAA, 0xCE, 0xFF, 0x52, 0x5E, 0x5E, 0x5E, 0x5B, 0x5B, 0x5C,
    0x5B, 0x57, 0xBE, 0xBD, 0x7D, 0x5D, 0x43, 0x6B, 0x5D, 0x3E, 0x5D, 0x70, 0x34, 0x34, 0xD6, 0xD6, 0x7D, 0x41, 0x28, 0x55, 0xDB, 0xF1, 0x79, 0x5F,
    0x6E, 0xBA, 0x72, 0x5F, 0x6E, 0x5E, 0x5E, 0xA4, 0xDB, 0xD9, 0xB1, 0x5D, 0x5F, 0x62, 0x75, 0x6E, 0x5B, 0x73, 0x5B, 0xED, 0xDB, 0x6E, 0x55, 0xCB,
    0x64, 0xB2, 0x6F, 0x29, 0x88, 0xB4, 0x59, 0xBB, 0x6E, 0x72, 0x72, 0x72, 0x61, 0xC9, 0x43, 0x61, 0x57, 0x5C, 0x5B, 0x57, 0x73, 0x5E, 0x51, 0x51,
    0xFF, 0xE1, 0xA9, 0xA4, 0x2F, 0x4C, 0x91, 0x20, 0x00, 0x00, 0x14, 0x8A, 0x8B, 0x8E, 0x49, 0xA7, 0xFF, 0xD1, 0xDE, 0xF6, 0xFF, 0xFF, 0xCE, 0x10,
    0x03, 0x0E, 0x31, 0x1B, 0x1B, 0x1F, 0x19, 0x19, 0x1D, 0x1B, 0x19, 0x19, 0x0F, 0x19, 0x1B, 0x19, 0x04, 0x12, 0x8C, 0x91, 0x91, 0x9A, 0xFA, 0xFF,
    0x95, 0x08, 0x0C, 0x1D, 0x64, 0x8F, 0x4B, 0x27, 0x4B, 0x50, 0x26, 0x27, 0x4D, 0x4B, 0x27, 0x27, 0x4C, 0x08, 0x08, 0x8F, 0xFF, 0x26, 0x03, 0x02,
    0x27, 0x4C, 0x26, 0x4B, 0x4B, 0x27, 0x50, 0x4B, 0x92, 0x26, 0x4C, 0x99, 0x28, 0x07, 0x06, 0x0B, 0x49, 0x91, 0x91, 0x9A, 0xFF, 0xEE, 0xFE, 0x15,
    0x04, 0x0E, 0x1F, 0x1E, 0x19, 0x2B, 0x1B, 0x0F, 0x19, 0x0E, 0x1E, 0x19, 0x2C, 0x1F, 0x0C, 0x04, 0x4E, 0xFF, 0x0B, 0x06, 0x0F, 0x1F, 0x31, 0x0F,
    0x1F, 0x0E, 0x19, 0x0F, 0x19, 0x0F, 0x19, 0x19, 0x19, 0x19, 0x06, 0x0A, 0x50, 0xFF, 0xF7, 0xFD, 0xFF, 0xD4, 0x8E, 0x91, 0x0B, 0x06, 0x0E, 0x2E,
    0x94, 0x4B, 0x2F, 0x27, 0x27, 0x4B, 0x27, 0x26, 0x4B, 0x4B, 0x4B, 0x94, 0x0C, 0x05, 0x93, 0xFF, 0x26, 0x09, 0x02, 0x24, 0x26, 0x4B, 0x26, 0x26,
    0x4F, 0x27, 0x50, 0x4D, 0x4D, 0x4B, 0x94, 0x4B, 0x0A, 0x4B, 0x2F, 0x0C, 0x0E, 0x19, 0x0F, 0x1D, 0x19, 0x1B, 0x1B, 0x19, 0x1E, 0x1C, 0x1B, 0x1B,
    0x19, 0x1E, 0x19, 0x2C, 0x1C, 0x19, 0x1D, 0x07, 0x0E, 0x1C, 0x19, 0x1C, 0x19, 0x0F, 0x1F, 0x19, 0x2A, 0x19, 0x1E, 0x1C, 0x1B, 0x31, 0x0E, 0x03,
    0x0B, 0xA6, 0xFF, 0xF7, 0xFF, 0xE2, 0xA7, 0xD4, 0xEF, 0x50, 0x49, 0x8B, 0x8A, 0x8A, 0x0D, 0x00, 0x00, 0x21, 0x90, 0x4A, 0x2F, 0xA8, 0xA6, 0xCE,
    0xFF, 0x51, 0x51, 0x5E, 0x5E, 0x41, 0x5B, 0x57, 0x60, 0x55, 0xBE, 0x7E, 0x34, 0x5D, 0x5D, 0x55, 0x40, 0x6D, 0xBD, 0xE0, 0x39, 0x29, 0xC9, 0x5D,
    0x6C, 0xC7, 0x2E, 0x60, 0xE6, 0x88, 0x3A, 0x72, 0x5C, 0x77, 0x77, 0x5B, 0x5E, 0x61, 0xC7, 0xE3, 0xD9, 0xC7, 0xDF, 0xD7, 0x88, 0x60, 0x62, 0x63,
    0x76, 0x79, 0x3F, 0xDF, 0xDD, 0x5D, 0x2D, 0xCC, 0xB0, 0xBA, 0x6E, 0x6B, 0x55, 0x3D, 0x41, 0xB2, 0xBA, 0x60, 0x5F, 0x6E, 0x6B, 0xC9, 0x43, 0x60,
    0x57, 0x60, 0x61, 0x60, 0x76, 0x5F, 0x5E, 0x63, 0xFF, 0xDE, 0xC4, 0x9E, 0x25, 0x4A, 0x90, 0x8B, 0x8A, 0x06, 0x00, 0x06, 0x8A, 0x8E, 0x47, 0x96,
    0xFF, 0xCE, 0xC5, 0xDE, 0xED, 0xFF, 0xC5, 0x11, 0x05, 0x07, 0x2B, 0x2B, 0x1D, 0x1D, 0x0F, 0x19, 0x1D, 0x0F, 0x19, 0x1B, 0x0F, 0x1B, 0x1C, 0x19,
    0x04, 0x12, 0x8B, 0x91, 0x91, 0x9A, 0xFA, 0xFF, 0x95, 0x05, 0x0D, 0x96, 0x92, 0x27, 0x4B, 0x27, 0x27, 0x27, 0x26, 0x27, 0x4B, 0x27, 0x27, 0x4B,
    0x92, 0x08, 0x08, 0x8E, 0xFF, 0x26, 0x03, 0x05, 0x4B, 0x4B, 0x26, 0x4D, 0x26, 0x24, 0x26, 0x26, 0x4B, 0x27, 0x27, 0x27, 0x99, 0x29, 0x06, 0x0B,
    0x49, 0x91, 0x8D, 0x9A, 0xFF, 0xF3, 0xFF, 0x15, 0x04, 0x0E, 0x1F, 0x1C, 0x0F, 0x1F, 0x19, 0x0F, 0x19, 0x07, 0x1B, 0x0F, 0x2B, 0x1D, 0x0C, 0x02,
    0x4E, 0xF6, 0x0B, 0x04, 0x0F, 0x1C, 0x1E, 0x0F, 0x1C, 0x0E, 0x0F, 0x0F, 0x0F, 0x0E, 0x19, 0x1C, 0x1B, 0x0F, 0x06, 0x09, 0x4E, 0xFF, 0xF7, 0xFD,
    0xFF, 0xD4, 0x8D, 0x8E, 0x0B, 0x04, 0x1A, 0xAA, 0x27, 0x26, 0x4B, 0x26, 0x26, 0x4B, 0x26, 0x26, 0x27, 0x27, 0x27, 0x92, 0x08, 0x05, 0x8F, 0xFB,
    0x26, 0x09, 0x02, 0x24, 0x27, 0x4B, 0x27, 0x26, 0x4B, 0x26, 0x4B, 0x26, 0x4B, 0x26, 0x4B, 0x4B, 0x09, 0x27, 0x4B, 0x0D, 0x07, 0x19, 0x0F, 0x1C,
    0x0E, 0x1C, 0x1C, 0x19, 0x1F, 0x19, 0x0F, 0x19, 0x19, 0x1D, 0x19, 0x2B, 0x19, 0x1D, 0x0F, 0x18, 0x0E, 0x19, 0x0F, 0x0F, 0x1B, 0x19, 0x2B, 0x19,
    0x1F, 0x0F, 0x1B, 0x1E, 0x1C, 0x2B, 0x07, 0x02, 0x0B, 0xA7, 0xFF, 0xF6, 0xDE, 0xC6, 0xA9, 0xD4, 0xE9, 0x4F, 0x49, 0x8D, 0x21, 0x04, 0x00, 0x08,
    0x45, 0x8B, 0x8E, 0x4A, 0x2F, 0xA5, 0xA6, 0xE2, 0xFF, 0x3F, 0x5E, 0x62, 0x5E, 0x57, 0x5B, 0x57, 0x5D, 0x57, 0xBE, 0x81, 0x34, 0x55, 0x43, 0x6C,
    0xB4, 0xBF, 0x6C, 0x39, 0x3E, 0x59, 0x82, 0x88, 0x88, 0xC3, 0x2E, 0x6C, 0xEE, 0xB4, 0x3A, 0x76, 0x60, 0x73, 0x62, 0x61, 0xBB, 0xDC, 0xC8, 0xCC,
    0xFF, 0xF6, 0xDF, 0xCC, 0xDC, 0xDF, 0x83, 0x3F, 0x5B, 0x73, 0x5F, 0xE6, 0xE0, 0x6F, 0x3D, 0xDF, 0xBA, 0xA4, 0xA4, 0xC6, 0xBB, 0x75, 0x5C, 0x5B,
    0x6E, 0x6C, 0xBD, 0x6E, 0x5D, 0xD7, 0x59, 0x6E, 0x60, 0x5D, 0x61, 0x61, 0x79, 0x6E, 0x5B, 0x5E, 0xFF, 0xEA, 0xCE, 0x9B, 0x25, 0x8F, 0x91, 0x23,
    0x45, 0x8A, 0x14, 0x00, 0x20, 0x91, 0x49, 0x96, 0xFF, 0xCD, 0xC4, 0xDC, 0xD0, 0xED, 0xD0, 0x11, 0x05, 0x07, 0x2B, 0x1D, 0x19, 0x1B, 0x19, 0x19,
    0x19, 0x0F, 0x1C, 0x1E, 0x1B, 0x1F, 0x1C, 0x19, 0x06, 0x12, 0x8B, 0x91, 0x91, 0x98, 0xFA, 0xFF, 0x95, 0x05, 0x08, 0x4F, 0x4B, 0x27, 0x27, 0x27,
    0x4B, 0x4B, 0x26, 0x27, 0x27, 0x26, 0x26, 0x27, 0x4C, 0x08, 0x05, 0x4A, 0xFF, 0x27, 0x03, 0x05, 0x27, 0x27, 0x26, 0x4B, 0x24, 0x24, 0x26, 0x26,
    0x4B, 0x26, 0x27, 0x4B, 0x92, 0x25, 0x04, 0x08, 0x47, 0x91, 0x8D, 0x9A, 0xFF, 0xF2, 0xFF, 0x14, 0x04, 0x0E, 0x1C, 0x1C, 0x0F, 0x1C, 0x0F, 0x0F,
    0x1B, 0x0F, 0x19, 0x1C, 0x1D, 0x19, 0x0E, 0x04, 0x4E, 0xEE, 0x0B, 0x06, 0x0F, 0x1D, 0x1E, 0x19, 0x1C, 0x0F, 0x1C, 0x19, 0x19, 0x1C, 0x1B, 0x1D,
    0x1E, 0x0F, 0x06, 0x09, 0x4D, 0xFF, 0xF7, 0xFD, 0xFF, 0xD4, 0x8D, 0x91, 0x0B, 0x04, 0x1A, 0x4F, 0x26, 0x26, 0x27, 0x26, 0x26, 0x26, 0x26, 0x24,
    0x26, 0x26, 0x26, 0x92, 0x08, 0x05, 0x8F, 0xEF, 0x24, 0x08, 0x02, 0x25, 0x27, 0x27, 0x27, 0x26, 0x4B, 0x26, 0x26, 0x24, 0x27, 0x26, 0x4C, 0x2F,
    0x08, 0x22, 0xAB, 0x14, 0x0E, 0x0F, 0x19, 0x1C, 0x0F, 0x1C, 0x19, 0x0F, 0x1C, 0x19, 0x19, 0x19, 0x1C, 0x19, 0x19, 0x19, 0x19, 0x1D, 0x0F, 0x1A,
    0x0E, 0x0F, 0x19, 0x19, 0x1B, 0x19, 0x1E, 0x19, 0x1F, 0x1E, 0x1D, 0x1D, 0x1B, 0x2C, 0x0E, 0x02, 0x0B, 0xA7, 0xFF, 0xDB, 0xD0, 0xD0, 0xAB, 0xD4,
    0xD3, 0x4F, 0x49, 0x8A, 0x05, 0x04, 0x20, 0x8A, 0x21, 0x45, 0x8D, 0x4C, 0x2F, 0xB9, 0xAB, 0xE2, 0xFF, 0x52, 0x5E, 0x5E, 0x5E, 0x5B, 0x5C, 0x5B,
    0x6C, 0x5D, 0xBF, 0x71, 0x34, 0x6B, 0x88, 0xBA, 0x7E, 0x38, 0x40, 0x7C, 0xAE, 0xB0, 0x6F, 0x82, 0xB0, 0xCA, 0x3D, 0x83, 0xE5, 0xBD, 0x3A, 0x62,
    0x5B, 0x79, 0xC6, 0xD9, 0xC8, 0xCC, 0xE3, 0xFF, 0xFF, 0xF9, 0xFF, 0xF4, 0xDD, 0xC8, 0xCC, 0xC7, 0x81, 0x5E, 0x5E, 0xF0, 0xF8, 0xAD, 0x3D, 0xC7,
    0xBA, 0x83, 0x79, 0xB1, 0xA1, 0xA2, 0xBB, 0x60, 0x5C, 0x5C, 0xBD, 0x79, 0x5C, 0xD6, 0x56, 0x6C, 0x5F, 0x5C, 0x6E, 0x5F, 0x76, 0x62, 0x5F, 0x62,
    0xFF, 0xE9, 0xD2, 0xC6, 0x2F, 0x4C, 0x91, 0x13, 0x00, 0x0D, 0x8A, 0x8A, 0x46, 0x8E, 0x26, 0x96, 0xFD, 0xCD, 0xC5, 0xD9, 0xDC, 0xE7, 0xD0, 0x11,
    0x03, 0x07, 0x2B, 0x1C, 0x19, 0x1C, 0x19, 0x1F, 0x1C, 0x19, 0x1E, 0x1B, 0x19, 0x1F, 0x1C, 0x0F, 0x04, 0x12, 0x8C, 0x91, 0x91, 0x9A, 0xFA, 0xFF,
    0x66, 0x05, 0x09, 0x4B, 0x4B, 0x4B, 0x4B, 0x4B, 0x4B, 0x4B, 0x26, 0x26, 0x27, 0x27, 0x27, 0x27, 0x8F, 0x08, 0x05, 0x4A, 0xFF, 0x27, 0x03, 0x05,
    0x4B, 0x27, 0x26, 0x27, 0x26, 0x26, 0x4B, 0x27, 0x4B, 0x4B, 0x4B, 0x27, 0x92, 0x24, 0x04, 0x08, 0x47, 0x91, 0x8D, 0x9A, 0xFF, 0xEF, 0xFF, 0x14,
    0x02, 0x0E, 0x1B, 0x1C, 0x0F, 0x1B, 0x19, 0x0F, 0x1F, 0x0F, 0x19, 0x1C, 0x1F, 0x1B, 0x07, 0x04, 0x4E, 0xF6, 0x0B, 0x06, 0x0F, 0x1D, 0x1C, 0x19,
    0x19, 0x0F, 0x1F, 0x19, 0x1C, 0x1F, 0x0F, 0x19, 0x1C, 0x19, 0x06, 0x09, 0x4D, 0xFF, 0xF7, 0xFD, 0xFF, 0xD4, 0x8D, 0x91, 0x09, 0x01, 0x14, 0x4C,
    0x26, 0x26, 0x4B, 0x27, 0x4B, 0x27, 0x27, 0x26, 0x27, 0x4B, 0x27, 0x4C, 0x08, 0x03, 0x8F, 0xFB, 0x24, 0x09, 0x02, 0x25, 0x27, 0x4B, 0x27, 0x26,
    0x27, 0x27, 0x26, 0x24, 0x26, 0x27, 0x4C, 0x25, 0x05, 0x16, 0xE9, 0x14, 0x0D, 0x29, 0x0F, 0x0F, 0x0F, 0x1B, 0x0F, 0x0E, 0x19, 0x19, 0x19, 0x19,
    0x1B, 0x0F, 0x0F, 0x19, 0x1C, 0x0E, 0x28, 0x22, 0x06, 0x18, 0x1E, 0x2B, 0x1C, 0x19, 0x1E, 0x19, 0x1C, 0x31, 0x19, 0x19, 0x1E, 0x31, 0x0E, 0x03,
    0x0B, 0xA7, 0xFE, 0xD0, 0xDE, 0xC8, 0xA7, 0xD2, 0xD4, 0x92, 0x49, 0x8B, 0x23, 0x8A, 0x45, 0x08, 0x00, 0x21, 0x90, 0x4C, 0x2F, 0xC6, 0xD4, 0xE1,
    0xFF, 0x52, 0x5E, 0x5E, 0x5E, 0x5C, 0x5F, 0x60, 0x75, 0x5C, 0xBF, 0x85, 0x2E, 0xBE, 0xB0, 0x41, 0x38, 0x43, 0xAF, 0xBB, 0xA2, 0x72, 0x82, 0xA2,
    0x82, 0x6E, 0x2E, 0xB2, 0xF9, 0xDA, 0x30, 0x62, 0xB2, 0xBC, 0xDF, 0xC8, 0xE5, 0xFF, 0xFF, 0xFF, 0xDB, 0xFF, 0xFF, 0xFD, 0xFF, 0xE8, 0xDB, 0xDB,
    0xDF, 0xCA, 0xB1, 0xE6, 0xFF, 0xD7, 0x57, 0xB2, 0xB1, 0xAE, 0xA1, 0xBC, 0xB7, 0x83, 0x79, 0xB1, 0xB0, 0x60, 0x41, 0x72, 0x75, 0xD6, 0x41, 0x6E,
    0x5F, 0x5F, 0x63, 0x62, 0x74, 0x64, 0x5E, 0x62, 0xFD, 0xF7, 0xEC, 0xFD, 0x54, 0x92, 0x98, 0x45, 0x06, 0x00, 0x04, 0x21, 0x8D, 0x97, 0x4A, 0xA7,
    0xFF, 0xCE, 0xC5, 0xDC, 0xE1, 0xE8, 0xD0, 0x11, 0x03, 0x07, 0x1E, 0x1B, 0x0F, 0x1C, 0x0F, 0x1B, 0x0F, 0x0E, 0x1C, 0x19, 0x0F, 0x19, 0x19, 0x0F,
    0x06, 0x10, 0x8B, 0x91, 0x91, 0x9A, 0xFA, 0xFF, 0x52, 0x03, 0x08, 0x4B, 0x4B, 0x26, 0x27, 0x27, 0x27, 0x27, 0x26, 0x26, 0x27, 0x26, 0x26, 0x26,
    0x49, 0x05, 0x05, 0x4A, 0xFF, 0x4A, 0x03, 0x02, 0x24, 0x24, 0x24, 0x27, 0x24, 0x24, 0x26, 0x26, 0x27, 0x26, 0x24, 0x26, 0x4F, 0x25, 0x04, 0x09,
    0x47, 0x91, 0x8D, 0x9A, 0xFF, 0xEE, 0xFF, 0x14, 0x04, 0x0E, 0x1B, 0x19, 0x0E, 0x19, 0x0F, 0x0E, 0x19, 0x0F, 0x0F, 0x0E, 0x1D, 0x19, 0x07, 0x04,
    0x53, 0xD4, 0x0A, 0x06, 0x19, 0x1B, 0x19, 0x0E, 0x0E, 0x0E, 0x1E, 0x0E, 0x0F, 0x1B, 0x0E, 0x19, 0x0F, 0x0F, 0x06, 0x09, 0x4D, 0xFF, 0xF2, 0xFD,
    0xFF, 0xD4, 0x8D, 0x8D, 0x09, 0x01, 0x14, 0x4C, 0x26, 0x24, 0x4B, 0x26, 0x27, 0x26, 0x26, 0x26, 0x26, 0x26, 0x26, 0x4C, 0x08, 0x03, 0x8F, 0xFB,
    0x47, 0x08, 0x02, 0x24, 0x26, 0x27, 0x24, 0x22, 0x27, 0x27, 0x26, 0x26, 0x26, 0x26, 0x26, 0x24, 0x05, 0x15, 0xD4, 0x11, 0x03, 0x25, 0x65, 0x19,
    0x07, 0x0F, 0x19, 0x0E, 0x1B, 0x19, 0x0E, 0x0E, 0x19, 0x1B, 0x19, 0x0F, 0x19, 0x07, 0x2A, 0x23, 0x08, 0x0F, 0x0F, 0x19, 0x1C, 0x0F, 0x1B, 0x19,
    0x19, 0x1B, 0x0F, 0x0E, 0x1E, 0x2B, 0x07, 0x03, 0x11, 0xA7, 0xFE, 0xCF, 0xCF, 0xDC, 0xC4, 0xD2, 0xE9, 0x50, 0x4A, 0x90, 0x8A, 0x13, 0x00, 0x00,
    0x0D, 0x46, 0x97, 0x9D, 0xA7, 0xF6, 0xEA, 0xF3, 0xFD, 0x51, 0x5E, 0x5E, 0x5C, 0x5B, 0x5C, 0x61, 0x72, 0x5D, 0xC7, 0x7D, 0x34, 0x5D, 0x39, 0x39,
    0x7C, 0xB0, 0xAE, 0xA2, 0x88, 0x82, 0x80, 0x88, 0xA2, 0xA2, 0x2D, 0xBF, 0xFD, 0xF8, 0xB6, 0xC8, 0xD0, 0xCC, 0xE5, 0xFF, 0xFF, 0xFF, 0xFF, 0xE4,
    0x73, 0x51, 0xBC, 0xFD, 0xFF, 0xFF, 0xFF, 0xF1, 0xDB, 0xDB, 0xFF, 0xFF, 0xF3, 0xB7, 0x5C, 0xB1, 0xA2, 0xB2, 0xA1, 0x83, 0xA1, 0xB1, 0xA1, 0xA2,
    0x76, 0xC7, 0xB2, 0x74, 0x41, 0xC9, 0x57, 0x60, 0x5F, 0x5C, 0x5E, 0x62, 0x77, 0x65, 0x52, 0x62, 0xF8, 0xF0, 0xE3, 0xBB, 0x52, 0x4A, 0x99, 0x91,
    0x8A, 0x21, 0x04, 0x00, 0x21, 0x90, 0x27, 0xA6, 0xFF, 0xD1, 0xD1, 0xDE, 0xE2, 0xF1, 0xD0, 0x11, 0x03, 0x07, 0x1D, 0x1C, 0x1C, 0x2B, 0x0F, 0x1B,
    0x0F, 0x0E, 0x19, 0x1C, 0x0F, 0x0F, 0x07, 0x0E, 0x06, 0x12, 0x8C, 0x91, 0x91, 0x9A, 0xFA, 0xFF, 0x66, 0x03, 0x08, 0x4B, 0x27, 0x26, 0x26, 0x26,
    0x27, 0x27, 0x26, 0x27, 0x4B, 0x26, 0x24, 0x26, 0x26, 0x05, 0x05, 0x4A, 0xFF, 0x4A, 0x03, 0x02, 0x22, 0x24, 0x22, 0x27, 0x24, 0x22, 0x24, 0x22,
    0x27, 0x22, 0x26, 0x26, 0x26, 0x1A, 0x04, 0x08, 0x46, 0x91, 0x8D, 0x9A, 0xFF, 0xEE, 0xFF, 0x14, 0x04, 0x0E, 0x0E, 0x0F, 0x0E, 0x19, 0x1C, 0x0F,
    0x1C, 0x19, 0x0E, 0x0F, 0x1D, 0x19, 0x0E, 0x04, 0x54, 0xE9, 0x0B, 0x06, 0x0F, 0x19, 0x19, 0x0E, 0x0F, 0x0E, 0x19, 0x0E, 0x0F, 0x19, 0x0E, 0x1C,
    0x0E, 0x0E, 0x06, 0x09, 0x4D, 0xFF, 0xF7, 0xFD, 0xFF, 0xD4, 0x8D, 0x8D, 0x09, 0x01, 0x14, 0x4A, 0x26, 0x26, 0x4B, 0x26, 0x26, 0x24, 0x22, 0x24,
    0x24, 0x24, 0x24, 0x27, 0x08, 0x03, 0x8F, 0xFF, 0x26, 0x08, 0x05, 0x22, 0x24, 0x24, 0x22, 0x22, 0x27, 0x27, 0x24, 0x27, 0x26, 0x26, 0x26, 0x24,
    0x03, 0x11, 0xD4, 0x24, 0x03, 0x1A, 0x97, 0x99, 0x1D, 0x0E, 0x0E, 0x0F, 0x1C, 0x19, 0x19, 0x19, 0x0F, 0x19, 0x19, 0x0E, 0x0F, 0x0E, 0x2F, 0x22,
    0x08, 0x19, 0x19, 0x1B, 0x1C, 0x0F, 0x19, 0x19, 0x0F, 0x19, 0x19, 0x0F, 0x1C, 0x32, 0x07, 0x02, 0x0B, 0xA7, 0xFE, 0xD0, 0xE2, 0xDC, 0xCE, 0xE9,
    0xD4, 0x50, 0x4A, 0x8D, 0x0D, 0x00, 0x04, 0x21, 0x8B, 0x90, 0x93, 0x24, 0x67, 0xC6, 0xE2, 0xF4, 0xFD, 0x5F, 0x5E, 0x5E, 0x5B, 0x57, 0x5D, 0x6C,
    0x6C, 0x6C, 0xC7, 0x59, 0x2E, 0x40, 0x7C, 0xB4, 0x82, 0x82, 0xAD, 0x82, 0x77, 0x72, 0x77, 0x82, 0x82, 0x88, 0x38, 0xB7, 0xF2, 0xFF, 0xF9, 0xDC,
    0xE5, 0xFF, 0xFF, 0xFF, 0xFD, 0xCC, 0x7A, 0xB7, 0x83, 0x3A, 0x3F, 0x55, 0xB1, 0xE6, 0xFF, 0xFF, 0xF8, 0xF8, 0xF9, 0xFF, 0xEB, 0xB1, 0x38, 0xB1,
    0x83, 0xA1, 0x75, 0xBF, 0xC8, 0xA1, 0x79, 0xA2, 0xB1, 0xA1, 0xA4, 0xBC, 0x7E, 0xC9, 0x3E, 0x60, 0x5F, 0x62, 0x5F, 0x5E, 0x64, 0x63, 0x51, 0x64,
    0xFF, 0xD9, 0xC7, 0xC2, 0x5D, 0x25, 0x4A, 0x4F, 0x97, 0x91, 0x8A, 0x0D, 0x21, 0x98, 0x27, 0x9D, 0xFF, 0xDE, 0xE2, 0xE5, 0xE3, 0xF6, 0xD0, 0x11,
    0x03, 0x07, 0x1E, 0x19, 0x19, 0x1E, 0x0E, 0x1B, 0x0E, 0x0E, 0x0F, 0x19, 0x0E, 0x0F, 0x19, 0x1A, 0x02, 0x12, 0x8C, 0x91, 0x8D, 0x9A, 0xFA, 0xFF,
    0x66, 0x03, 0x08, 0x27, 0x26, 0x24, 0x24, 0x24, 0x27, 0x27, 0x24, 0x24, 0x27, 0x24, 0x24, 0x24, 0x26, 0x05, 0x05, 0x4A, 0xFF, 0x26, 0x03, 0x02,
    0x24, 0x22, 0x22, 0x27, 0x26, 0x24, 0x26, 0x22, 0x26, 0x17, 0x24, 0x22, 0x22, 0x17, 0x01, 0x08, 0x46, 0x91, 0x8D, 0x9A, 0xFF, 0xEE, 0xFF, 0x14,
    0x02, 0x1A, 0x1D, 0x0E, 0x0E, 0x19, 0x19, 0x0E, 0x19, 0x0F, 0x0E, 0x0F, 0x1D, 0x19, 0x07, 0x04, 0x50, 0xFE, 0x0B, 0x06, 0x0F, 0x19, 0x19, 0x0E,
    0x2B, 0x0F, 0x0F, 0x0E, 0x0E, 0x19, 0x0E, 0x0E, 0x0F, 0x2C, 0x06, 0x09, 0x4D, 0xFF, 0xF7, 0xF9, 0xFF, 0xD4, 0x8D, 0x8D, 0x09, 0x01, 0x0D, 0x26,
    0x22, 0x24, 0x26, 0x22, 0x24, 0x24, 0x17, 0x22, 0x24, 0x22, 0x22, 0x26, 0x05, 0x03, 0x8E, 0xFF, 0x26, 0x08, 0x02, 0x17, 0x24, 0x24, 0x22, 0x22,
    0x26, 0x27, 0x24, 0x24, 0x26, 0x26, 0x26, 0x24, 0x03, 0x11, 0xD2, 0x9D, 0x08, 0x0D, 0x24, 0x27, 0x93, 0x34, 0x0E, 0x07, 0x0F, 0x19, 0x0F, 0x1B,
    0x0E, 0x0E, 0x19, 0x0E, 0x0E, 0x0D, 0x93, 0x17, 0x05, 0x19, 0x1B, 0x1C, 0x19, 0x0E, 0x0F, 0x0F, 0x0E, 0x1D, 0x0F, 0x0E, 0x19, 0x1F, 0x07, 0x02,
    0x0B, 0xA7, 0xFF, 0xE1, 0xDC, 0xDC, 0xCD, 0xD4, 0xE9, 0x4F, 0x49, 0x8B, 0x0D, 0x14, 0x8B, 0x91, 0x93, 0x4C, 0x26, 0x25, 0x62, 0xBC, 0xCF, 0xDF,
    0xFF, 0x5E, 0x5B, 0x5F, 0x5B, 0x5B, 0x5D, 0x5D, 0x6C, 0x5C, 0xBD, 0x6D, 0x3E, 0xB2, 0xAE, 0x83, 0xA2, 0xA2, 0x77, 0x72, 0xC2, 0x82, 0x72, 0x75,
    0x77, 0x77, 0x2D, 0xB7, 0xEE, 0xFF, 0xF8, 0xF8, 0xFF, 0xFF, 0xF1, 0xC8, 0x7A, 0x51, 0x62, 0xD9, 0x83, 0x76, 0x79, 0x3A, 0x30, 0x34, 0xB0, 0xE5,
    0xFF, 0xFF, 0xF7, 0xFA, 0xEB, 0xB2, 0x5B, 0xDB, 0x75, 0x79, 0x78, 0xE3, 0xFF, 0xE0, 0xB7, 0x79, 0x79, 0xB2, 0xA1, 0x79, 0xB7, 0xDB, 0x3E, 0x62,
    0x62, 0x62, 0x74, 0x76, 0x73, 0x64, 0x5E, 0x65, 0xFD, 0xE3, 0xDF, 0xBB, 0x5B, 0x30, 0x78, 0x2F, 0x27, 0x94, 0x98, 0x91, 0x8D, 0x9A, 0x2F, 0x9D,
    0xFF, 0xDE, 0xDE, 0xE3, 0xE5, 0xF4, 0xDC, 0x12, 0x05, 0x07, 0x1E, 0x19, 0x1B, 0x1E, 0x19, 0x1B, 0x0F, 0x0F, 0x0F, 0x0E, 0x0E, 0x34, 0xD4, 0x1A,
    0x01, 0x12, 0x8C, 0x91, 0x91, 0x9A, 0xFA, 0xFF, 0x52, 0x03, 0x08, 0x27, 0x26, 0x24, 0x26, 0x26, 0x27, 0x26, 0x24, 0x24, 0x26, 0x24, 0x24, 0x26,
    0x26, 0x05, 0x05, 0x4A, 0xFF, 0x26, 0x03, 0x02, 0x24, 0x26, 0x26, 0x27, 0x26, 0x24, 0x26, 0x24, 0x26, 0x22, 0x24, 0x24, 0x24, 0x1A, 0x04, 0x08,
    0x47, 0x91, 0x8D, 0x9A, 0xFF, 0xF3, 0xFF, 0x14, 0x03, 0x1A, 0x9A, 0x4E, 0x0F, 0x07, 0x0F, 0x0F, 0x19, 0x19, 0x0E, 0x0F, 0x1C, 0x19, 0x0E, 0x04,
    0x92, 0xFC, 0x0B, 0x06, 0x0F, 0x1C, 0x1C, 0x19, 0x1C, 0x0E, 0x0E, 0x0E, 0x0E, 0x0E, 0x0E, 0x1E, 0x96, 0x2F, 0x06, 0x09, 0x4D, 0xFF, 0xF7, 0xFD,
    0xFF, 0xD4, 0x8D, 0x8D, 0x09, 0x01, 0x14, 0x4A, 0x22, 0x22, 0x26, 0x24, 0x24, 0x24, 0x22, 0x22, 0x24, 0x24, 0x22, 0x26, 0x08, 0x05, 0x8F, 0xFF,
    0x26, 0x09, 0x05, 0x24, 0x24, 0x26, 0x24, 0x24, 0x27, 0x26, 0x26, 0x24, 0x26, 0x26, 0x4C, 0x25, 0x02, 0x11, 0xD3, 0x95, 0x08, 0x03, 0x24, 0x4B,
    0x26, 0x93, 0x53, 0x0F, 0x07, 0x0E, 0x19, 0x19, 0x0E, 0x19, 0x19, 0x0E, 0x18, 0x09, 0x4D, 0x17, 0x05, 0x0F, 0x19, 0x19, 0x19, 0x0F, 0x19, 0x19,
    0x0F, 0x1E, 0x1B, 0x0F, 0x19, 0x31, 0x07, 0x02, 0x11, 0xA9, 0xFE, 0xDC, 0xE1, 0xE3, 0xCE, 0xD4, 0xFB, 0x50, 0x4C, 0x98, 0x8D, 0x91, 0x94, 0x54,
    0x26, 0x2F, 0x76, 0x38, 0x5E, 0xC7, 0xE5, 0xE5, 0xFF, 0x52, 0x41, 0x60, 0x57, 0x57, 0x5D, 0x5D, 0x61, 0x5D, 0xB4, 0xDD, 0xB6, 0x75, 0x83, 0xA2,
    0x72, 0x83, 0xB2, 0xE4, 0xFF, 0xBA, 0x61, 0x77, 0x85, 0xA2, 0x2D, 0xBB, 0xF1, 0xFF, 0xFF, 0xFF, 0xED, 0xCB, 0x73, 0x51, 0x5E, 0x74, 0x76, 0xC7,
    0x73, 0x6E, 0x6E, 0x64, 0x83, 0x57, 0x5B, 0x3F, 0x62, 0xE6, 0xFF, 0xFF, 0xE2, 0x83, 0x3F, 0xE4, 0x71, 0xA1, 0xA1, 0xED, 0xE2, 0xDB, 0xFF, 0xDB,
    0xAE, 0x7A, 0xB1, 0xB2, 0x83, 0xD7, 0x40, 0x6E, 0x5F, 0x60, 0x6E, 0x73, 0x74, 0x74, 0x5E, 0x5E, 0xFC, 0xE3, 0xDB, 0xBB, 0x55, 0x30, 0x7A, 0xB1,
    0x4E, 0x2F, 0x4D, 0xAA, 0xD3, 0xD2, 0x4E, 0xA0, 0xFF, 0xDC, 0xDC, 0xE3, 0xDF, 0xF8, 0xD0, 0x12, 0x05, 0x06, 0x1D, 0x1B, 0x19, 0x2B, 0x1C, 0x0F,
    0x19, 0x0E, 0x07, 0x0F, 0x9B, 0x8F, 0x4F, 0x1A, 0x01, 0x12, 0x49, 0x91, 0x91, 0x9A, 0xFA, 0xFF, 0x53, 0x02, 0x08, 0x27, 0x26, 0x24, 0x24, 0x24,
    0x26, 0x24, 0x17, 0x22, 0x24, 0x22, 0x22, 0x26, 0x24, 0x05, 0x05, 0x26, 0xFF, 0x26, 0x03, 0x02, 0x22, 0x24, 0x24, 0x26, 0x22, 0x22, 0x17, 0x16,
    0x26, 0x22, 0x22, 0x22, 0x24, 0x17, 0x01, 0x08, 0x47, 0x91, 0x8D, 0x9A, 0xFF, 0xEE, 0xFF, 0x14, 0x02, 0x14, 0x4A, 0x26, 0x96, 0x19, 0x0E, 0x0E,
    0x0F, 0x1B, 0x0F, 0x0F, 0x19, 0x19, 0x07, 0x04, 0x4F, 0xF5, 0x0B, 0x06, 0x0E, 0x1C, 0x1C, 0x0F, 0x0F, 0x07, 0x07, 0x0E, 0x0E, 0x0E, 0x72, 0x94,
    0x27, 0x25, 0x04, 0x08, 0x4D, 0xFF, 0xF2, 0xF9, 0xFF, 0xD4, 0x8D, 0x8D, 0x09, 0x00, 0x14, 0x26, 0x22, 0x22, 0x26, 0x24, 0x26, 0x26, 0x22, 0x22,
    0x24, 0x24, 0x22, 0x26, 0x05, 0x03, 0x8E, 0xFF, 0x26, 0x08, 0x02, 0x17, 0x22, 0x24, 0x22, 0x17, 0x24, 0x22, 0x17, 0x17, 0x22, 0x24, 0x24, 0x17,
    0x02, 0x11, 0xAA, 0xD3, 0x1A, 0x02, 0x22, 0x4A, 0x24, 0x26, 0x26, 0x92, 0x19, 0x07, 0x0E, 0x0F, 0x0F, 0x19, 0x0F, 0x0E, 0x14, 0x11, 0x9D, 0x15,
    0x05, 0x0E, 0x0E, 0x0F, 0x0F, 0x0F, 0x1C, 0x19, 0x0F, 0x2B, 0x0F, 0x19, 0x1C, 0x1E, 0x07, 0x02, 0x0B, 0xA7, 0xFF, 0xDE, 0xE2, 0xDC, 0xCE, 0xE9,
    0xFB, 0x54, 0x50, 0xAC, 0xAC, 0x92, 0x27, 0x30, 0x63, 0xA2, 0x67, 0x2D, 0x64, 0xC6, 0xDE, 0xE5, 0xFF, 0x62, 0x5B, 0x5C, 0x5B, 0x5C, 0x61, 0x61,
    0x6B, 0x5C, 0xBA, 0xBE, 0x72, 0xB1, 0x83, 0x73, 0xB6, 0xDF, 0xFD, 0xD7, 0xE3, 0xCA, 0x62, 0x79, 0xBE, 0xBA, 0x2D, 0xA3, 0xEC, 0xFF, 0xED, 0xC2,
    0x64, 0x64, 0x79, 0x74, 0x73, 0x62, 0x63, 0xC6, 0x75, 0x74, 0x74, 0x5E, 0x6E, 0x79, 0x76, 0x5B, 0x3F, 0x62, 0x62, 0xF6, 0xF0, 0xBE, 0x3D, 0xB7,
    0xBC, 0xB7, 0xA4, 0xB0, 0xE6, 0xC7, 0xB2, 0xDB, 0xF8, 0xDB, 0xB1, 0xA4, 0xA1, 0xDB, 0x41, 0x6E, 0x60, 0x6E, 0x6E, 0x62, 0x62, 0x74, 0x5E, 0x5E,
    0xFD, 0xE2, 0xCC, 0xDB, 0x79, 0x3F, 0xB7, 0x64, 0x79, 0x7A, 0x30, 0x4F, 0x96, 0xEA, 0x52, 0xA4, 0xFF, 0xDF, 0xCC, 0xDF, 0xE2, 0xF4, 0xD0, 0x12,
    0x03, 0x04, 0x1C, 0x19, 0x0F, 0x1C, 0x1C, 0x0E, 0x07, 0x0E, 0x2E, 0xAB, 0x4B, 0x27, 0x8F, 0x1A, 0x00, 0x10, 0x8C, 0x91, 0x91, 0x9A, 0xFA, 0xF7,
    0x52, 0x02, 0x08, 0x26, 0x24, 0x22, 0x17, 0x22, 0x24, 0x17, 0x16, 0x16, 0x24, 0x17, 0x16, 0x22, 0x22, 0x02, 0x03, 0x26, 0xFF, 0x26, 0x03, 0x02,
    0x17, 0x17, 0x16, 0x24, 0x17, 0x17, 0x17, 0x12, 0x24, 0x15, 0x17, 0x17, 0x16, 0x14, 0x00, 0x08, 0x47, 0x91, 0x8D, 0x9A, 0xFF, 0xF2, 0xFF, 0x14,
    0x02, 0x14, 0x4A, 0x26, 0x26, 0x99, 0x2E, 0x0E, 0x0E, 0x0F, 0x0F, 0x0E, 0x19, 0x19, 0x07, 0x04, 0x4D, 0xFE, 0x0B, 0x06, 0x0E, 0x1C, 0x1C, 0x0E,
    0x19, 0x0E, 0x07, 0x07, 0x32, 0x4E, 0x4B, 0x26, 0x27, 0x24, 0x02, 0x08, 0x4D, 0xFF, 0xF4, 0xF9, 0xFA, 0xD4, 0x91, 0x91, 0x09, 0x00, 0x0D, 0x24,
    0x17, 0x16, 0x24, 0x17, 0x24, 0x24, 0x16, 0x16, 0x22, 0x22, 0x17, 0x22, 0x05, 0x03, 0x4A, 0xFF, 0x26, 0x03, 0x02, 0x15, 0x22, 0x24, 0x17, 0x16,
    0x17, 0x22, 0x16, 0x16, 0x22, 0x24, 0x22, 0x14, 0x01, 0x11, 0xAA, 0xAC, 0x24, 0x01, 0x08, 0x26, 0x22, 0x26, 0x24, 0x24, 0x93, 0x2E, 0x07, 0x07,
    0x19, 0x19, 0x0E, 0x0E, 0x08, 0x22, 0xEB, 0x11, 0x01, 0x1A, 0x1C, 0x07, 0x0F, 0x0E, 0x19, 0x0F, 0x0E, 0x1C, 0x0F, 0x19, 0x19, 0x1D, 0x07, 0x02,
    0x0B, 0xA7, 0xFF, 0xE2, 0xDE, 0xDC, 0xC8, 0xE2, 0xFB, 0x67, 0xA7, 0xE9, 0x4E, 0x2F, 0x30, 0x64, 0x64, 0x9E, 0xC6, 0x3F, 0x78, 0xC6, 0xDE, 0xE3,
    0xFF, 0x5E, 0x3D, 0x6E, 0x5C, 0x5D, 0x5D, 0x5D, 0x5D, 0x5B, 0xBA, 0xBF, 0x76, 0x76, 0xAE, 0xDB, 0xF1, 0xDF, 0xC2, 0xC7, 0xDF, 0x81, 0x74, 0x79,
    0xA2, 0xA4, 0x3D, 0xD7, 0xF7, 0xDB, 0x64, 0x5E, 0x5F, 0xA2, 0xB2, 0x73, 0x73, 0x62, 0x73, 0xBC, 0x63, 0x62, 0x62, 0x5E, 0x62, 0x63, 0x64, 0x64,
    0xB1, 0xA2, 0x3F, 0xB8, 0xF6, 0xDF, 0xDF, 0xC7, 0xB1, 0xA1, 0xB7, 0x3D, 0x82, 0xD9, 0xDF, 0xC2, 0xBC, 0xE5, 0xF1, 0xBF, 0x83, 0xD9, 0x41, 0x74,
    0x6E, 0x6C, 0x62, 0x63, 0x62, 0x61, 0x5F, 0x64, 0xF8, 0xE8, 0xCB, 0xBC, 0x63, 0x2D, 0x30, 0x9E, 0x7A, 0x9B, 0x83, 0x65, 0x4D, 0x53, 0xBC, 0xE2,
    0xFF, 0xE3, 0xDC, 0xE3, 0xE3, 0xFF, 0xD0, 0x11, 0x04, 0x07, 0x1C, 0x19, 0x0F, 0x1F, 0x19, 0x07, 0x0F, 0x4E, 0x8F, 0x4B, 0x4B, 0x4B, 0x93, 0x1A,
    0x00, 0x10, 0x8C, 0x91, 0x91, 0x9A, 0xF0, 0xFE, 0x7A, 0x03, 0x08, 0x26, 0x24, 0x22, 0x17, 0x24, 0x24, 0x24, 0x17, 0x17, 0x24, 0x22, 0x17, 0x22,
    0x22, 0x03, 0x03, 0x26, 0xFF, 0x26, 0x03, 0x02, 0x17, 0x16, 0x12, 0x22, 0x17, 0x16, 0x17, 0x15, 0x24, 0x12, 0x17, 0x17, 0x16, 0x17, 0x00, 0x08,
    0x8C, 0x98, 0x91, 0xAC, 0xFF, 0xF2, 0xFF, 0x14, 0x01, 0x0D, 0x26, 0x26, 0x26, 0x27, 0x8F, 0x54, 0x0F, 0x0E, 0x0F, 0x0F, 0x19, 0x0F, 0x07, 0x01,
    0x4B, 0xEE, 0x0B, 0x04, 0x0E, 0x19, 0x19, 0x0F, 0x19, 0x07, 0x19, 0x29, 0x99, 0x26, 0x24, 0x26, 0x4A, 0x25, 0x04, 0x08, 0x4D, 0xFF, 0xF4, 0xF6,
    0xFF, 0xD3, 0x91, 0x9A, 0x08, 0x00, 0x14, 0x24, 0x22, 0x17, 0x26, 0x17, 0x24, 0x17, 0x15, 0x15, 0x17, 0x17, 0x15, 0x22, 0x05, 0x03, 0x4A, 0xFF,
    0x26, 0x03, 0x02, 0x14, 0x17, 0x22, 0x17, 0x15, 0x17, 0x22, 0x17, 0x15, 0x22, 0x22, 0x16, 0x14, 0x01, 0x11, 0xAC, 0x9A, 0x4A, 0x08, 0x05, 0x24,
    0x24, 0x24, 0x24, 0x24, 0x26, 0x8E, 0x9B, 0x0E, 0x07, 0x0E, 0x0E, 0x1A, 0x03, 0x24, 0xD3, 0x12, 0x01, 0x1A, 0xAA, 0x33, 0x19, 0x0E, 0x19, 0x19,
    0x0F, 0x1F, 0x0E, 0x0E, 0x19, 0x1F, 0x07, 0x02, 0x11, 0xA9, 0xFF, 0xDF, 0xDE, 0xDE, 0xDC, 0xEC, 0xFF, 0xDF, 0x95, 0x4E, 0x4E, 0x65, 0x7A, 0x64,
    0x7A, 0x65, 0x52, 0x2E, 0x5F, 0xB8, 0xDB, 0xE5, 0xFF, 0x62, 0x3A, 0x6E, 0x5C, 0x60, 0x5C, 0x61, 0x5D, 0x5B, 0xBA, 0xAF, 0x61, 0xD9, 0xF1, 0xE3,
    0xBC, 0xC6, 0xDF, 0xC3, 0x73, 0x63, 0xA1, 0x74, 0xA4, 0xCF, 0xCA, 0xDC, 0xF9, 0xB8, 0x5E, 0xA2, 0xB7, 0x79, 0x7A, 0x64, 0x63, 0x64, 0x64, 0xBC,
    0x63, 0x62, 0x62, 0x6E, 0x74, 0x76, 0x78, 0x62, 0xAE, 0xBB, 0x57, 0xB1, 0xF3, 0xA3, 0x5E, 0xDB, 0xE4, 0xB2, 0xA2, 0x7A, 0x7A, 0x76, 0xC2, 0xDF,
    0xDF, 0xBC, 0xF6, 0xC8, 0xA4, 0xDD, 0x41, 0x76, 0x60, 0x73, 0x74, 0x62, 0x62, 0x60, 0x5F, 0x74, 0xFC, 0xED, 0xC7, 0xB1, 0x3F, 0x30, 0x7A, 0x52,
    0x78, 0x9E, 0x65, 0x65, 0x74, 0x64, 0x30, 0x74, 0xFF, 0xE3, 0xDC, 0xDF, 0xE5, 0xFD, 0xD0, 0x11, 0x05, 0x06, 0x1C, 0x1B, 0x0F, 0x0F, 0x0E, 0x1D,
    0x96, 0x27, 0x26, 0x4B, 0x26, 0x26, 0x4C, 0x1A, 0x01, 0x10, 0x8C, 0x98, 0x91, 0x9A, 0xFE, 0xA6, 0x14, 0x02, 0x05, 0x26, 0x24, 0x17, 0x16, 0x22,
    0x24, 0x22, 0x16, 0x17, 0x24, 0x22, 0x17, 0x17, 0x22, 0x05, 0x03, 0x26, 0xFF, 0x26, 0x03, 0x02, 0x22, 0x17, 0x16, 0x22, 0x22, 0x22, 0x24, 0x22,
    0x24, 0x17, 0x22, 0x24, 0x24, 0x1A, 0x00, 0x08, 0x17, 0x8F, 0x91, 0x9A, 0xF7, 0xF2, 0xFF, 0x14, 0x01, 0x0D, 0x47, 0x26, 0x27, 0x27, 0x26, 0x26,
    0x4C, 0x28, 0x07, 0x0E, 0x19, 0x19, 0x0E, 0x04, 0x4B, 0xEC, 0x0B, 0x06, 0x0E, 0x19, 0x19, 0x0E, 0x0E, 0x19, 0x4D, 0x4A, 0x26, 0x24, 0x24, 0x26,
    0x26, 0x22, 0x04, 0x08, 0x4D, 0xFF, 0xF7, 0xF7, 0xED, 0xEA, 0x98, 0x24, 0x08, 0x00, 0x0D, 0x24, 0x22, 0x22, 0x26, 0x17, 0x22, 0x16, 0x10, 0x15,
    0x15, 0x12, 0x12, 0x16, 0x05, 0x02, 0x4A, 0xFD, 0x24, 0x09, 0x02, 0x17, 0x22, 0x22, 0x22, 0x22, 0x24, 0x24, 0x22, 0x22, 0x24, 0x24, 0x22, 0x17,
    0x02, 0x11, 0xD2, 0x98, 0xAC, 0x0D, 0x02, 0x17, 0x24, 0x24, 0x24, 0x24, 0x26, 0x24, 0x24, 0x4C, 0x1D, 0x07, 0x1D, 0x11, 0x09, 0xC5, 0xAC, 0x12,
    0x01, 0x1A, 0x8F, 0x99, 0x74, 0x0F, 0x0E, 0x0F, 0x0F, 0x1D, 0x19, 0x0F, 0x0F, 0x1C, 0x07, 0x02, 0x11, 0xA9, 0xFE, 0xDC, 0xDF, 0xDE, 0xDC, 0xEE,
    0xDF, 0x3F, 0x2F, 0x52, 0x65, 0x65, 0x78, 0xB1, 0x51, 0x3F, 0x51, 0x2E, 0x5B, 0xB8, 0xDE, 0xED, 0xFF, 0x63, 0x3D, 0x60, 0x5C, 0x6E, 0x6C, 0x5D,
    0x5D, 0x57, 0xAD, 0xDF, 0x78, 0xF8, 0xDB, 0xC6, 0xDF, 0xC2, 0x6E, 0x64, 0x79, 0x79, 0xA3, 0xC8, 0xDF, 0xC8, 0x3A, 0x63, 0xEE, 0xB2, 0x62, 0x81,
    0xB1, 0x79, 0x79, 0x63, 0x73, 0x63, 0x78, 0xC6, 0x73, 0x63, 0x63, 0x62, 0x64, 0x79, 0x79, 0x62, 0x5B, 0x60, 0x3F, 0xBC, 0xF3, 0xB1, 0x5E, 0xC8,
    0xBB, 0xD9, 0xDB, 0xC2, 0xA3, 0x83, 0xA1, 0x83, 0xB7, 0xDF, 0xFF, 0xCC, 0xB1, 0xDD, 0x3E, 0x74, 0x62, 0x5F, 0x64, 0x62, 0x60, 0x5F, 0x5F, 0x83,
    0xFF, 0xF1, 0xDB, 0xDD, 0x74, 0x30, 0xA1, 0x78, 0x64, 0x64, 0x65, 0x7A, 0x78, 0x79, 0x79, 0x2E, 0xF0, 0xE3, 0xDB, 0xDF, 0xE3, 0xF8, 0xDC, 0x11,
    0x03, 0x04, 0x1C, 0x19, 0x07, 0x19, 0x51, 0x4C, 0x26, 0x26, 0x26, 0x27, 0x24, 0x24, 0x26, 0x1A, 0x00, 0x11, 0x8E, 0x98, 0x98, 0xAC, 0x4B, 0x09,
    0x00, 0x04, 0x0D, 0x22, 0x22, 0x17, 0x15, 0x16, 0x17, 0x15, 0x12, 0x12, 0x17, 0x16, 0x12, 0x16, 0x17, 0x02, 0x03, 0x24, 0xFF, 0x26, 0x03, 0x04,
    0x17, 0x16, 0x22, 0x16, 0x16, 0x22, 0x24, 0x15, 0x22, 0x12, 0x15, 0x17, 0x16, 0x14, 0x06, 0x00, 0x03, 0x15, 0x8E, 0xD3, 0xFE, 0xEB, 0xFF, 0x14,
    0x00, 0x0D, 0x24, 0x24, 0x24, 0x24, 0x26, 0x24, 0x24, 0x4F, 0x51, 0x0F, 0x0E, 0x19, 0x0E, 0x04, 0x4B, 0xE9, 0x09, 0x06, 0x0E, 0x19, 0x0E, 0x0E,
    0x33, 0x8F, 0x24, 0x22, 0x22, 0x22, 0x22, 0x22, 0x24, 0x17, 0x04, 0x03, 0x4D, 0xFF, 0xEB, 0xFF, 0xFE, 0x9D, 0x17, 0x03, 0x00, 0x04, 0x14, 0x16,
    0x12, 0x16, 0x17, 0x15, 0x16, 0x17, 0x12, 0x16, 0x16, 0x15, 0x12, 0x16, 0x05, 0x02, 0x4A, 0xFF, 0x24, 0x03, 0x02, 0x14, 0x16, 0x16, 0x16, 0x17,
    0x24, 0x22, 0x16, 0x16, 0x22, 0x17, 0x17, 0x14, 0x01, 0x0B, 0xAA, 0x98, 0x9A, 0x14, 0x02, 0x08, 0x24, 0x22, 0x22, 0x17, 0x26, 0x24, 0x24, 0x24,
    0x8F, 0x30, 0x25, 0x05, 0x0B, 0xAB, 0x98, 0x11, 0x01, 0x1A, 0x4C, 0x24, 0x8F, 0x4E, 0x19, 0x0E, 0x0E, 0x19, 0x1C, 0x19, 0x19, 0x1F, 0x07, 0x02,
    0x11, 0xA9, 0xFF, 0xDE, 0xDE, 0xDE, 0xDE, 0xF9, 0xC7, 0x30, 0xAE, 0x63, 0x67, 0x7A, 0x78, 0x51, 0x51, 0x75, 0x5B, 0x2E, 0x75, 0xE4, 0xE3, 0xE5,
    0xFF, 0x73, 0x3D, 0x5B, 0x5F, 0x61, 0x5D, 0x58, 0x5D, 0x41, 0x85, 0xD9, 0x78, 0xFF, 0xE4, 0xBE, 0x77, 0x5B, 0x63, 0x78, 0xA4, 0xB8, 0xC6, 0xC6,
    0xA1, 0xC8, 0x51, 0x76, 0xF1, 0xB2, 0x73, 0x76, 0x74, 0x83, 0x76, 0x73, 0x62, 0x62, 0x64, 0xC2, 0x74, 0x6E, 0x62, 0x62, 0x73, 0x76, 0x78, 0x62,
    0x5E, 0x6E, 0x5E, 0xBC, 0xEE, 0xA4, 0x72, 0xFF, 0x75, 0x78, 0xB8, 0xD9, 0xE4, 0xC7, 0xB2, 0x7A, 0x78, 0xA4, 0xB7, 0xB7, 0xCC, 0xE4, 0x57, 0x5C,
    0xB0, 0x6A, 0x5E, 0x63, 0x5E, 0x64, 0x5F, 0x76, 0xFF, 0xFD, 0xFF, 0xDB, 0xE4, 0x6E, 0x78, 0x83, 0x79, 0x73, 0x51, 0x64, 0xA3, 0xB1, 0x73, 0x5B,
    0xE6, 0xE3, 0xDC, 0xDC, 0xDB, 0xF8, 0xD0, 0x11, 0x02, 0x06, 0x19, 0x0E, 0x1D, 0x95, 0x4C, 0x27, 0x26, 0x24, 0x24, 0x27, 0x24, 0x27, 0x4B, 0x1A,
    0x00, 0x0B, 0x8C, 0x98, 0x98, 0x17, 0x03, 0x00, 0x06, 0x1A, 0x47, 0x15, 0x17, 0x24, 0x12, 0x15, 0x22, 0x17, 0x12, 0x15, 0x22, 0x16, 0x17, 0x17,
    0x17, 0x05, 0x03, 0x24, 0xFF, 0x26, 0x03, 0x04, 0x15, 0x12, 0x22, 0x16, 0x15, 0x15, 0x17, 0x12, 0x22, 0x10, 0x15, 0x17, 0x16, 0x15, 0x16, 0x0D,
    0x01, 0x02, 0x0B, 0x26, 0xD2, 0xF5, 0xF6, 0x14, 0x00, 0x0D, 0x23, 0x24, 0x22, 0x16, 0x24, 0x22, 0x17, 0x24, 0x24, 0x94, 0x1D, 0x0E, 0x06, 0x02,
    0x4B, 0xD4, 0x09, 0x06, 0x0E, 0x0E, 0x19, 0x4D, 0x27, 0x22, 0x22, 0x17, 0x17, 0x17, 0x22, 0x22, 0x22, 0x17, 0x04, 0x03, 0x4D, 0xF3, 0xFF, 0xDE,
    0x27, 0x11, 0x02, 0x00, 0x0C, 0x17, 0x22, 0x16, 0x12, 0x15, 0x22, 0x17, 0x17, 0x17, 0x17, 0x22, 0x24, 0x22, 0x17, 0x24, 0x05, 0x03, 0x4A, 0xFD,
    0x24, 0x03, 0x01, 0x0B, 0x12, 0x15, 0x15, 0x12, 0x22, 0x15, 0x12, 0x15, 0x15, 0x16, 0x16, 0x11, 0x01, 0x09, 0x96, 0x90, 0x98, 0x8F, 0x02, 0x04,
    0x24, 0x17, 0x22, 0x17, 0x24, 0x24, 0x22, 0x22, 0x24, 0x47, 0x17, 0x02, 0x1A, 0xD3, 0x98, 0x11, 0x01, 0x17, 0x4A, 0x22, 0x27, 0x24, 0xAA, 0x2C,
    0x0E, 0x0F, 0x19, 0x0F, 0x0F, 0x1C, 0x07, 0x02, 0x11, 0xA7, 0xFF, 0xDE, 0xDC, 0xE3, 0xE1, 0xF9, 0xDB, 0x51, 0x78, 0x65, 0x65, 0x5E, 0x5E, 0x77,
    0x81, 0x6E, 0x3A, 0xBF, 0xA2, 0xDD, 0xFF, 0xF8, 0xFF, 0xB0, 0x3D, 0x57, 0x41, 0x5B, 0x40, 0x6F, 0x7C, 0x34, 0xB0, 0xDF, 0x62, 0xCA, 0x82, 0x5F,
    0x63, 0x76, 0xB2, 0xBC, 0xBC, 0xBC, 0xA3, 0x78, 0xCF, 0xE8, 0x3F, 0x78, 0xF4, 0xB7, 0x62, 0x79, 0x74, 0x79, 0x76, 0x73, 0x64, 0x74, 0x74, 0xCB,
    0x73, 0x64, 0x62, 0x5F, 0x62, 0x64, 0x62, 0x62, 0x5F, 0x60, 0x51, 0xBB, 0xEC, 0xB7, 0x5C, 0xC7, 0xB0, 0xA3, 0xA3, 0xA1, 0xB7, 0xD9, 0xE6, 0xC2,
    0x83, 0xA1, 0x7A, 0xA4, 0xCC, 0xE4, 0x5C, 0x60, 0x88, 0xC1, 0x3D, 0x62, 0x5F, 0x73, 0x5B, 0xA2, 0xFF, 0xFF, 0xFD, 0xA2, 0xBF, 0x6E, 0x5B, 0xA2,
    0x72, 0x76, 0x74, 0x73, 0x63, 0x79, 0x78, 0x51, 0xE6, 0xE5, 0xD9, 0xDF, 0xDC, 0xF4, 0xDC, 0x10, 0x02, 0x06, 0x1F, 0x60, 0x92, 0x4B, 0x26, 0x26,
    0x24, 0x26, 0x27, 0x4B, 0x27, 0x27, 0x27, 0x22, 0x01, 0x0B, 0x8D, 0x4A, 0x11, 0x00, 0x00, 0x0D, 0x26, 0x22, 0x22, 0x17, 0x22, 0x24, 0x16, 0x16,
    0x22, 0x22, 0x16, 0x16, 0x22, 0x17, 0x22, 0x15, 0x12, 0x02, 0x03, 0x24, 0xFF, 0x26, 0x03, 0x00, 0x15, 0x15, 0x22, 0x15, 0x12, 0x15, 0x15, 0x10,
    0x17, 0x12, 0x12, 0x17, 0x16, 0x15, 0x15, 0x22, 0x14, 0x04, 0x00, 0x05, 0x16, 0xAA, 0xFE, 0x14, 0x01, 0x0D, 0x26, 0x24, 0x24, 0x17, 0x26, 0x24,
    0x24, 0x26, 0x24, 0x27, 0x92, 0x2A, 0x0E, 0x01, 0x4B, 0xFB, 0x09, 0x06, 0x0F, 0x28, 0x92, 0x24, 0x24, 0x22, 0x22, 0x22, 0x24, 0x24, 0x24, 0x22,
    0x22, 0x17, 0x04, 0x03, 0x2F, 0xFE, 0x95, 0x17, 0x09, 0x00, 0x04, 0x0D, 0x21, 0x15, 0x17, 0x22, 0x15, 0x15, 0x24, 0x22, 0x22, 0x16, 0x12, 0x12,
    0x17, 0x15, 0x15, 0x17, 0x05, 0x02, 0x8C, 0xFF, 0x24, 0x03, 0x01, 0x15, 0x15, 0x15, 0x16, 0x15, 0x24, 0x16, 0x12, 0x15, 0x16, 0x17, 0x16, 0x11,
    0x01, 0x09, 0xAA, 0x98, 0x98, 0x98, 0x08, 0x04, 0x17, 0x17, 0x17, 0x17, 0x22, 0x24, 0x17, 0x17, 0x22, 0x24, 0x0D, 0x03, 0x25, 0xD3, 0x90, 0x0B,
    0x01, 0x17, 0x4C, 0x26, 0x4B, 0x22, 0x26, 0x4C, 0x2F, 0x19, 0x07, 0x0F, 0x19, 0x19, 0x07, 0x02, 0x11, 0xA7, 0xFE, 0xDE, 0xDE, 0xE2, 0xDF, 0xFF,
    0xCA, 0x62, 0x78, 0x51, 0x5E, 0x64, 0x77, 0x72, 0x72, 0x72, 0x2E, 0xBB, 0x5E, 0xC2, 0xFF, 0xF8, 0xFF, 0xB6, 0x3D, 0x41, 0x55, 0x5B, 0x39, 0xCA,
    0xAF, 0x40, 0xBA, 0xD9, 0x78, 0x76, 0x78, 0x7A, 0xB1, 0xC2, 0xC7, 0xB8, 0x7A, 0x78, 0xA4, 0x7A, 0xBB, 0xB2, 0x30, 0x78, 0xF3, 0xBC, 0x62, 0x74,
    0x74, 0x7A, 0x83, 0x62, 0x73, 0x64, 0x78, 0xC7, 0x73, 0x73, 0x62, 0x5B, 0x62, 0x6E, 0x5E, 0x62, 0x60, 0x5C, 0x51, 0xBC, 0xEE, 0xBB, 0x57, 0xA3,
    0xB2, 0xA4, 0xA4, 0xA4, 0xA1, 0xA3, 0xB8, 0xDF, 0xE4, 0xCC, 0xB7, 0xA4, 0xB7, 0xE4, 0x3D, 0x55, 0x61, 0x60, 0x60, 0x6E, 0x60, 0x55, 0x5B, 0xA1,
    0xFF, 0xFD, 0xFF, 0xBA, 0xCB, 0xE6, 0xAE, 0x72, 0x60, 0x77, 0xB1, 0xA2, 0xA2, 0x73, 0x76, 0x60, 0xF1, 0xDE, 0xD9, 0xDF, 0xE3, 0xF6, 0xD0, 0x11,
    0x02, 0x06, 0x96, 0x26, 0x24, 0x24, 0x24, 0x27, 0x4B, 0x26, 0x27, 0x27, 0x26, 0x24, 0x26, 0x1A, 0x00, 0x11, 0x22, 0x05, 0x00, 0x06, 0x1A, 0x24,
    0x17, 0x15, 0x17, 0x16, 0x17, 0x22, 0x17, 0x16, 0x16, 0x17, 0x12, 0x12, 0x17, 0x17, 0x24, 0x16, 0x11, 0x01, 0x03, 0x24, 0xFF, 0x26, 0x02, 0x00,
    0x11, 0x12, 0x17, 0x12, 0x10, 0x12, 0x16, 0x12, 0x17, 0x15, 0x15, 0x15, 0x12, 0x12, 0x16, 0x17, 0x15, 0x17, 0x08, 0x00, 0x02, 0x11, 0x92, 0x14,
    0x01, 0x0D, 0x17, 0x17, 0x17, 0x16, 0x24, 0x22, 0x22, 0x24, 0x17, 0x22, 0x17, 0x47, 0x0D, 0x01, 0x4B, 0xE9, 0x0B, 0x00, 0x1A, 0x4A, 0x22, 0x17,
    0x22, 0x16, 0x17, 0x22, 0x17, 0x22, 0x15, 0x17, 0x22, 0x14, 0x04, 0x03, 0x2F, 0x26, 0x0A, 0x03, 0x00, 0x0C, 0x14, 0x17, 0x15, 0x12, 0x16, 0x15,
    0x12, 0x12, 0x16, 0x17, 0x15, 0x15, 0x0A, 0x10, 0x15, 0x12, 0x11, 0x15, 0x04, 0x02, 0x49, 0xFB, 0x24, 0x03, 0x01, 0x14, 0x16, 0x15, 0x12, 0x12,
    0x17, 0x15, 0x12, 0x15, 0x17, 0x16, 0x15, 0x0B, 0x01, 0x09, 0xAA, 0x98, 0x90, 0x91, 0x14, 0x00, 0x0D, 0x17, 0x16, 0x16, 0x17, 0x16, 0x15, 0x15,
    0x17, 0x22, 0x05, 0x08, 0x4B, 0x9A, 0x98, 0x0B, 0x01, 0x14, 0x47, 0x22, 0x26, 0x22, 0x26, 0x24, 0x26, 0x50, 0x2A, 0x0E, 0x0E, 0x19, 0x07, 0x02,
    0x11, 0xA7, 0xFF, 0xDE, 0xE2, 0xE2, 0xE2, 0xFA, 0xDF, 0x63, 0x5F, 0x64, 0xA3, 0x79, 0x75, 0x73, 0x5B, 0x72, 0xCB, 0xE6, 0x6E, 0xCC, 0xFF, 0xF8,
    0xFF, 0xB2, 0x3A, 0x5C, 0x3D, 0x5C, 0x55, 0x6B, 0x6C, 0x2E, 0x7D, 0xDB, 0xA1, 0xA1, 0xA4, 0xC6, 0xC7, 0xB7, 0xA1, 0x79, 0xA3, 0xA3, 0xB1, 0xA1,
    0x79, 0xA1, 0x3A, 0x73, 0xF2, 0xBC, 0x5E, 0x64, 0x74, 0xA1, 0xA1, 0x62, 0x74, 0x64, 0x73, 0xC7, 0x73, 0x74, 0x73, 0x62, 0x5F, 0x63, 0x78, 0x64,
    0x5F, 0x61, 0x51, 0xCC, 0xF3, 0xBC, 0x5B, 0xA4, 0xA1, 0xA3, 0x83, 0xA1, 0xA3, 0xA1, 0xA3, 0xB1, 0xBC, 0xCC, 0xDB, 0xDF, 0xBB, 0xF6, 0xC2, 0x76,
    0x3D, 0x41, 0x5F, 0x73, 0x41, 0x7F, 0x6E, 0x76, 0xFF, 0xFF, 0xFF, 0xB0, 0x58, 0x41, 0xC7, 0xDF, 0xAE, 0x74, 0x6E, 0x83, 0x79, 0x79, 0x78, 0x60,
    0xED, 0xE5, 0xD9, 0xD9, 0xDF, 0xF4, 0xD0, 0x11, 0x02, 0x06, 0x27, 0x22, 0x24, 0x26, 0x27, 0x26, 0x24, 0x24, 0x26, 0x27, 0x24, 0x26, 0x4A, 0x14,
    0x00, 0x0B, 0x02, 0x00, 0x0C, 0x26, 0x22, 0x17, 0x24, 0x22, 0x22, 0x12, 0x15, 0x22, 0x12, 0x0A, 0x10, 0x11, 0x0A, 0x10, 0x12, 0x17, 0x16, 0x12,
    0x10, 0x01, 0x03, 0x22, 0xFF, 0x26, 0x02, 0x04, 0x12, 0x10, 0x17, 0x15, 0x16, 0x17, 0x17, 0x15, 0x15, 0x15, 0x15, 0x12, 0x10, 0x10, 0x16, 0x15,
    0x10, 0x12, 0x16, 0x14, 0x04, 0x01, 0x09, 0x0B, 0x01, 0x09, 0x16, 0x16, 0x16, 0x12, 0x22, 0x17, 0x15, 0x24, 0x15, 0x16, 0x15, 0x16, 0x08, 0x01,
    0x2F, 0xD3, 0x09, 0x00, 0x14, 0x22, 0x24, 0x22, 0x22, 0x17, 0x24, 0x24, 0x24, 0x22, 0x16, 0x17, 0x17, 0x14, 0x01, 0x08, 0x14, 0x03, 0x00, 0x04,
    0x0D, 0x22, 0x17, 0x12, 0x15, 0x12, 0x15, 0x10, 0x10, 0x0B, 0x12, 0x12, 0x10, 0x17, 0x10, 0x15, 0x16, 0x15, 0x15, 0x16, 0x04, 0x03, 0x49, 0xEF,
    0x22, 0x03, 0x01, 0x0B, 0x12, 0x15, 0x12, 0x0A, 0x15, 0x12, 0x12, 0x12, 0x17, 0x15, 0x12, 0x0B, 0x01, 0x09, 0xA6, 0x91, 0x90, 0x8D, 0x24, 0x04,
    0x08, 0x16, 0x15, 0x15, 0x17, 0x17, 0x15, 0x16, 0x17, 0x14, 0x01, 0x14, 0xF3, 0x90, 0x98, 0x11, 0x01, 0x14, 0x23, 0x22, 0x26, 0x22, 0x26, 0x24,
    0x24, 0x26, 0x4A, 0x30, 0x0F, 0x0E, 0x07, 0x02, 0x11, 0xA7, 0xFF, 0xDE, 0xDE, 0xE2, 0xE2, 0xFF, 0xCB, 0x51, 0xA2, 0x72, 0x77, 0x60, 0x60, 0x73,
    0xC7, 0xE6, 0x61, 0x7F, 0x5B, 0xC2, 0xFF, 0xF6, 0xFF, 0xAE, 0x55, 0xD6, 0x3A, 0x5B, 0x3D, 0x38, 0x41, 0x6E, 0xE4, 0xDB, 0xB1, 0xCC, 0xC8, 0xB1,
    0xA1, 0x7A, 0xA1, 0x83, 0x83, 0x79, 0xA3, 0xA3, 0xA1, 0x79, 0x3F, 0x73, 0xED, 0xC2, 0x62, 0x73, 0x74, 0x83, 0x83, 0x62, 0x64, 0x63, 0x62, 0xD9,
    0x73, 0x74, 0x63, 0x62, 0x63, 0x6E, 0x76, 0x78, 0x63, 0x64, 0x73, 0xE3, 0xF3, 0xC6, 0x5F, 0xA3, 0xA1, 0x78, 0x76, 0xA3, 0x78, 0x7A, 0xA1, 0xA1,
    0xA1, 0xA3, 0xB1, 0xC8, 0xDF, 0xFF, 0xFD, 0xEB, 0xCF, 0xA1, 0x51, 0x5B, 0x3F, 0xC7, 0x7E, 0x76, 0xFF, 0xFF, 0xFD, 0x7E, 0x77, 0x34, 0x29, 0x5D,
    0xDF, 0xDF, 0xA2, 0x60, 0x73, 0x77, 0xB7, 0xB1, 0xF6, 0xE3, 0xE5, 0xE7, 0xDF, 0xF4, 0xDC, 0x11, 0x04, 0x06, 0x4A, 0x24, 0x24, 0x24, 0x24, 0x24,
    0x22, 0x22, 0x26, 0x26, 0x24, 0x24, 0x24, 0x1A, 0x00, 0x00, 0x00, 0x14, 0x49, 0x17, 0x15, 0x16, 0x17, 0x11, 0x16, 0x15, 0x12, 0x16, 0x0A, 0x0A,
    0x0A, 0x0A, 0x0A, 0x0A, 0x12, 0x16, 0x10, 0x10, 0x0B, 0x02, 0x03, 0x22, 0xFF, 0x24, 0x02, 0x00, 0x10, 0x10, 0x15, 0x12, 0x12, 0x15, 0x15, 0x10,
    0x12, 0x12, 0x16, 0x16, 0x16, 0x15, 0x15, 0x17, 0x12, 0x12, 0x16, 0x22, 0x17, 0x06, 0x00, 0x02, 0x01, 0x09, 0x16, 0x17, 0x15, 0x12, 0x17, 0x12,
    0x12, 0x22, 0x12, 0x17, 0x16, 0x12, 0x05, 0x00, 0x4E, 0xFB, 0x09, 0x00, 0x0D, 0x16, 0x17, 0x17, 0x22, 0x15, 0x15, 0x16, 0x17, 0x16, 0x17, 0x17,
    0x16, 0x11, 0x04, 0x02, 0x03, 0x00, 0x0C, 0x22, 0x15, 0x12, 0x16, 0x12, 0x15, 0x10, 0x12, 0x11, 0x10, 0x10, 0x15, 0x12, 0x0B, 0x17, 0x10, 0x10,
    0x12, 0x10, 0x10, 0x15, 0x04, 0x02, 0x8C, 0xFF, 0x22, 0x03, 0x00, 0x09, 0x10, 0x15, 0x11, 0x0B, 0x15, 0x10, 0x10, 0x10, 0x16, 0x11, 0x10, 0x0A,
    0x01, 0x0B, 0xCD, 0x91, 0x91, 0x8C, 0x8D, 0x08, 0x00, 0x11, 0x16, 0x16, 0x17, 0x22, 0x12, 0x15, 0x16, 0x0C, 0x01, 0x17, 0xEA, 0x90, 0x98, 0x0D,
    0x00, 0x14, 0x22, 0x16, 0x24, 0x22, 0x27, 0x24, 0x22, 0x26, 0x22, 0x4F, 0xAA, 0x1C, 0x06, 0x02, 0x0B, 0xA7, 0xFE, 0xDE, 0xDE, 0xE7, 0xE7, 0xFF,
    0xCB, 0x5E, 0x77, 0x5F, 0x5F, 0x60, 0xC7, 0xE6, 0xB6, 0x34, 0x1E, 0x7D, 0x5D, 0xC3, 0xFF, 0xF8, 0xFF, 0xB0, 0x5D, 0xC9, 0x34, 0x3D, 0x40, 0x81,
    0xDE, 0xFB, 0xFF, 0xF1, 0xCC, 0xA3, 0x7A, 0x78, 0xA3, 0xA3, 0x79, 0x7A, 0x74, 0xB7, 0x78, 0x78, 0x79, 0x79, 0x30, 0x64, 0xF1, 0xC6, 0x62, 0x7A,
    0x76, 0xA1, 0xB1, 0x62, 0x62, 0x62, 0x63, 0xA4, 0x74, 0x74, 0x79, 0x83, 0x63, 0x64, 0x73, 0x78, 0x60, 0x61, 0x62, 0xED, 0xEF, 0xB8, 0x5F, 0xA1,
    0xA1, 0x63, 0xD9, 0xE5, 0xB2, 0x77, 0x73, 0x78, 0x7A, 0xB1, 0xA3, 0x83, 0xA4, 0xCF, 0xE5, 0xFF, 0xFF, 0xF3, 0xD9, 0x60, 0x5F, 0x6E, 0x6E, 0xA1,
    0xFF, 0xFC, 0xFE, 0x77, 0x5F, 0x3A, 0x5B, 0x40, 0x55, 0x6B, 0xC9, 0xE0, 0xA2, 0x60, 0xBA, 0x5E, 0xEE, 0xDF, 0xDF, 0xF9, 0xE6, 0xF9, 0xD0, 0x11,
    0x02, 0x06, 0x49, 0x24, 0x25, 0x24, 0x17, 0x24, 0x24, 0x22, 0x24, 0x24, 0x24, 0x24, 0x26, 0x14, 0x00, 0x0C, 0x22, 0x22, 0x17, 0x17, 0x16, 0x17,
    0x15, 0x10, 0x15, 0x15, 0x15, 0x17, 0x12, 0x15, 0x15, 0x15, 0x12, 0x15, 0x17, 0x15, 0x10, 0x12, 0x11, 0x04, 0x03, 0x24, 0xFF, 0x23, 0x02, 0x00,
    0x12, 0x12, 0x17, 0x11, 0x10, 0x12, 0x15, 0x10, 0x0A, 0x0B, 0x15, 0x12, 0x11, 0x10, 0x11, 0x15, 0x0A, 0x10, 0x15, 0x11, 0x10, 0x12, 0x0D, 0x01,
    0x0C, 0x17, 0x16, 0x17, 0x15, 0x12, 0x16, 0x12, 0x12, 0x17, 0x10, 0x17, 0x15, 0x15, 0x08, 0x00, 0x2F, 0xFF, 0x11, 0x00, 0x0D, 0x15, 0x16, 0x15,
    0x22, 0x15, 0x10, 0x12, 0x12, 0x12, 0x15, 0x16, 0x12, 0x14, 0x1A, 0x00, 0x04, 0x14, 0x17, 0x16, 0x12, 0x12, 0x12, 0x12, 0x12, 0x12, 0x15, 0x12,
    0x15, 0x15, 0x16, 0x12, 0x10, 0x15, 0x0B, 0x10, 0x12, 0x10, 0x10, 0x16, 0x04, 0x01, 0x49, 0xFF, 0x24, 0x03, 0x00, 0x09, 0x10, 0x12, 0x12, 0x12,
    0x17, 0x12, 0x12, 0x12, 0x16, 0x12, 0x12, 0x11, 0x01, 0x09, 0xAB, 0x98, 0x8E, 0x8E, 0x8D, 0x09, 0x00, 0x0D, 0x16, 0x15, 0x16, 0x15, 0x12, 0x15,
    0x15, 0x04, 0x03, 0x26, 0xD3, 0x90, 0x90, 0x09, 0x00, 0x0D, 0x22, 0x17, 0x24, 0x22, 0x26, 0x22, 0x17, 0x27, 0x24, 0x24, 0x26, 0x9A, 0x0C, 0x02,
    0x11, 0xA7, 0xFF, 0xDC, 0xE2, 0xED, 0xE7, 0xFF, 0xC6, 0x63, 0x82, 0x60, 0xB2, 0xE0, 0x89, 0x43, 0x34, 0x39, 0x39, 0x6D, 0x41, 0xBF, 0xFF, 0xF8,
    0xFF, 0xA2, 0x3A, 0x5D, 0x34, 0x77, 0xDB, 0xEC, 0xF3, 0xF0, 0xCC, 0xB2, 0x78, 0x64, 0x79, 0x7A, 0x79, 0x78, 0x79, 0xB7, 0xBC, 0xEE, 0xB2, 0x64,
    0x79, 0x7A, 0x3F, 0x73, 0xF4, 0xBC, 0x62, 0x79, 0x63, 0x78, 0xA1, 0x63, 0x73, 0x62, 0x64, 0x3F, 0x62, 0xA1, 0x7A, 0xB2, 0x76, 0x64, 0x74, 0x76,
    0x5F, 0x60, 0x6E, 0xE8, 0xFB, 0xBB, 0x5E, 0xA3, 0xA1, 0x65, 0xCF, 0xD4, 0xE1, 0xD0, 0xBC, 0x79, 0x73, 0x7A, 0xA3, 0xA4, 0x79, 0xA3, 0xA4, 0xBB,
    0xE3, 0xFF, 0xFF, 0xF1, 0xDD, 0x41, 0x41, 0xA1, 0xFF, 0xF9, 0xFF, 0x75, 0x41, 0x34, 0x57, 0x71, 0x5D, 0x39, 0x38, 0x6D, 0xD6, 0xDB, 0x82, 0x2E,
    0xE4, 0xE3, 0xDF, 0xFD, 0xED, 0xF4, 0xD0, 0x11, 0x02, 0x06, 0x4C, 0x24, 0x24, 0x24, 0x22, 0x26, 0x24, 0x24, 0x24, 0x24, 0x24, 0x24, 0x24, 0x1A,
    0x1A, 0x26, 0x22, 0x16, 0x22, 0x16, 0x15, 0x22, 0x17, 0x15, 0x15, 0x12, 0x16, 0x17, 0x15, 0x15, 0x16, 0x15, 0x15, 0x15, 0x17, 0x15, 0x10, 0x12,
    0x12, 0x04, 0x03, 0x24, 0xFF, 0x24, 0x01, 0x01, 0x0D, 0x16, 0x15, 0x10, 0x10, 0x12, 0x16, 0x12, 0x12, 0x10, 0x12, 0x12, 0x11, 0x11, 0x15, 0x17,
    0x12, 0x11, 0x16, 0x15, 0x12, 0x12, 0x22, 0x1A, 0x14, 0x15, 0x12, 0x15, 0x15, 0x12, 0x16, 0x15, 0x15, 0x17, 0x12, 0x17, 0x17, 0x22, 0x0D, 0x00,
    0x2F, 0xFF, 0x0B, 0x00, 0x14, 0x22, 0x17, 0x16, 0x16, 0x15, 0x15, 0x17, 0x16, 0x15, 0x15, 0x15, 0x15, 0x16, 0x22, 0x0D, 0x24, 0x15, 0x0A, 0x12,
    0x12, 0x15, 0x17, 0x12, 0x15, 0x15, 0x16, 0x15, 0x12, 0x16, 0x16, 0x15, 0x12, 0x15, 0x12, 0x12, 0x12, 0x15, 0x14, 0x05, 0x01, 0x01, 0x47, 0xFD,
    0x24, 0x08, 0x01, 0x11, 0x12, 0x12, 0x15, 0x15, 0x22, 0x16, 0x15, 0x15, 0x15, 0x15, 0x16, 0x14, 0x01, 0x09, 0xCD, 0xAC, 0x8D, 0x90, 0x8D, 0x22,
    0x02, 0x05, 0x17, 0x15, 0x16, 0x17, 0x17, 0x22, 0x17, 0x00, 0x08, 0xAA, 0x97, 0x8E, 0x91, 0x0D, 0x00, 0x0D, 0x24, 0x24, 0x24, 0x22, 0x24, 0x22,
    0x22, 0x26, 0x24, 0x26, 0x24, 0x4A, 0x0C, 0x02, 0x0B, 0xA7, 0xFF, 0xDE, 0xDE, 0xEC, 0xE5, 0xFF, 0xC6, 0x41, 0xBE, 0xDD, 0xAF, 0x38, 0x2E, 0x38,
    0x43, 0x71, 0x39, 0x39, 0x3D, 0xC3, 0xFF, 0xF8, 0xFF, 0xAE, 0x2E, 0x55, 0xCA, 0xFD, 0xF6, 0xF4, 0xCC, 0xA1, 0x79, 0x79, 0x78, 0x78, 0x78, 0x78,
    0x74, 0xB1, 0xC6, 0xD0, 0xC5, 0xE2, 0xA4, 0x64, 0x7A, 0x79, 0x3F, 0x7A, 0xF4, 0xCC, 0x64, 0x83, 0xBB, 0xB2, 0xA1, 0x62, 0x74, 0x76, 0x74, 0x3F,
    0x6E, 0x62, 0x5E, 0x5F, 0x73, 0x74, 0x64, 0xB1, 0xAE, 0x5B, 0x74, 0xF0, 0xF3, 0xB8, 0x62, 0xA3, 0xA1, 0x64, 0xCF, 0xEE, 0xD1, 0xCE, 0xD0, 0xE1,
    0xB8, 0xB1, 0x78, 0x9E, 0xA3, 0xB1, 0xB1, 0xA1, 0xB1, 0xD9, 0xE6, 0xFF, 0xF1, 0xB7, 0xA1, 0xB1, 0xFF, 0xF8, 0xFF, 0x82, 0x60, 0x34, 0x40, 0x6C,
    0x6C, 0x6E, 0x6C, 0x3D, 0x3D, 0x6B, 0xE0, 0xD5, 0xF4, 0xEE, 0xDF, 0xED, 0xF6, 0xF6, 0xD0, 0x11, 0x02, 0x05, 0x4A, 0x22, 0x22, 0x17, 0x17, 0x26,
    0x17, 0x16, 0x17, 0x24, 0x15, 0x17, 0x17, 0x24, 0x22, 0x15, 0x17, 0x17, 0x22, 0x12, 0x0A, 0x17, 0x15, 0x15, 0x16, 0x10, 0x11, 0x15, 0x0A, 0x0A,
    0x15, 0x0A, 0x0A, 0x0B, 0x16, 0x10, 0x11, 0x10, 0x10, 0x01, 0x02, 0x22, 0xFF, 0x27, 0x08, 0x05, 0x00, 0x05, 0x12, 0x10, 0x11, 0x11, 0x15, 0x12,
    0x15, 0x11, 0x15, 0x11, 0x0B, 0x12, 0x17, 0x15, 0x12, 0x12, 0x16, 0x12, 0x12, 0x11, 0x11, 0x17, 0x10, 0x0A, 0x11, 0x12, 0x10, 0x10, 0x15, 0x11,
    0x12, 0x17, 0x10, 0x15, 0x12, 0x12, 0x08, 0x00, 0x4E, 0xEF, 0x09, 0x00, 0x14, 0x16, 0x15, 0x15, 0x15, 0x12, 0x12, 0x17, 0x17, 0x12, 0x12, 0x11,
    0x10, 0x10, 0x12, 0x17, 0x15, 0x0B, 0x0A, 0x12, 0x0A, 0x10, 0x15, 0x12, 0x12, 0x0A, 0x12, 0x0A, 0x0A, 0x12, 0x10, 0x0B, 0x0A, 0x12, 0x10, 0x10,
    0x10, 0x08, 0x01, 0x04, 0x14, 0x17, 0x26, 0xF6, 0x26, 0x08, 0x01, 0x0B, 0x10, 0x12, 0x10, 0x10, 0x16, 0x10, 0x12, 0x12, 0x15, 0x12, 0x12, 0x0B,
    0x01, 0x09, 0xAB, 0xE9, 0x8E, 0x91, 0x8D, 0x8D, 0x05, 0x04, 0x14, 0x12, 0x12, 0x15, 0x15, 0x16, 0x0D, 0x01, 0x17, 0xAC, 0x8E, 0x8E, 0x8D, 0x09,
    0x00, 0x14, 0x24, 0x22, 0x24, 0x22, 0x24, 0x22, 0x16, 0x22, 0x26, 0x26, 0x24, 0x49, 0x06, 0x02, 0x0B, 0xA6, 0xFF, 0xE1, 0xE3, 0xEE, 0xF0, 0xFF,
    0xED, 0xDA, 0xB3, 0x43, 0x34, 0x39, 0x58, 0x56, 0x40, 0x6D, 0x34, 0x40, 0x41, 0xC3, 0xFF, 0xF8, 0xFF, 0xBA, 0x81, 0xA1, 0xCC, 0xF6, 0xD9, 0xB7,
    0x7A, 0x83, 0xA3, 0x7A, 0x74, 0x65, 0x78, 0xA4, 0xC6, 0xCE, 0xC5, 0xC5, 0xDE, 0xF8, 0xA4, 0x65, 0x7A, 0x79, 0x3F, 0x78, 0xF6, 0xCC, 0x5E, 0x76,
    0xC2, 0xC7, 0x7A, 0x62, 0x62, 0x5B, 0x5E, 0x3D, 0xE2, 0xCC, 0xAE, 0x40, 0x64, 0x5E, 0x5B, 0xB7, 0xAF, 0x41, 0x73, 0xF4, 0xEF, 0xB8, 0x5E, 0x9E,
    0xA1, 0x66, 0xD1, 0xFF, 0xF8, 0xF4, 0xE2, 0xD1, 0xD1, 0xD1, 0xBC, 0xA4, 0x79, 0x7A, 0xA4, 0xA3, 0xA4, 0xB7, 0x9E, 0xDE, 0xE2, 0xA1, 0xA4, 0xB8,
    0xFF, 0xFF, 0xFF, 0x7D, 0x60, 0x39, 0x3E, 0x82, 0x7C, 0x6B, 0x6F, 0x72, 0x58, 0x38, 0x40, 0x7C, 0xF4, 0xFF, 0xF4, 0xE5, 0xE3, 0xF6, 0xD0, 0x11,
    0x02, 0x05, 0x26, 0x22, 0x22, 0x17, 0x17, 0x24, 0x17, 0x16, 0x22, 0x24, 0x15, 0x17, 0x22, 0x24, 0x15, 0x16, 0x17, 0x17, 0x22, 0x15, 0x12, 0x17,
    0x12, 0x15, 0x17, 0x11, 0x11, 0x16, 0x11, 0x11, 0x15, 0x0A, 0x0A, 0x0A, 0x15, 0x0B, 0x12, 0x0B, 0x02, 0x04, 0x05, 0x17, 0xFF, 0x4E, 0x12, 0x46,
    0x08, 0x00, 0x02, 0x0B, 0x12, 0x10, 0x12, 0x0A, 0x0B, 0x0A, 0x14, 0x11, 0x0A, 0x0A, 0x15, 0x0A, 0x0A, 0x0A, 0x15, 0x0B, 0x10, 0x0A, 0x0B, 0x12,
    0x0A, 0x0A, 0x10, 0x11, 0x11, 0x10, 0x15, 0x12, 0x0B, 0x15, 0x0B, 0x12, 0x12, 0x12, 0x04, 0x00, 0x2F, 0xFB, 0x08, 0x00, 0x08, 0x12, 0x12, 0x11,
    0x15, 0x10, 0x0A, 0x12, 0x15, 0x0A, 0x12, 0x12, 0x10, 0x12, 0x17, 0x12, 0x12, 0x12, 0x11, 0x15, 0x10, 0x12, 0x15, 0x10, 0x11, 0x0B, 0x12, 0x11,
    0x10, 0x15, 0x11, 0x0B, 0x0A, 0x11, 0x10, 0x10, 0x03, 0x00, 0x05, 0x21, 0x46, 0x23, 0xAA, 0xFD, 0x25, 0x01, 0x02, 0x0B, 0x12, 0x15, 0x11, 0x10,
    0x12, 0x0A, 0x11, 0x12, 0x16, 0x12, 0x10, 0x09, 0x00, 0x09, 0xAB, 0xEB, 0x8D, 0x90, 0x8E, 0x8E, 0x0B, 0x00, 0x0D, 0x12, 0x15, 0x15, 0x12, 0x15,
    0x05, 0x02, 0x22, 0xAA, 0x8E, 0x8E, 0x8D, 0x09, 0x01, 0x14, 0x22, 0x15, 0x22, 0x16, 0x22, 0x15, 0x12, 0x15, 0x24, 0x22, 0x22, 0x26, 0x06, 0x02,
    0x0B, 0xA6, 0xFF, 0xE1, 0xED, 0xEE, 0xFF, 0xFF, 0xE0, 0x42, 0x2E, 0x39, 0x6B, 0x5D, 0x59, 0x40, 0x7D, 0x58, 0x2E, 0x56, 0x3E, 0xBD, 0xF5, 0xF8,
    0xFF, 0xBA, 0x79, 0x74, 0xC7, 0xCC, 0x78, 0xA4, 0xA3, 0xA1, 0x7A, 0x64, 0x79, 0xB7, 0xCF, 0xC5, 0xC5, 0xCE, 0xE3, 0xFF, 0xFD, 0xFF, 0xA1, 0x64,
    0x7A, 0xA1, 0x3F, 0x83, 0xF9, 0xDF, 0x5E, 0xA3, 0xC6, 0xB1, 0x78, 0x3F, 0x5F, 0x6E, 0xC7, 0xED, 0xE2, 0xE1, 0xE2, 0xE1, 0xCF, 0x75, 0x3D, 0x41,
    0x5B, 0x60, 0x79, 0xF1, 0xEF, 0xBC, 0x51, 0x9E, 0xA3, 0x66, 0xDE, 0xF4, 0xE1, 0xEE, 0xFD, 0xF9, 0xE3, 0xCE, 0xCE, 0xCE, 0xC5, 0xC6, 0x78, 0xA3,
    0xA4, 0xC6, 0xA4, 0xC4, 0xDE, 0x79, 0xA3, 0xBC, 0xFF, 0xFF, 0xFF, 0x75, 0x5C, 0x34, 0x38, 0xCB, 0xE4, 0x71, 0x5D, 0x61, 0x61, 0x6B, 0x57, 0x34,
    0xF4, 0xED, 0xF6, 0xFF, 0xE6, 0xF6, 0xD0, 0x11, 0x04, 0x06, 0x26, 0x24, 0x26, 0x24, 0x22, 0x24, 0x22, 0x24, 0x24, 0x24, 0x24, 0x24, 0x22, 0x17,
    0x17, 0x17, 0x16, 0x16, 0x16, 0x16, 0x17, 0x16, 0x10, 0x10, 0x11, 0x12, 0x15, 0x15, 0x11, 0x11, 0x15, 0x10, 0x0A, 0x0A, 0x12, 0x0B, 0x05, 0x01,
    0x05, 0x21, 0x21, 0x1A, 0xFD, 0xA8, 0x22, 0x45, 0x45, 0x14, 0x01, 0x01, 0x09, 0x10, 0x10, 0x0A, 0x11, 0x0A, 0x11, 0x12, 0x0A, 0x10, 0x15, 0x0A,
    0x0A, 0x0A, 0x15, 0x10, 0x0B, 0x0B, 0x0B, 0x16, 0x12, 0x11, 0x12, 0x12, 0x10, 0x0B, 0x15, 0x11, 0x0A, 0x10, 0x10, 0x12, 0x11, 0x04, 0x00, 0x05,
    0x25, 0xF6, 0x14, 0x08, 0x00, 0x04, 0x11, 0x15, 0x15, 0x10, 0x10, 0x11, 0x12, 0x11, 0x15, 0x15, 0x12, 0x15, 0x15, 0x12, 0x12, 0x12, 0x15, 0x15,
    0x15, 0x12, 0x12, 0x12, 0x11, 0x12, 0x15, 0x12, 0x12, 0x15, 0x10, 0x0B, 0x0A, 0x11, 0x09, 0x01, 0x01, 0x0D, 0x45, 0x45, 0x45, 0x49, 0xE2, 0xE7,
    0x17, 0x0D, 0x08, 0x02, 0x05, 0x12, 0x10, 0x0B, 0x12, 0x0A, 0x0B, 0x12, 0x16, 0x10, 0x10, 0x09, 0x00, 0x09, 0xAB, 0xFF, 0x98, 0x8D, 0x8B, 0x91,
    0x22, 0x00, 0x05, 0x16, 0x15, 0x12, 0x10, 0x14, 0x00, 0x08, 0xA9, 0x90, 0x8E, 0x8E, 0x8D, 0x09, 0x01, 0x14, 0x17, 0x12, 0x16, 0x12, 0x17, 0x17,
    0x16, 0x16, 0x24, 0x22, 0x22, 0x26, 0x06, 0x02, 0x0B, 0xA7, 0xFF, 0xE3, 0xF6, 0xFF, 0xED, 0xFF, 0xAF, 0x39, 0x75, 0x41, 0x55, 0x43, 0x43, 0xB0,
    0xCA, 0x40, 0x2E, 0x56, 0x43, 0xBE, 0xF4, 0xFF, 0xFF, 0xB2, 0x76, 0x76, 0xCA, 0xD9, 0x7A, 0xB1, 0xA3, 0x78, 0xA3, 0xCC, 0xC6, 0xCE, 0xCE, 0xD0,
    0xED, 0xFF, 0xF4, 0xE5, 0xD0, 0xFF, 0xB8, 0x65, 0x78, 0x9E, 0x3F, 0xA5, 0xF7, 0xE4, 0x74, 0x76, 0x65, 0x7A, 0xA1, 0xB1, 0xD0, 0xE1, 0xDE, 0xE1,
    0xFF, 0xF8, 0xE5, 0xDE, 0xDE, 0xE1, 0xDC, 0x77, 0x72, 0x38, 0x5B, 0xF6, 0xF3, 0xBC, 0x65, 0xA3, 0xA4, 0x53, 0xD1, 0xF2, 0xE1, 0xE2, 0xDE, 0xF3,
    0xFD, 0xFF, 0xEC, 0xE1, 0xEA, 0xC6, 0x30, 0xA3, 0xA3, 0xB7, 0xA4, 0xB9, 0xDC, 0x74, 0xA1, 0xB1, 0xF8, 0xFF, 0xFD, 0x81, 0x6B, 0x38, 0x34, 0xB1,
    0xDE, 0x75, 0x55, 0x6C, 0x60, 0x6B, 0x61, 0x58, 0xFC, 0xE3, 0xDF, 0xED, 0xFF, 0xFF, 0xC8, 0x11, 0x02, 0x04, 0x24, 0x17, 0x24, 0x22, 0x15, 0x22,
    0x15, 0x16, 0x22, 0x17, 0x17, 0x22, 0x17, 0x12, 0x10, 0x12, 0x12, 0x15, 0x17, 0x15, 0x12, 0x17, 0x10, 0x0A, 0x0A, 0x10, 0x15, 0x0A, 0x0A, 0x0A,
    0x12, 0x15, 0x0A, 0x10, 0x0B, 0x02, 0x00, 0x08, 0x45, 0x45, 0x48, 0x91, 0xD4, 0xFE, 0xD3, 0x45, 0x48, 0x8A, 0x21, 0x05, 0x01, 0x04, 0x10, 0x10,
    0x0B, 0x0A, 0x10, 0x0A, 0x0A, 0x0A, 0x15, 0x0A, 0x0A, 0x0A, 0x11, 0x0A, 0x0A, 0x09, 0x0A, 0x11, 0x0A, 0x0A, 0x12, 0x0B, 0x0A, 0x0A, 0x11, 0x0A,
    0x0A, 0x12, 0x11, 0x08, 0x00, 0x00, 0x14, 0x45, 0x98, 0xFF, 0x8D, 0x46, 0x14, 0x01, 0x01, 0x0B, 0x12, 0x10, 0x0B, 0x11, 0x12, 0x10, 0x12, 0x11,
    0x09, 0x0A, 0x10, 0x0A, 0x0A, 0x09, 0x09, 0x0B, 0x0A, 0x09, 0x0A, 0x11, 0x0A, 0x0A, 0x0A, 0x0A, 0x0A, 0x10, 0x0B, 0x0A, 0x0A, 0x08, 0x00, 0x04,
    0x17, 0x45, 0x48, 0x8B, 0x8A, 0xE9, 0xFF, 0x92, 0x8A, 0x8D, 0x23, 0x09, 0x01, 0x01, 0x09, 0x10, 0x12, 0x12, 0x10, 0x10, 0x10, 0x0A, 0x0B, 0x09,
    0x00, 0x09, 0xAB, 0xFE, 0x9A, 0x8B, 0x8B, 0x8B, 0x49, 0x05, 0x04, 0x12, 0x12, 0x12, 0x12, 0x0D, 0x00, 0x0B, 0xFB, 0x97, 0x8E, 0x8E, 0x8D, 0x09,
    0x00, 0x0D, 0x17, 0x15, 0x17, 0x12, 0x17, 0x16, 0x12, 0x15, 0x22, 0x16, 0x15, 0x22, 0x06, 0x01, 0x0B, 0xA7, 0xFF, 0xF9, 0xFD, 0xE7, 0xE2, 0xFF,
    0xC1, 0x59, 0x6C, 0x55, 0x43, 0x40, 0x40, 0xC3, 0xA2, 0x58, 0x34, 0x6D, 0x56, 0xB4, 0xE8, 0xFF, 0xFF, 0xB2, 0x76, 0x76, 0xC7, 0xDB, 0x7A, 0xA3,
    0xA1, 0x5E, 0x3F, 0xCF, 0xE1, 0xE1, 0xEF, 0xFF, 0xF6, 0xE1, 0xDE, 0xE5, 0xD1, 0xFF, 0xA4, 0x66, 0xA1, 0x9E, 0x51, 0xDB, 0xFD, 0xDB, 0x5E, 0x73,
    0x9E, 0xCC, 0xE7, 0xE1, 0xE1, 0xE2, 0xF1, 0xFF, 0xD7, 0xFF, 0xFF, 0xFF, 0xF1, 0xE3, 0xE5, 0xEA, 0xDE, 0x83, 0xAE, 0xF8, 0xEF, 0xC6, 0x5E, 0x9B,
    0xA5, 0x53, 0xD1, 0xED, 0xC5, 0xD0, 0xDE, 0xE2, 0xDE, 0xF3, 0xFD, 0xFF, 0xC5, 0x51, 0x3F, 0x7A, 0xCF, 0xDF, 0xB8, 0xC5, 0xDB, 0x73, 0xA1, 0xB1,
    0xFF, 0xFD, 0xFF, 0x80, 0x5D, 0x38, 0x3E, 0xBB, 0xDE, 0x75, 0x55, 0x6B, 0x6B, 0x6C, 0x6E, 0x43, 0xF4, 0xE3, 0xE7, 0xE3, 0xDF, 0xF9, 0xC8, 0x11,
    0x02, 0x03, 0x24, 0x17, 0x22, 0x17, 0x12, 0x24, 0x15, 0x17, 0x22, 0x12, 0x12, 0x17, 0x12, 0x15, 0x10, 0x12, 0x12, 0x12, 0x15, 0x10, 0x11, 0x16,
    0x10, 0x0B, 0x0B, 0x11, 0x15, 0x11, 0x0A, 0x0B, 0x0B, 0x12, 0x0A, 0x08, 0x02, 0x01, 0x0D, 0x45, 0x46, 0x46, 0x46, 0x46, 0x8E, 0xEB, 0xF4, 0x99,
    0x8D, 0x48, 0x8A, 0x45, 0x0B, 0x01, 0x01, 0x09, 0x10, 0x0A, 0x11, 0x0B, 0x0A, 0x0B, 0x16, 0x11, 0x10, 0x0B, 0x12, 0x10, 0x0B, 0x0A, 0x10, 0x11,
    0x0B, 0x0B, 0x12, 0x0B, 0x11, 0x0A, 0x11, 0x0B, 0x0A, 0x11, 0x05, 0x00, 0x05, 0x21, 0x8A, 0x46, 0x9A, 0xFE, 0x49, 0x8A, 0x8A, 0x23, 0x05, 0x00,
    0x05, 0x0B, 0x10, 0x12, 0x12, 0x0A, 0x11, 0x11, 0x0B, 0x10, 0x11, 0x10, 0x0A, 0x0A, 0x09, 0x11, 0x0B, 0x0B, 0x12, 0x15, 0x0B, 0x0B, 0x10, 0x0A,
    0x0A, 0x11, 0x10, 0x0A, 0x02, 0x01, 0x0D, 0x21, 0x46, 0x45, 0x46, 0x90, 0xAC, 0xFF, 0xAB, 0x48, 0x8B, 0x49, 0x46, 0x45, 0x15, 0x02, 0x01, 0x08,
    0x12, 0x12, 0x10, 0x0B, 0x10, 0x10, 0x10, 0x09, 0x00, 0x09, 0xAB, 0xFE, 0xD4, 0x8E, 0x8C, 0x8D, 0x8D, 0x0D, 0x00, 0x08, 0x12, 0x11, 0x15, 0x05,
    0x01, 0x17, 0xD4, 0x98, 0x8E, 0x8E, 0x8B, 0x08, 0x00, 0x0D, 0x16, 0x15, 0x17, 0x16, 0x22, 0x15, 0x15, 0x16, 0x24, 0x17, 0x16, 0x24, 0x06, 0x01,
    0x0B, 0xA7, 0xFF, 0xE3, 0xE2, 0xF2, 0xE7, 0xFF, 0xC9, 0x40, 0x6B, 0x43, 0x43, 0x40, 0x40, 0xBE, 0xCA, 0x6A, 0x34, 0x69, 0x58, 0xB4, 0xE6, 0xFF,
    0xFF, 0xB1, 0x72, 0x73, 0xCA, 0xE2, 0xA4, 0xE3, 0xB1, 0x5F, 0x2D, 0x30, 0xCF, 0xFF, 0xF2, 0xE1, 0xDE, 0xE1, 0xE1, 0xDC, 0xD1, 0xFF, 0x9F, 0x66,
    0x78, 0x78, 0x63, 0xDC, 0xF7, 0xDF, 0xA4, 0xE2, 0xE2, 0xE2, 0xEE, 0xED, 0xFF, 0xFF, 0xFF, 0xE7, 0x2D, 0x6C, 0xB2, 0xE0, 0xFF, 0xFF, 0xF8, 0xF0,
    0xE5, 0xE1, 0xEA, 0xFF, 0xE9, 0xA5, 0x51, 0xC4, 0x9F, 0x54, 0xD1, 0xF7, 0xEE, 0xEC, 0xD1, 0xC4, 0xC5, 0xD1, 0xEC, 0xFF, 0xA8, 0x30, 0x51, 0x9B,
    0xDF, 0xCF, 0xA3, 0xDE, 0xE2, 0x64, 0x79, 0xBC, 0xFF, 0xF8, 0xFF, 0x80, 0x43, 0x38, 0x3E, 0xCB, 0xDC, 0x6F, 0x3D, 0x6C, 0x5D, 0x6B, 0x6B, 0x5A,
    0xF4, 0xE3, 0xE8, 0xF8, 0xE3, 0xF4, 0xCE, 0x11, 0x02, 0x04, 0x24, 0x17, 0x17, 0x16, 0x15, 0x22, 0x15, 0x17, 0x22, 0x12, 0x15, 0x17, 0x12, 0x15,
    0x10, 0x12, 0x12, 0x16, 0x17, 0x12, 0x15, 0x15, 0x0B, 0x0B, 0x0B, 0x10, 0x15, 0x15, 0x12, 0x10, 0x0B, 0x0B, 0x03, 0x00, 0x05, 0x17, 0x8A, 0x48,
    0x45, 0x45, 0x8A, 0x8B, 0x48, 0x90, 0xEB, 0xFF, 0xD3, 0x8B, 0x46, 0x8A, 0x45, 0x16, 0x02, 0x00, 0x05, 0x10, 0x12, 0x11, 0x0B, 0x0B, 0x15, 0x11,
    0x10, 0x10, 0x15, 0x11, 0x11, 0x11, 0x11, 0x15, 0x11, 0x11, 0x12, 0x11, 0x15, 0x11, 0x12, 0x12, 0x09, 0x01, 0x00, 0x0D, 0x45, 0x46, 0x49, 0x8E,
    0x9A, 0xFE, 0x8D, 0x8D, 0x48, 0x8A, 0x45, 0x09, 0x01, 0x02, 0x0B, 0x12, 0x10, 0x10, 0x11, 0x10, 0x11, 0x11, 0x15, 0x12, 0x11, 0x12, 0x11, 0x12,
    0x12, 0x11, 0x11, 0x12, 0x0B, 0x10, 0x11, 0x10, 0x10, 0x11, 0x08, 0x01, 0x04, 0x17, 0x8A, 0x46, 0x46, 0x46, 0x90, 0xEF, 0xFF, 0xD3, 0x48, 0x8B,
    0x8B, 0x45, 0x45, 0x46, 0x8A, 0x45, 0x08, 0x00, 0x05, 0x11, 0x10, 0x10, 0x12, 0x12, 0x12, 0x0B, 0x00, 0x08, 0xA7, 0xFE, 0xFD, 0x90, 0x8B, 0x8E,
    0x8D, 0x22, 0x01, 0x04, 0x12, 0x12, 0x11, 0x04, 0x04, 0xE1, 0xD3, 0x91, 0x8D, 0x8D, 0x48, 0x08, 0x00, 0x0D, 0x17, 0x15, 0x22, 0x17, 0x22, 0x17,
    0x16, 0x17, 0x22, 0x24, 0x22, 0x26, 0x06, 0x01, 0x0B, 0xA6, 0xFF, 0xE2, 0xE2, 0xF1, 0xED, 0xFF, 0xC1, 0x39, 0x59, 0x43, 0x57, 0x43, 0x58, 0xBD,
    0xC9, 0x59, 0x2E, 0x56, 0x41, 0xB4, 0xE8, 0xFF, 0xFF, 0xB8, 0x78, 0x62, 0xCA, 0xE3, 0x9E, 0xDF, 0xBC, 0x64, 0x30, 0x30, 0xBC, 0xFF, 0xDE, 0xCE,
    0xC5, 0xCE, 0xEA, 0xF6, 0xF3, 0xFD, 0x9D, 0x52, 0x7A, 0xC6, 0x3F, 0x9B, 0xEC, 0xFF, 0xE1, 0xE1, 0xEE, 0xFF, 0xFF, 0xFF, 0xF8, 0xA5, 0x66, 0x30,
    0x7E, 0x6D, 0x38, 0x3A, 0x38, 0xBF, 0xED, 0xF8, 0xFF, 0xFF, 0xF7, 0xF9, 0xD4, 0x9E, 0x9B, 0xC2, 0xA4, 0x50, 0xCD, 0xAA, 0xA6, 0xCE, 0xEB, 0xF7,
    0xE1, 0xCD, 0xE1, 0xFF, 0x9F, 0x30, 0x3F, 0x7A, 0xDB, 0xC8, 0x7A, 0xCF, 0xE5, 0x78, 0x83, 0xBC, 0xFF, 0xF9, 0xF8, 0x71, 0x6B, 0x39, 0x39, 0x7E,
    0xE4, 0x82, 0x55, 0x6F, 0x61, 0x5D, 0x5D, 0x43, 0xF0, 0xE5, 0xE7, 0xF0, 0xDC, 0xF1, 0xD0, 0x10, 0x04, 0x04, 0x24, 0x17, 0x22, 0x16, 0x12, 0x17,
    0x12, 0x15, 0x17, 0x15, 0x15, 0x17, 0x16, 0x17, 0x17, 0x16, 0x15, 0x16, 0x16, 0x12, 0x11, 0x12, 0x11, 0x0A, 0x0A, 0x0A, 0x12, 0x11, 0x0A, 0x0B,
    0x09, 0x01, 0x00, 0x08, 0x21, 0x46, 0x45, 0x8E, 0x8D, 0x45, 0x45, 0x48, 0x8A, 0x90, 0xEF, 0xFB, 0xFF, 0xD4, 0x8E, 0x8A, 0x46, 0x45, 0x21, 0x05,
    0x00, 0x04, 0x0B, 0x10, 0x09, 0x0B, 0x11, 0x09, 0x09, 0x09, 0x10, 0x0A, 0x0B, 0x0A, 0x0B, 0x0B, 0x09, 0x09, 0x0A, 0x0A, 0x0A, 0x0A, 0x10, 0x05,
    0x01, 0x04, 0x14, 0x8A, 0x46, 0x46, 0x48, 0x91, 0x98, 0xFF, 0x8E, 0x91, 0x8B, 0x48, 0x46, 0x8A, 0x17, 0x02, 0x00, 0x05, 0x0B, 0x0A, 0x0B, 0x0A,
    0x0A, 0x09, 0x11, 0x11, 0x0B, 0x11, 0x11, 0x10, 0x09, 0x09, 0x09, 0x0A, 0x0A, 0x0A, 0x0B, 0x10, 0x0B, 0x05, 0x00, 0x06, 0x23, 0x8B, 0x46, 0x45,
    0x8A, 0x97, 0xFF, 0xFF, 0xFB, 0xD4, 0x8D, 0x8A, 0x48, 0x8B, 0x8B, 0x8B, 0x46, 0x45, 0x8A, 0x0D, 0x01, 0x01, 0x08, 0x10, 0x12, 0x0B, 0x10, 0x09,
    0x00, 0x09, 0xAB, 0xFE, 0xFA, 0xAC, 0x8B, 0x8B, 0x8B, 0x8C, 0x08, 0x01, 0x11, 0x12, 0x09, 0x00, 0x09, 0xEB, 0xD3, 0x8D, 0x8D, 0x8C, 0x8B, 0x09,
    0x00, 0x0D, 0x17, 0x15, 0x17, 0x10, 0x15, 0x15, 0x12, 0x12, 0x16, 0x15, 0x12, 0x17, 0x06, 0x01, 0x0B, 0xA7, 0xFF, 0xE3, 0xDF, 0xF0, 0xE6, 0xFF,
    0xCA, 0x39, 0x5D, 0x55, 0x6B, 0x5D, 0x58, 0xDA, 0xAF, 0x40, 0x2E, 0x40, 0x3E, 0xB0, 0xE8, 0xFF, 0xFF, 0xC6, 0x73, 0x76, 0xDF, 0xE2, 0x65, 0xB7,
    0xC6, 0x65, 0x30, 0x30, 0xBC, 0xFD, 0xCD, 0xD1, 0xF7, 0xF3, 0xE9, 0xC4, 0x9D, 0xD4, 0xA7, 0x53, 0xB9, 0xDB, 0x30, 0x7A, 0xEC, 0xFF, 0xFF, 0xFF,
    0xFF, 0xF4, 0xDF, 0x4E, 0x51, 0x30, 0x51, 0xA4, 0x77, 0x81, 0xA2, 0x72, 0x34, 0xA2, 0x3F, 0x73, 0xF1, 0xDB, 0xFF, 0xFF, 0xEB, 0xA0, 0x9D, 0xA0,
    0xA5, 0x54, 0xAB, 0xAC, 0x96, 0x50, 0x50, 0xA7, 0xD4, 0xF3, 0xEC, 0xFF, 0x9F, 0x30, 0x3F, 0x9E, 0xDC, 0xC6, 0x7A, 0xDB, 0xE5, 0x63, 0xA1, 0xBB,
    0xFF, 0xF9, 0xF8, 0xD7, 0xAF, 0x34, 0x40, 0x3D, 0x40, 0x3E, 0x5D, 0x77, 0x6C, 0x6B, 0x5D, 0x43, 0xED, 0xE5, 0xDD, 0xE6, 0xDB, 0xF4, 0xD0, 0x11,
    0x01, 0x04, 0x24, 0x16, 0x17, 0x12, 0x10, 0x17, 0x12, 0x12, 0x15, 0x10, 0x0B, 0x12, 0x10, 0x15, 0x15, 0x10, 0x11, 0x10, 0x11, 0x0A, 0x0A, 0x10,
    0x17, 0x0B, 0x0B, 0x0A, 0x10, 0x0B, 0x0A, 0x08, 0x01, 0x02, 0x0D, 0x45, 0x45, 0x45, 0x45, 0x46, 0x8E, 0x8D, 0x45, 0x8B, 0x9A, 0xFF, 0xFF, 0xF9,
    0xFD, 0xFF, 0xFE, 0x98, 0x48, 0x46, 0x8B, 0x46, 0x14, 0x00, 0x01, 0x08, 0x0A, 0x0B, 0x11, 0x09, 0x0A, 0x0A, 0x0B, 0x0A, 0x0A, 0x0A, 0x0A, 0x0B,
    0x0A, 0x0A, 0x0B, 0x09, 0x0A, 0x09, 0x02, 0x00, 0x05, 0x23, 0x8B, 0x48, 0x46, 0x8C, 0x8D, 0x8B, 0x9A, 0xFD, 0x9A, 0x8D, 0x8B, 0x8C, 0x8D, 0x8B,
    0x8B, 0x23, 0x08, 0x01, 0x02, 0x09, 0x0B, 0x0A, 0x0A, 0x0A, 0x12, 0x0B, 0x0B, 0x0A, 0x09, 0x0B, 0x0A, 0x0A, 0x0A, 0x0B, 0x09, 0x0A, 0x10, 0x09,
    0x01, 0x01, 0x0D, 0x47, 0x8A, 0x8C, 0x46, 0x48, 0xD3, 0xFF, 0xFD, 0xFD, 0xFD, 0xFF, 0xFA, 0x90, 0x8A, 0x8D, 0x8A, 0x21, 0x21, 0x48, 0x48, 0x45,
    0x23, 0x05, 0x00, 0x05, 0x0B, 0x0A, 0x10, 0x09, 0x00, 0x09, 0xAB, 0xFE, 0xFF, 0xE9, 0x8B, 0x8B, 0x8B, 0x8D, 0x09, 0x00, 0x08, 0x12, 0x04, 0x04,
    0x16, 0xEF, 0xD4, 0x8E, 0x8B, 0x8C, 0x48, 0x09, 0x00, 0x0D, 0x16, 0x15, 0x15, 0x10, 0x15, 0x15, 0x12, 0x12, 0x15, 0x11, 0x10, 0x16, 0x06, 0x01,
    0x0B, 0xA7, 0xFF, 0xD9, 0xDC, 0xE7, 0xE4, 0xFF, 0xBE, 0x34, 0x5D, 0x43, 0x5D, 0x6B, 0x3E, 0x39, 0x2E, 0x39, 0x2E, 0x39, 0xD9, 0xE6, 0xE8, 0xFF,
    0xFF, 0xB8, 0x62, 0x78, 0xDF, 0xE5, 0x65, 0xBC, 0xB7, 0x64, 0x30, 0x30, 0xB9, 0xFF, 0xF4, 0xFB, 0xCE, 0x67, 0x4E, 0x54, 0xA6, 0xCD, 0x9D, 0x53,
    0xC4, 0xC5, 0x9E, 0xB8, 0xFD, 0xFF, 0xED, 0xCC, 0xBC, 0x51, 0x73, 0x30, 0x63, 0xA1, 0x79, 0xB7, 0x80, 0x77, 0x72, 0x72, 0x72, 0xC7, 0x5B, 0x63,
    0xCA, 0x51, 0xA0, 0xC6, 0xDE, 0xFF, 0xE1, 0xCD, 0xA0, 0x4F, 0xAA, 0x97, 0x8C, 0x8A, 0x8D, 0x4A, 0x4F, 0x95, 0xD1, 0xFA, 0xA7, 0x30, 0x3F, 0x9B,
    0xCF, 0xB8, 0x65, 0xDF, 0xE3, 0x74, 0x79, 0xBB, 0xFF, 0xFF, 0xF8, 0xFF, 0x89, 0x2C, 0x69, 0x7E, 0x61, 0x6C, 0x6C, 0x6F, 0x6E, 0x6B, 0x6B, 0x5D,
    0xF0, 0xE0, 0xD7, 0xE6, 0xD9, 0xF4, 0xD0, 0x12, 0x02, 0x01, 0x23, 0x15, 0x16, 0x10, 0x10, 0x17, 0x12, 0x15, 0x16, 0x10, 0x10, 0x15, 0x10, 0x12,
    0x15, 0x10, 0x10, 0x0B, 0x11, 0x0A, 0x0A, 0x0B, 0x12, 0x09, 0x0A, 0x0A, 0x10, 0x0B, 0x03, 0x00, 0x05, 0x23, 0x8A, 0x48, 0x49, 0x48, 0x48, 0x8A,
    0x45, 0x8D, 0x8E, 0xD3, 0xFF, 0xFB, 0xFD, 0xFF, 0xFF, 0xFD, 0xFD, 0xFF, 0xAA, 0x8B, 0x48, 0x45, 0x8B, 0x21, 0x05, 0x00, 0x04, 0x0B, 0x12, 0x09,
    0x09, 0x0A, 0x0B, 0x09, 0x09, 0x09, 0x09, 0x0B, 0x0A, 0x09, 0x0B, 0x0A, 0x08, 0x01, 0x00, 0x0D, 0x45, 0x8A, 0x47, 0x46, 0x8B, 0x8D, 0x8E, 0x9A,
    0xF8, 0xF6, 0xFF, 0xAC, 0x8E, 0x8D, 0x8D, 0x48, 0x8B, 0x8A, 0x46, 0x14, 0x01, 0x01, 0x08, 0x0B, 0x0B, 0x0B, 0x12, 0x0A, 0x09, 0x09, 0x09, 0x0B,
    0x0B, 0x0B, 0x11, 0x11, 0x0A, 0x0A, 0x05, 0x01, 0x04, 0x17, 0x8A, 0x48, 0x48, 0x8B, 0x97, 0xEB, 0xFF, 0xFB, 0xFF, 0xFF, 0xFF, 0xFD, 0xF8, 0xFF,
    0xAA, 0x48, 0x45, 0x46, 0x48, 0x48, 0x48, 0x45, 0x8A, 0x47, 0x0D, 0x00, 0x01, 0x09, 0x0B, 0x09, 0x00, 0x09, 0xA7, 0xFE, 0xF9, 0xE9, 0x90, 0x8D,
    0x8B, 0x8B, 0x22, 0x00, 0x05, 0x12, 0x04, 0x08, 0xC4, 0xFF, 0xD4, 0x8C, 0x48, 0x8B, 0x46, 0x09, 0x00, 0x08, 0x10, 0x12, 0x10, 0x0A, 0x15, 0x12,
    0x10, 0x11, 0x15, 0x12, 0x10, 0x17, 0x06, 0x01, 0x0B, 0xA7, 0xFF, 0xDB, 0xD9, 0xDF, 0xDF, 0xFF, 0xC9, 0x39, 0x5A, 0x56, 0x58, 0x59, 0x5D, 0x55,
    0x59, 0x71, 0x34, 0x70, 0xFF, 0xFF, 0xF9, 0xFE, 0xFF, 0xC5, 0x73, 0x78, 0xDB, 0xDE, 0x65, 0xC6, 0xB8, 0x64, 0x30, 0x2D, 0xB9, 0xE9, 0xA7, 0x94,
    0x4D, 0x93, 0x91, 0x8B, 0x8C, 0xAC, 0x54, 0x53, 0xA9, 0xCE, 0xFF, 0xF1, 0xC8, 0xA1, 0xA3, 0x65, 0xB1, 0x3F, 0x83, 0x83, 0x78, 0x65, 0x78, 0xB7,
    0x81, 0x77, 0x77, 0x72, 0x5C, 0xC2, 0x5E, 0x7A, 0xE2, 0xBC, 0xCF, 0x9B, 0x53, 0x9F, 0xC6, 0xE2, 0xF9, 0xD2, 0x99, 0x8D, 0x13, 0x04, 0x0D, 0x45,
    0x8D, 0x98, 0x96, 0xD2, 0xA7, 0x30, 0x30, 0x67, 0xC8, 0xB8, 0x7A, 0xD0, 0xDE, 0x65, 0x83, 0xB7, 0xFF, 0xF9, 0xFF, 0xBB, 0x72, 0x2C, 0x3E, 0x77,
    0x71, 0x71, 0x6E, 0x6B, 0x6B, 0x6F, 0x6F, 0x6D, 0xF4, 0xE4, 0xD7, 0xDF, 0xD9, 0xF0, 0xD0, 0x11, 0x02, 0x01, 0x22, 0x16, 0x17, 0x12, 0x12, 0x22,
    0x15, 0x16, 0x17, 0x11, 0x11, 0x15, 0x0A, 0x14, 0x15, 0x0A, 0x0A, 0x0A, 0x0B, 0x0A, 0x09, 0x0A, 0x12, 0x0A, 0x0A, 0x0B, 0x09, 0x02, 0x01, 0x0D,
    0x46, 0x46, 0x48, 0x48, 0x48, 0x8D, 0x8A, 0x48, 0x48, 0x90, 0xEF, 0xFF, 0xFB, 0xFF, 0xFF, 0xF9, 0xFF, 0xFF, 0xFD, 0xFB, 0xFF, 0xD3, 0x8E, 0x8A,
    0x8A, 0x45, 0x46, 0x0D, 0x00, 0x01, 0x09, 0x0B, 0x0A, 0x0A, 0x11, 0x0B, 0x0B, 0x0B, 0x0B, 0x0B, 0x09, 0x0A, 0x0B, 0x03, 0x00, 0x04, 0x16, 0x8B,
    0x8B, 0x45, 0x48, 0x8A, 0x8B, 0x8E, 0xD3, 0xFF, 0xFB, 0xFF, 0xFB, 0xFF, 0xE9, 0x98, 0x8B, 0x8D, 0x8D, 0x48, 0x48, 0x8B, 0x22, 0x04, 0x01, 0x05,
    0x09, 0x0B, 0x12, 0x10, 0x10, 0x0B, 0x0B, 0x10, 0x0A, 0x09, 0x0A, 0x10, 0x09, 0x02, 0x00, 0x08, 0x47, 0x8D, 0x47, 0x8B, 0x8E, 0xAA, 0xFF, 0xFD,
    0xFB, 0xFF, 0xFF, 0xFF, 0xF9, 0xFF, 0xFC, 0xF3, 0xFF, 0xD3, 0x8E, 0x8A, 0x46, 0x8A, 0x45, 0x45, 0x48, 0x45, 0x8A, 0x14, 0x04, 0x00, 0x08, 0x09,
    0x00, 0x09, 0xAB, 0xFE, 0xF2, 0xFF, 0x9A, 0x8B, 0x8C, 0x8B, 0x8A, 0x04, 0x04, 0x0B, 0x00, 0x08, 0xCD, 0xFE, 0xD3, 0x8C, 0x8B, 0x48, 0x8A, 0x08,
    0x00, 0x0D, 0x15, 0x15, 0x15, 0x12, 0x15, 0x15, 0x15, 0x16, 0x17, 0x16, 0x15, 0x22, 0x06, 0x02, 0x0B, 0xA7, 0xFE, 0xD9, 0xDF, 0xDC, 0xDF, 0xFF,
    0xD7, 0x40, 0x69, 0x59, 0x5D, 0x59, 0x69, 0x6B, 0x6C, 0x85, 0x2C, 0x5A, 0xAF, 0xDA, 0xFF, 0xF9, 0xFF, 0xC8, 0x73, 0x83, 0xD9, 0xE2, 0x7A, 0xC6,
    0xBC, 0x64, 0x30, 0x2F, 0xA9, 0xA6, 0x92, 0x91, 0x8B, 0x20, 0x05, 0x04, 0x21, 0x98, 0xAB, 0xE5, 0xFB, 0xE2, 0x9B, 0x52, 0x7A, 0xB7, 0xE3, 0xC8,
    0xCC, 0x5E, 0x79, 0x62, 0x5F, 0x74, 0x64, 0xB1, 0x81, 0x80, 0x82, 0x6E, 0x5F, 0xB7, 0x63, 0x7A, 0xEC, 0xDB, 0xE2, 0xEE, 0xE5, 0xA5, 0x9F, 0x4E,
    0x4C, 0x94, 0xAA, 0x90, 0x46, 0x08, 0x00, 0x00, 0x05, 0x16, 0x8B, 0x93, 0x96, 0x2F, 0x3F, 0x67, 0xCF, 0xB8, 0x9B, 0xD0, 0xD0, 0x64, 0x83, 0xBB,
    0xFF, 0xF9, 0xDD, 0xAE, 0x75, 0x43, 0x39, 0x34, 0x43, 0x6C, 0x6C, 0x6B, 0x6B, 0x5D, 0x6F, 0x6D, 0xF0, 0xE0, 0xD7, 0xE0, 0xD9, 0xF4, 0xD0, 0x11,
    0x02, 0x04, 0x24, 0x15, 0x17, 0x15, 0x10, 0x17, 0x17, 0x16, 0x17, 0x17, 0x10, 0x11, 0x10, 0x15, 0x15, 0x11, 0x12, 0x15, 0x14, 0x11, 0x10, 0x11,
    0x11, 0x10, 0x0B, 0x05, 0x00, 0x05, 0x14, 0x46, 0x45, 0x46, 0x8A, 0x48, 0x46, 0x48, 0x8B, 0x8B, 0xD3, 0xF7, 0xFD, 0xF7, 0xFD, 0xFF, 0xFF, 0xFF,
    0xFF, 0xFA, 0xFF, 0xFA, 0xFB, 0xFF, 0xFB, 0xD4, 0x8D, 0x45, 0x8D, 0x8A, 0x16, 0x05, 0x00, 0x05, 0x0A, 0x0A, 0x11, 0x0A, 0x0B, 0x0B, 0x0A, 0x0A,
    0x0A, 0x09, 0x02, 0x00, 0x05, 0x23, 0x8B, 0x45, 0x48, 0x48, 0x8B, 0x8D, 0x97, 0xEF, 0xFF, 0xFB, 0xFD, 0xFF, 0xFE, 0xF3, 0xFA, 0xFF, 0xAC, 0x91,
    0x8D, 0x8E, 0x48, 0x48, 0x8D, 0x46, 0x0D, 0x00, 0x01, 0x09, 0x12, 0x10, 0x0B, 0x0B, 0x11, 0x10, 0x0B, 0x0A, 0x0B, 0x08, 0x00, 0x00, 0x0D, 0x8D,
    0x8C, 0x8B, 0x8B, 0x91, 0xEB, 0xFF, 0xFB, 0xFD, 0xFF, 0xFF, 0xFF, 0xFF, 0xFF, 0xFF, 0xFF, 0xFF, 0xF3, 0xFF, 0xFB, 0x97, 0x48, 0x45, 0x49, 0x8C,
    0x48, 0x46, 0x48, 0x8A, 0x23, 0x0C, 0x01, 0x02, 0x04, 0x09, 0xAB, 0xFE, 0xF7, 0xFA, 0xD4, 0x8B, 0x8A, 0x8B, 0x8A, 0x0D, 0x02, 0x05, 0x04, 0x17,
    0xD4, 0xFF, 0xD4, 0x8B, 0x47, 0x45, 0x46, 0x08, 0x00, 0x08, 0x15, 0x11, 0x22, 0x15, 0x15, 0x15, 0x17, 0x24, 0x17, 0x16, 0x15, 0x17, 0x06, 0x02,
    0x0B, 0xA7, 0xFF, 0xD9, 0xD9, 0xD9, 0xCB, 0xF4, 0xC9, 0x39, 0x69, 0x59, 0x5D, 0x56, 0x56, 0x38, 0x2E, 0x34, 0x34, 0x59, 0x85, 0x89, 0xE6, 0xFF,
    0xFF, 0xBC, 0x78, 0xA3, 0xDB, 0xE2, 0x78, 0xC6, 0xC5, 0x65, 0x30, 0x2F, 0xAA, 0x8F, 0x46, 0x13, 0x04, 0x00, 0x04, 0x0D, 0x8D, 0x9A, 0x99, 0x94,
    0x4D, 0x53, 0xB9, 0xDE, 0xF1, 0xDF, 0xE4, 0xB8, 0xBC, 0x51, 0x79, 0x63, 0x73, 0x73, 0x62, 0xA4, 0x81, 0x82, 0xA2, 0x73, 0x61, 0xB2, 0x7A, 0xB1,
    0xE5, 0xCF, 0xC5, 0xA4, 0xB7, 0xF0, 0xFB, 0x9B, 0x4D, 0x4A, 0x92, 0x4C, 0x8C, 0x8D, 0x46, 0x14, 0x04, 0x00, 0x09, 0x8D, 0x95, 0x2F, 0x9F, 0x66,
    0xC8, 0xB9, 0x67, 0xCF, 0xE1, 0x78, 0x79, 0xB7, 0xFF, 0xFF, 0xD8, 0xE0, 0xF8, 0xDA, 0xB3, 0x7F, 0x6D, 0x42, 0x40, 0x5D, 0x75, 0x6C, 0x75, 0x69,
    0xED, 0xDD, 0xD6, 0xD9, 0xC9, 0xED, 0xD0, 0x12, 0x02, 0x04, 0x22, 0x10, 0x15, 0x15, 0x0A, 0x10, 0x16, 0x15, 0x16, 0x15, 0x0A, 0x0A, 0x0A, 0x0B,
    0x11, 0x0B, 0x0A, 0x15, 0x12, 0x0A, 0x0B, 0x0B, 0x0B, 0x09, 0x01, 0x00, 0x0C, 0x23, 0x45, 0x46, 0x48, 0x48, 0x48, 0x8B, 0x8B, 0x46, 0x90, 0xEA,
    0xFF, 0xFD, 0xFD, 0xFF, 0xFF, 0xFF, 0xFF, 0xFF, 0xFF, 0xFF, 0xFF, 0xFF, 0xFF, 0xFB, 0xFD, 0xFF, 0xE9, 0x8E, 0x8A, 0x8A, 0x8A, 0x47, 0x0D, 0x01,
    0x01, 0x09, 0x0B, 0x09, 0x09, 0x09, 0x0A, 0x0A, 0x03, 0x01, 0x00, 0x0D, 0x8A, 0x48, 0x8D, 0x46, 0x8B, 0x8D, 0x8D, 0xAC, 0xFF, 0xFF, 0xF7, 0xFF,
    0xFF, 0xFF, 0xF8, 0xF8, 0xFD, 0xFD, 0xFF, 0xD4, 0x9A, 0x8D, 0x8B, 0x8D, 0x8B, 0x8A, 0x8A, 0x16, 0x01, 0x00, 0x08, 0x0B, 0x0A, 0x0A, 0x0A, 0x0A,
    0x0A, 0x0A, 0x03, 0x00, 0x05, 0x22, 0x8B, 0x8D, 0x8B, 0x8B, 0x9A, 0xFA, 0xFF, 0xFB, 0xFF, 0xFF, 0xFF, 0xFF, 0xFF, 0xFD, 0xF8, 0xFF, 0xFF, 0xFF,
    0xF8, 0xFD, 0xFD, 0xFF, 0xD4, 0x8C, 0x8D, 0x48, 0x48, 0x8D, 0x48, 0x45, 0x8B, 0x8B, 0x14, 0x05, 0x00, 0x09, 0xAB, 0xFE, 0xF9, 0xF9, 0xFE, 0x91,
    0x8A, 0x8B, 0x8B, 0x23, 0x04, 0x04, 0x05, 0x9C, 0xFF, 0xFA, 0xD3, 0x48, 0x45, 0x45, 0x45, 0x08, 0x00, 0x08, 0x12, 0x0B, 0x17, 0x11, 0x11, 0x11,
    0x17, 0x22, 0x12, 0x10, 0x11, 0x17, 0x04, 0x02, 0x0B, 0xAB, 0xFE, 0xCC, 0xCB, 0xCB, 0xCA, 0xF4, 0xC9, 0x39, 0x71, 0x6B, 0x5A, 0x43, 0x39, 0x34,
    0x3B, 0xB4, 0xBD, 0xF0, 0xDF, 0xD7, 0xDA, 0xFF, 0xFF, 0xCC, 0x79, 0xA1, 0xDB, 0xDB, 0x78, 0xC6, 0xBC, 0x7A, 0x51, 0x2F, 0x99, 0x8A, 0x04, 0x04,
    0x0C, 0x21, 0x8A, 0x8D, 0x4A, 0x4A, 0x92, 0x4A, 0x53, 0xB9, 0xFF, 0xC7, 0xA5, 0xB7, 0xE3, 0xBC, 0xBC, 0x5B, 0x6E, 0x78, 0x74, 0x76, 0x63, 0x79,
    0x81, 0x83, 0x83, 0x77, 0x61, 0xB2, 0x83, 0xB2, 0xE2, 0xCF, 0xF4, 0xE6, 0xC7, 0xE3, 0xE9, 0x9C, 0xA0, 0xE2, 0x9D, 0x4C, 0x23, 0x20, 0x21, 0x8B,
    0x8D, 0x47, 0x23, 0x98, 0xA6, 0x2F, 0x9F, 0x66, 0xBC, 0xB9, 0x9B, 0xD0, 0xE3, 0x7A, 0xA3, 0xBC, 0xFF, 0xFF, 0xE8, 0xF0, 0xF8, 0xD6, 0x89, 0xAF,
    0xBE, 0xB5, 0x56, 0x39, 0x40, 0x58, 0x75, 0x43, 0xF0, 0xDA, 0xC9, 0xDA, 0xC3, 0xE8, 0xD0, 0x12, 0x02, 0x01, 0x17, 0x12, 0x15, 0x15, 0x0B, 0x10,
    0x12, 0x11, 0x15, 0x16, 0x0A, 0x0B, 0x0A, 0x0B, 0x11, 0x0B, 0x0A, 0x11, 0x10, 0x09, 0x0A, 0x0B, 0x08, 0x00, 0x04, 0x14, 0x8D, 0x8C, 0x45, 0x47,
    0x47, 0x8D, 0x48, 0x45, 0x8D, 0x90, 0xFE, 0xFF, 0xFD, 0xFF, 0xFF, 0xFF, 0xFF, 0xFF, 0xFD, 0xFF, 0xFF, 0xFF, 0xFD, 0xFF, 0xFF, 0xFF, 0xFD, 0xFD,
    0xFF, 0xFA, 0x9A, 0x8B, 0x46, 0x8B, 0x8B, 0x14, 0x02, 0x00, 0x08, 0x0A, 0x0A, 0x0B, 0x0B, 0x05, 0x00, 0x05, 0x17, 0x8B, 0x8A, 0x47, 0x48, 0x8B,
    0x8B, 0x90, 0xD3, 0xFF, 0xFD, 0xFD, 0xFF, 0xFF, 0xFF, 0xFF, 0xFF, 0xFF, 0xFF, 0xFF, 0xFD, 0xFF, 0xFF, 0xAC, 0x8D, 0x8B, 0x8C, 0x8C, 0x8B, 0x8A,
    0x23, 0x05, 0x00, 0x02, 0x09, 0x0B, 0x0A, 0x0A, 0x09, 0x01, 0x00, 0x0D, 0x8A, 0x8B, 0x8C, 0x8D, 0x91, 0xD3, 0xFF, 0xFD, 0xF9, 0xFF, 0xFF, 0xFF,
    0xFF, 0xFF, 0xFF, 0xFF, 0xFF, 0xFF, 0xFF, 0xFF, 0xF9, 0xFF, 0xFF, 0xF7, 0xFF, 0xF8, 0x97, 0x46, 0x8B, 0x8D, 0x46, 0x8A, 0x8C, 0x45, 0x45, 0x23,
    0x0C, 0x05, 0xA7, 0xFE, 0xF4, 0xF3, 0xFF, 0x9A, 0x8B, 0x48, 0x48, 0x47, 0x08, 0x00, 0x08, 0x96, 0xFE, 0xFA, 0xD3, 0x46, 0x45, 0x45, 0x46, 0x08,
    0x00, 0x08, 0x12, 0x0B, 0x16, 0x0B, 0x0B, 0x11, 0x11, 0x12, 0x15, 0x12, 0x12, 0x17, 0x04, 0x01, 0x0B, 0xA7, 0xFE, 0xC8, 0xCC, 0xCC, 0xCB, 0xF4,
    0xDA, 0x56, 0x69, 0x39, 0x42, 0x39, 0x7C, 0xB5, 0xB3, 0xB5, 0xC0, 0xF4, 0xF1, 0xE3, 0xF0, 0xFF, 0xFF, 0xD9, 0x78, 0x78, 0xD9, 0xDE, 0x7A, 0xBC,
    0xB1, 0x7A, 0x3F, 0x4E, 0xAA, 0x8D, 0x24, 0x8B, 0x8B, 0x23, 0x21, 0x21, 0x26, 0x4C, 0xE2, 0xA5, 0x9F, 0xC8, 0xFD, 0xC8, 0xE5, 0xED, 0xED, 0xB8,
    0xC6, 0x5E, 0x73, 0x76, 0x76, 0x74, 0x62, 0x74, 0x80, 0x81, 0x81, 0x75, 0x61, 0xB2, 0x76, 0xB7, 0xE2, 0xC5, 0xB9, 0xC6, 0xE2, 0xF9, 0xE9, 0x9F,
    0x54, 0xAB, 0x95, 0xA7, 0xA6, 0x4C, 0x26, 0x24, 0x24, 0x47, 0x91, 0xD4, 0xD2, 0xA9, 0xA8, 0x66, 0xC6, 0xB9, 0x9F, 0xE2, 0xF0, 0xA1, 0x7A, 0xB1,
    0xFF, 0xFD, 0xFF, 0xFF, 0xFF, 0xFF, 0xFF, 0xF0, 0xDD, 0xC1, 0xB4, 0xB3, 0x69, 0x39, 0x34, 0x39, 0xF8, 0xD8, 0xC1, 0xD6, 0xC9, 0xE8, 0xD0, 0x12,
    0x04, 0x04, 0x16, 0x10, 0x10, 0x11, 0x0A, 0x0B, 0x0B, 0x0A, 0x11, 0x15, 0x09, 0x0A, 0x0A, 0x0B, 0x0A, 0x09, 0x0A, 0x0A, 0x0A, 0x0A, 0x09, 0x03,
    0x00, 0x08, 0x24, 0x8A, 0x46, 0x48, 0x46, 0x46, 0x48, 0x47, 0x48, 0x8B, 0xAC, 0xFF, 0xF7, 0xFD, 0xFF, 0xFF, 0xFF, 0xFD, 0xFF, 0xFF, 0xFF, 0xFF,
    0xFF, 0xF9, 0xFF, 0xFF, 0xFE, 0xFF, 0xF9, 0xFF, 0xF6, 0xF8, 0xFF, 0xD3, 0x8B, 0x48, 0x46, 0x8A, 0x21, 0x08, 0x00, 0x02, 0x09, 0x09, 0x01, 0x00,
    0x0D, 0x46, 0x8D, 0x8B, 0x46, 0x8B, 0x8D, 0x46, 0x98, 0xEE, 0xFF, 0xF7, 0xFA, 0xFD, 0xFF, 0xFF, 0xFF, 0xFF, 0xFF, 0xFF, 0xFF, 0xFF, 0xF9, 0xF9,
    0xFB, 0xFF, 0xD3, 0x91, 0x91, 0x8C, 0x48, 0x48, 0x8A, 0x8A, 0x0D, 0x01, 0x01, 0x08, 0x0A, 0x05, 0x01, 0x04, 0x17, 0x8D, 0x48, 0x47, 0x8B, 0x98,
    0xEC, 0xFF, 0xF3, 0xFD, 0xFD, 0xFF, 0xFF, 0xFF, 0xFF, 0xF9, 0xFF, 0xFF, 0xF9, 0xFF, 0xFF, 0xFF, 0xFF, 0xFF, 0xFF, 0xFF, 0xFD, 0xFD, 0xFF, 0xAC,
    0x8D, 0x46, 0x8B, 0x90, 0x46, 0x46, 0x48, 0x8A, 0x46, 0x17, 0xB9, 0xFD, 0xF6, 0xF8, 0xFF, 0xD4, 0x8A, 0x45, 0x48, 0x8A, 0x14, 0x00, 0x14, 0xD4,
    0xF7, 0xFF, 0xD2, 0x45, 0x45, 0x45, 0x46, 0x08, 0x00, 0x08, 0x10, 0x0A, 0x15, 0x0A, 0x0A, 0x0B, 0x0A, 0x0A, 0x11, 0x10, 0x0B, 0x12, 0x04, 0x01,
    0x0B, 0xA7, 0xFE, 0xC8, 0xCC, 0xCC, 0xCB, 0xF0, 0xDA, 0x34, 0x34, 0x39, 0x87, 0xB5, 0xD6, 0xC9, 0xE0, 0xF4, 0xFF, 0xFF, 0xFF, 0xFF, 0xFF, 0xFD,
    0xFF, 0xDB, 0x74, 0xB1, 0xDB, 0xE3, 0x9E, 0xBC, 0xA4, 0x65, 0x9F, 0xC5, 0xFF, 0x99, 0x90, 0x47, 0x17, 0x22, 0x27, 0x95, 0xA5, 0x4E, 0xCE, 0xA0,
    0x66, 0xC6, 0xFF, 0xE2, 0xBC, 0xA3, 0xCF, 0xBC, 0xBC, 0x5B, 0x78, 0x7A, 0x74, 0x63, 0x63, 0x78, 0x81, 0x83, 0x83, 0x83, 0x72, 0xAE, 0x76, 0xB1,
    0xE5, 0xCF, 0xE3, 0xB8, 0x7A, 0xE3, 0xD3, 0x9C, 0x54, 0xCE, 0x54, 0xA6, 0x4F, 0x4C, 0x92, 0x94, 0x92, 0x26, 0x26, 0x4D, 0xA7, 0xD2, 0xFF, 0xE3,
    0xF3, 0xC6, 0x9F, 0xE2, 0xE5, 0xC2, 0xCC, 0xB2, 0xFF, 0xFF, 0xF0, 0xE4, 0xDD, 0x39, 0xB6, 0x85, 0xDD, 0xFF, 0xE6, 0xC1, 0x89, 0x87, 0x6D, 0x42,
    0xF0, 0xD8, 0xC1, 0xC1, 0xC9, 0xE8, 0xD0, 0x11, 0x04, 0x04, 0x22, 0x15, 0x12, 0x15, 0x15, 0x15, 0x11, 0x10, 0x11, 0x15, 0x11, 0x11, 0x11, 0x11,
    0x11, 0x0B, 0x0B, 0x10, 0x10, 0x08, 0x01, 0x01, 0x0D, 0x8A, 0x45, 0x45, 0x47, 0x8B, 0x45, 0x8B, 0x8D, 0x8A, 0x90, 0xF6, 0xFF, 0xFB, 0xFF, 0xFF,
    0xFF, 0xFF, 0xFF, 0xFF, 0xFF, 0xF9, 0xF9, 0xFD, 0xFF, 0xFF, 0xFF, 0xFF, 0xFF, 0xFF, 0xFF, 0xF9, 0xFD, 0xFD, 0xF3, 0xFF, 0xEC, 0x9A, 0x8A, 0x48,
    0x8B, 0x8A, 0x14, 0x00, 0x01, 0x01, 0x00, 0x14, 0x45, 0x8B, 0x46, 0x48, 0x48, 0x8B, 0x8D, 0xAC, 0xFF, 0xFD, 0xFB, 0xFD, 0xFF, 0xFF, 0xFD, 0xFF,
    0xFF, 0xFF, 0xFF, 0xFF, 0xFD, 0xF8, 0xFF, 0xFF, 0xFA, 0xFB, 0xFF, 0xF9, 0x9A, 0x8D, 0x8D, 0x8C, 0x48, 0x8A, 0x8A, 0x22, 0x05, 0x00, 0x02, 0x00,
    0x0C, 0x47, 0x8B, 0x8B, 0x8B, 0x8D, 0xAA, 0xFF, 0xFD, 0xF7, 0xFF, 0xFF, 0xFA, 0xFF, 0xFF, 0xFD, 0xFA, 0xFF, 0xFF, 0xFF, 0xFF, 0xFF, 0xFF, 0xFD,
    0xFF, 0xFF, 0xFF, 0xFF, 0xFA, 0xFC, 0xF6, 0xFF, 0xD4, 0x8E, 0x8B, 0x8D, 0x48, 0x8B, 0x8B, 0x48, 0x47, 0xD3, 0xFF, 0xFF, 0xFF, 0xFF, 0xF9, 0xFB,
    0x8E, 0x8A, 0x8B, 0x46, 0x23, 0x04, 0x25, 0xFF, 0xEC, 0xFF, 0xD3, 0x45, 0x21, 0x45, 0x48, 0x08, 0x00, 0x0D, 0x12, 0x10, 0x12, 0x12, 0x15, 0x12,
    0x11, 0x12, 0x15, 0x15, 0x12, 0x15, 0x04, 0x02, 0x0B, 0xA7, 0xFE, 0xCB, 0xCA, 0xCA, 0xC3, 0xF4, 0xC0, 0x3B, 0x89, 0xC0, 0xD6, 0xD8, 0xF5, 0xFF,
    0xB3, 0xDB, 0x3B, 0x84, 0xE0, 0xE6, 0xF9, 0xF8, 0xFF, 0xCB, 0xBB, 0xDB, 0xCA, 0xE3, 0xA5, 0xC8, 0xEE, 0xE9, 0xD1, 0xC5, 0x83, 0x50, 0x26, 0x27,
    0x50, 0x96, 0x4F, 0x4B, 0xA7, 0x4E, 0xCD, 0x9C, 0x67, 0xCF, 0xFF, 0x9E, 0xA5, 0xC5, 0xED, 0xB8, 0xC6, 0x5E, 0x78, 0x7A, 0x78, 0x63, 0x74, 0x78,
    0x80, 0xA2, 0xA2, 0xA1, 0x79, 0xB1, 0x79, 0xB7, 0xE3, 0xC7, 0xF0, 0xF6, 0xDF, 0xF4, 0xD2, 0x66, 0x54, 0xCE, 0x54, 0x9D, 0xE2, 0x95, 0x4A, 0x4A,
    0x8F, 0x50, 0x53, 0xC4, 0xAB, 0x2F, 0x39, 0xBB, 0xD7, 0xF6, 0xEC, 0xFD, 0xED, 0xB7, 0xC8, 0xDE, 0xFF, 0xFF, 0xF6, 0xC7, 0xDF, 0x43, 0x85, 0x42,
    0x6D, 0x2E, 0xC1, 0xF4, 0xF5, 0xDA, 0xC1, 0xD6, 0xF8, 0xD7, 0xBE, 0xCA, 0xC9, 0xE8, 0xD0, 0x11, 0x02, 0x04, 0x17, 0x15, 0x12, 0x16, 0x17, 0x15,
    0x12, 0x10, 0x10, 0x15, 0x11, 0x12, 0x12, 0x11, 0x11, 0x11, 0x10, 0x0B, 0x05, 0x00, 0x04, 0x17, 0x45, 0x45, 0x48, 0x45, 0x48, 0x8E, 0x8D, 0x46,
    0x48, 0xAA, 0xFF, 0xFB, 0xFB, 0xFF, 0xFF, 0xFF, 0xFF, 0xFF, 0xFF, 0xFF, 0xFF, 0xFF, 0xF9, 0xFA, 0xFF, 0xFF, 0xFF, 0xFF, 0xFF, 0xFD, 0xFF, 0xFF,
    0xF9, 0xFF, 0xFF, 0xFB, 0xFF, 0xFF, 0xD3, 0x91, 0x46, 0x8B, 0x8B, 0x22, 0x04, 0x05, 0x22, 0x8A, 0x46, 0x48, 0x8B, 0x46, 0x8A, 0x91, 0xE9, 0xFF,
    0xFB, 0xFD, 0xFF, 0xFF, 0xFF, 0xFF, 0xFD, 0xFF, 0xFF, 0xFF, 0xFF, 0xFF, 0xFF, 0xFF, 0xFF, 0xFF, 0xF9, 0xFF, 0xFB, 0xFD, 0xFF, 0xD3, 0x8E, 0x8A,
    0x8D, 0x8B, 0x48, 0x8B, 0x8B, 0x0D, 0x00, 0x0D, 0x48, 0x8B, 0x8B, 0x8B, 0x90, 0xE9, 0xFF, 0xFB, 0xFD, 0xFF, 0xFF, 0xFD, 0xFA, 0xFF, 0xFF, 0xFF,
    0xF9, 0xFF, 0xFD, 0xFF, 0xFD, 0xFF, 0xFF, 0xF8, 0xFF, 0xFF, 0xFF, 0xFF, 0xF9, 0xFF, 0xFF, 0xF3, 0xFF, 0xFD, 0xAA, 0x48, 0x46, 0x8B, 0x46, 0x8A,
    0xD4, 0xF5, 0xF9, 0xFF, 0xFF, 0xFF, 0xFB, 0xFD, 0xAA, 0x8A, 0x48, 0x45, 0x46, 0x17, 0xA9, 0xFB, 0xFD, 0xFF, 0xD3, 0x45, 0x21, 0x21, 0x45, 0x08,
    0x00, 0x08, 0x10, 0x10, 0x15, 0x15, 0x11, 0x12, 0x0B, 0x16, 0x15, 0x12, 0x15, 0x16, 0x04, 0x01, 0x0B, 0xA7, 0xFE, 0xCC, 0xCC, 0xC8, 0xCB, 0xF0,
    0xF0, 0xC9, 0xDA, 0xFF, 0xF8, 0xE6, 0x57, 0x41, 0x6D, 0xCA, 0x39, 0xB4, 0xC3, 0xDD, 0xFF, 0xFD, 0xFF, 0xE3, 0xD0, 0xC8, 0xDB, 0xFF, 0xF1, 0xF1,
    0xBF, 0xAF, 0x30, 0x53, 0xCF, 0xA4, 0x66, 0x4D, 0x4A, 0x4A, 0x92, 0xAB, 0xE1, 0x50, 0xD1, 0x53, 0x53, 0xC5, 0xFF, 0xF6, 0xFD, 0xED, 0xE6, 0xBC,
    0xC8, 0x5E, 0x78, 0x78, 0x78, 0x65, 0x78, 0x83, 0xAD, 0xA2, 0x80, 0x79, 0x73, 0xBA, 0xB1, 0xBB, 0xE5, 0xC6, 0xC6, 0xB7, 0xC6, 0xF4, 0xD3, 0x9B,
    0x54, 0xD1, 0x9C, 0x50, 0x94, 0xCD, 0xCD, 0xA6, 0x94, 0x4D, 0x53, 0xDC, 0xFF, 0x53, 0x74, 0x3F, 0x3D, 0xCF, 0x83, 0xCF, 0xF1, 0xE5, 0xC6, 0xEB,
    0xFF, 0xFD, 0xFF, 0xF8, 0xE6, 0xBA, 0xE4, 0xFF, 0x7E, 0x1D, 0x28, 0x1E, 0x42, 0xDA, 0xF8, 0xFF, 0xFD, 0xD9, 0xD6, 0xCA, 0xC3, 0xE8, 0xD0, 0x0B,
    0x01, 0x04, 0x15, 0x0A, 0x11, 0x16, 0x11, 0x11, 0x12, 0x0A, 0x0A, 0x11, 0x11, 0x0A, 0x0A, 0x0B, 0x0A, 0x12, 0x0B, 0x02, 0x00, 0x0C, 0x23, 0x45,
    0x45, 0x21, 0x48, 0x8B, 0x8A, 0x45, 0x8A, 0x91, 0xD3, 0xFF, 0xF9, 0xFB, 0xFF, 0xFF, 0xFF, 0xFF, 0xFF, 0xFF, 0xFF, 0xFF, 0xFF, 0xFF, 0xFF, 0xFF,
    0xFF, 0xFF, 0xFF, 0xFF, 0xFF, 0xFD, 0xFF, 0xFF, 0xFA, 0xFD, 0xFF, 0xFA, 0xFD, 0xFD, 0xFF, 0xF6, 0x8E, 0x8B, 0x48, 0x8B, 0x24, 0x23, 0x48, 0x46,
    0x8B, 0x8A, 0x8A, 0x8A, 0x97, 0xFF, 0xFF, 0xFB, 0xFF, 0xFF, 0xFF, 0xFF, 0xFF, 0xFF, 0xFA, 0xFF, 0xFF, 0xFF, 0xFF, 0xFF, 0xFF, 0xF9, 0xFF, 0xFF,
    0xFF, 0xFF, 0xFF, 0xFD, 0xF7, 0xFF, 0xEF, 0x98, 0x8D, 0x48, 0x8C, 0x46, 0x91, 0x45, 0x24, 0x8D, 0x8B, 0x8B, 0x8D, 0x9A, 0xFF, 0xFF, 0xFB, 0xFF,
    0xFF, 0xFF, 0xFF, 0xFD, 0xFD, 0xFF, 0xFF, 0xFF, 0xFF, 0xFF, 0xFD, 0xFF, 0xFF, 0xFF, 0xFF, 0xFF, 0xFF, 0xFF, 0xFF, 0xFF, 0xFF, 0xFF, 0xFF, 0xF8,
    0xFD, 0xFD, 0xFF, 0xD4, 0x8D, 0x8A, 0x8B, 0xAB, 0xFF, 0xFB, 0xFF, 0xFF, 0xFF, 0xFF, 0xFF, 0xFB, 0xFD, 0x8D, 0x45, 0x46, 0x45, 0x9A, 0xFF, 0xF2,
    0xF6, 0xFF, 0xD2, 0x45, 0x45, 0x21, 0x21, 0x08, 0x00, 0x08, 0x10, 0x0B, 0x12, 0x12, 0x10, 0x0B, 0x0A, 0x15, 0x12, 0x0A, 0x11, 0x15, 0x06, 0x01,
    0x0B, 0xAB, 0xFE, 0xCC, 0xC7, 0xCC, 0xD9, 0xE7, 0xFF, 0xFF, 0xED, 0xB3, 0x42, 0x2C, 0x1B, 0x2D, 0xF9, 0xFD, 0xBA, 0xC2, 0xF1, 0xFD, 0xFF, 0xFF,
    0xFF, 0xF3, 0xEC, 0xF3, 0xE3, 0xCA, 0x57, 0x81, 0x5F, 0x62, 0x5E, 0xA0, 0xFF, 0xC4, 0x4D, 0x4D, 0x9D, 0xCF, 0xDE, 0xAB, 0x9D, 0x53, 0xD1, 0x53,
    0x66, 0xC6, 0xFF, 0xCC, 0xB7, 0xB7, 0xE2, 0xBC, 0xC8, 0x74, 0xA4, 0x65, 0x78, 0x64, 0x7A, 0xB8, 0xE4, 0xE4, 0xCA, 0xBA, 0x79, 0xBA, 0xB7, 0xBB,
    0xED, 0xDB, 0xF7, 0xDB, 0xA5, 0xDF, 0xD4, 0x9C, 0x9B, 0xE2, 0x9D, 0x95, 0x50, 0x4D, 0x4F, 0x96, 0xD1, 0xE2, 0xC5, 0xC6, 0xE9, 0x50, 0x78, 0x9E,
    0xB2, 0xD9, 0x3A, 0x64, 0x62, 0xB4, 0xE6, 0xFF, 0xFF, 0xFF, 0xFF, 0xFF, 0xFF, 0xB0, 0xD9, 0xFF, 0xAD, 0x34, 0x43, 0x2C, 0x28, 0x28, 0x33, 0xB3,
    0xFF, 0xE6, 0xE0, 0xD9, 0xC3, 0xE4, 0xD0, 0x11, 0x01, 0x02, 0x15, 0x0B, 0x14, 0x12, 0x0A, 0x0B, 0x11, 0x09, 0x0B, 0x0B, 0x09, 0x09, 0x0A, 0x0B,
    0x0B, 0x08, 0x01, 0x01, 0x1A, 0x8B, 0x21, 0x45, 0x48, 0x48, 0x45, 0x8D, 0x48, 0x8A, 0x8F, 0xFF, 0xFF, 0xFB, 0xFF, 0xFF, 0xFF, 0xFF, 0xFF, 0xFF,
    0xFD, 0xFE, 0xFD, 0xFF, 0xFF, 0xFF, 0xFF, 0xFF, 0xFA, 0xFD, 0xFF, 0xFF, 0xF9, 0xFD, 0xFD, 0xFF, 0xFF, 0xFF, 0xFF, 0xFF, 0xFF, 0xFF, 0xF9, 0xFF,
    0xFF, 0xAC, 0x8D, 0x8A, 0x8D, 0x8C, 0x46, 0x48, 0x8B, 0x8D, 0x8D, 0xAC, 0xFF, 0xFA, 0xFD, 0xFF, 0xFF, 0xFF, 0xF8, 0xFF, 0xFF, 0xFD, 0xFD, 0xFF,
    0xFA, 0xFA, 0xFF, 0xFF, 0xFF, 0xFF, 0xFF, 0xFF, 0xFF, 0xFF, 0xFF, 0xF8, 0xFF, 0xFD, 0xFF, 0xFE, 0xAA, 0x91, 0x8B, 0x46, 0x8D, 0x21, 0x8C, 0x8B,
    0x8B, 0x91, 0xD3, 0xFF, 0xFD, 0xFD, 0xFF, 0xFF, 0xFF, 0xFF, 0xFF, 0xFF, 0xFF, 0xFF, 0xF9, 0xFF, 0xFF, 0xFF, 0xFF, 0xFF, 0xF8, 0xFF, 0xFF, 0xFF,
    0xFF, 0xFF, 0xFF, 0xFF, 0xFD, 0xFD, 0xFF, 0xFF, 0xFF, 0xF9, 0xFD, 0xFF, 0xFE, 0x97, 0xD3, 0xFF, 0xFB, 0xFF, 0xFF, 0xFD, 0xFF, 0xFF, 0xFF, 0xFD,
    0xFF, 0x90, 0x48, 0x45, 0x8D, 0xFA, 0xF3, 0xF8, 0xF6, 0xFF, 0xD3, 0x45, 0x21, 0x21, 0x21, 0x05, 0x00, 0x08, 0x12, 0x10, 0x11, 0x0B, 0x11, 0x12,
    0x10, 0x15, 0x0B, 0x0A, 0x11, 0x15, 0x04, 0x01, 0x0B, 0xA9, 0xFE, 0xCC, 0xCF, 0xE7, 0xE5, 0xED, 0xE0, 0x42, 0x2E, 0x2E, 0x28, 0x58, 0x34, 0x6F,
    0xE5, 0xED, 0x7E, 0xF1, 0xFF, 0xFF, 0xFF, 0xFF, 0xF9, 0xF6, 0xCA, 0xB0, 0x3F, 0x60, 0x41, 0xB2, 0xA1, 0x65, 0x52, 0x9C, 0xF6, 0xA9, 0xCE, 0xDE,
    0xA8, 0x54, 0x4D, 0x4E, 0xA5, 0x9B, 0xCE, 0x66, 0x9B, 0xD0, 0xF6, 0xB7, 0xCC, 0xFB, 0xED, 0xB7, 0xCC, 0x62, 0xA1, 0x78, 0xB1, 0xBC, 0xD9, 0xED,
    0xA1, 0x83, 0xBB, 0xCB, 0xDB, 0xDB, 0xC7, 0xD9, 0xE5, 0xA3, 0xB9, 0xCC, 0xE8, 0xF5, 0xEA, 0x9F, 0x9F, 0xD1, 0x54, 0x9D, 0xA5, 0x9B, 0x50, 0x4F,
    0x94, 0xAB, 0xEF, 0xFF, 0xCD, 0x4E, 0x65, 0x7A, 0xA1, 0xCA, 0x76, 0xB2, 0x55, 0x3E, 0x5D, 0xDD, 0xFF, 0xF9, 0xF9, 0xFF, 0xF0, 0xA2, 0xE4, 0xFF,
    0x7C, 0x28, 0x55, 0x6D, 0x82, 0x39, 0x28, 0x1E, 0xC0, 0xFF, 0xF1, 0xE5, 0xD9, 0xE4, 0xE9, 0x0B, 0x00, 0x02, 0x12, 0x10, 0x15, 0x11, 0x0A, 0x11,
    0x0B, 0x0A, 0x0B, 0x11, 0x09, 0x09, 0x0B, 0x0A, 0x05, 0x00, 0x04, 0x17, 0x8B, 0x8C, 0x48, 0x45, 0x46, 0x48, 0x48, 0x45, 0x8E, 0xAC, 0xFF, 0xFB,
    0xFD, 0xFF, 0xFF, 0xFF, 0xFD, 0xFF, 0xFF, 0xFF, 0xFA, 0xF9, 0xFA, 0xFF, 0xFF, 0xFD, 0xFF, 0xFF, 0xFF, 0xFF, 0xFF, 0xFF, 0xFF, 0xFF, 0xFA, 0xFF,
    0xFF, 0xFF, 0xFF, 0xFF, 0xFF, 0xF9, 0xFF, 0xFC, 0xF7, 0xFF, 0xD4, 0x91, 0x48, 0x90, 0x46, 0x8B, 0x48, 0x9A, 0xFB, 0xFF, 0xFB, 0xFF, 0xFA, 0xFF,
    0xFF, 0xFF, 0xFF, 0xFF, 0xFF, 0xFF, 0xFA, 0xFD, 0xFF, 0xFF, 0xFF, 0xFF, 0xFF, 0xFD, 0xFF, 0xFF, 0xFF, 0xFF, 0xFF, 0xFF, 0xFF, 0xFF, 0xFD, 0xFB,
    0xFF, 0xE9, 0x8E, 0x8A, 0x8B, 0x46, 0x93, 0x8D, 0x9A, 0xEF, 0xFF, 0xFB, 0xFF, 0xFF, 0xFD, 0xFF, 0xFD, 0xF9, 0xF9, 0xFF, 0xFF, 0xFF, 0xFF, 0xFD,
    0xFF, 0xFF, 0xFF, 0xFF, 0xFF, 0xFF, 0xFF, 0xFF, 0xFD, 0xFF, 0xFE, 0xFF, 0xFF, 0xFF, 0xFF, 0xFD, 0xFF, 0xFF, 0xFF, 0xFD, 0xFD, 0xFF, 0xFF, 0xFD,
    0xFF, 0xFF, 0xFF, 0xF9, 0xFF, 0xFF, 0xFF, 0xFD, 0xFF, 0xAC, 0x8A, 0x8A, 0xD3, 0xF7, 0xFD, 0xFF, 0xFD, 0xFF, 0xCD, 0x21, 0x20, 0x20, 0x21, 0x08,
    0x00, 0x08, 0x10, 0x0A, 0x10, 0x0B, 0x0A, 0x12, 0x11, 0x15, 0x0B, 0x0B, 0x11, 0x12, 0x04, 0x01, 0x0B, 0xA7, 0xFE, 0xDC, 0xE5, 0xF3, 0xF8, 0xFF,
    0x34, 0x1E, 0x2E, 0x70, 0x75, 0x6C, 0x29, 0x5B, 0xF2, 0xF6, 0xAE, 0xF7, 0xFF, 0xFF, 0xFF, 0xF9, 0xF8, 0x5A, 0x41, 0x61, 0x76, 0xB2, 0x77, 0xA4,
    0x74, 0x65, 0x63, 0x9F, 0xEB, 0xF8, 0x9C, 0x53, 0x4D, 0x4E, 0x67, 0x9E, 0x9B, 0x54, 0xC6, 0x67, 0x9B, 0xCF, 0xFF, 0xF4, 0xCB, 0xA4, 0xC7, 0xA5,
    0xCC, 0xA4, 0xDF, 0xC8, 0xDB, 0xDF, 0xBB, 0xA4, 0x81, 0x74, 0x75, 0x76, 0x83, 0xA1, 0xBB, 0xDB, 0xE5, 0xDB, 0xCF, 0xBC, 0xA4, 0xE5, 0xEC, 0x9F,
    0x67, 0xD0, 0x54, 0x54, 0x95, 0x67, 0x9B, 0x9B, 0x9B, 0x4E, 0x9D, 0xDE, 0xCD, 0x4E, 0x78, 0x7A, 0x78, 0xA1, 0x72, 0xAE, 0x7F, 0xBA, 0x5F, 0xDB,
    0xFF, 0xFD, 0xF4, 0xF4, 0xE4, 0xAE, 0xE4, 0xFF, 0x7E, 0x29, 0x58, 0x5A, 0x5D, 0x6B, 0x7E, 0x34, 0xD6, 0xF0, 0xF8, 0xFF, 0xF1, 0xF8, 0xD1, 0x0B,
    0x00, 0x02, 0x15, 0x11, 0x12, 0x11, 0x11, 0x15, 0x0B, 0x0B, 0x11, 0x0B, 0x0A, 0x10, 0x09, 0x02, 0x00, 0x0D, 0x8B, 0x8A, 0x21, 0x45, 0x8C, 0x8E,
    0x8B, 0x48, 0x46, 0x8E, 0xE9, 0xFF, 0xFB, 0xFF, 0xFF, 0xFF, 0xFF, 0xFF, 0xFD, 0xFF, 0xFF, 0xFF, 0xFD, 0xFF, 0xFD, 0xFF, 0xFF, 0xFF, 0xFF, 0xFD,
    0xFF, 0xFF, 0xFD, 0xF6, 0xF0, 0xF4, 0xF7, 0xFF, 0xFF, 0xFF, 0xF8, 0xF4, 0xF4, 0xF6, 0xFF, 0xF9, 0xF1, 0xEE, 0xF5, 0xF1, 0x98, 0x97, 0x46, 0x8C,
    0xAA, 0xFA, 0xFD, 0xFB, 0xFF, 0xF9, 0xF4, 0xF4, 0xF4, 0xF4, 0xF4, 0xF4, 0xF1, 0xF9, 0xFF, 0xFF, 0xF9, 0xF4, 0xF1, 0xF1, 0xF9, 0xFF, 0xFA, 0xFF,
    0xF4, 0xF4, 0xF1, 0xFF, 0xFA, 0xF1, 0xF4, 0xF4, 0xF3, 0xF4, 0xF0, 0x99, 0x48, 0x46, 0xAC, 0xAC, 0xFF, 0xF6, 0xEE, 0xF4, 0xF6, 0xFF, 0xFF, 0xFF,
    0xFF, 0xFF, 0xFD, 0xFD, 0xFF, 0xF4, 0xF0, 0xF4, 0xF4, 0xF1, 0xF4, 0xF4, 0xF1, 0xF1, 0xF1, 0xF9, 0xFF, 0xF6, 0xF1, 0xF4, 0xF7, 0xFF, 0xFD, 0xFF,
    0xF9, 0xF4, 0xF4, 0xF1, 0xFD, 0xFB, 0xF9, 0xF7, 0xF4, 0xF4, 0xF1, 0xF1, 0xF4, 0xF4, 0xF4, 0xF4, 0xF6, 0xFB, 0x8A, 0x9A, 0xFF, 0xFB, 0xFF, 0xF9,
    0xF7, 0xFF, 0xAB, 0x21, 0x20, 0x45, 0x17, 0x02, 0x01, 0x09, 0x10, 0x0A, 0x0B, 0x10, 0x10, 0x11, 0x0A, 0x11, 0x10, 0x11, 0x12, 0x12, 0x06, 0x00,
    0x0B, 0xA7, 0xFF, 0xE5, 0xFD, 0xFF, 0xE3, 0xF7, 0x56, 0x6A, 0x70, 0x41, 0x55, 0x6C, 0x2D, 0x55, 0xEE, 0xF8, 0x82, 0xD9, 0xED, 0xED, 0xFF, 0xFF,
    0xF4, 0x40, 0xBE, 0xBA, 0xA2, 0xA1, 0x6E, 0xA4, 0x78, 0x65, 0x63, 0xA5, 0xEC, 0xA5, 0x53, 0x67, 0x9E, 0x7A, 0x66, 0x9B, 0x54, 0x50, 0xC5, 0x66,
    0x66, 0xDE, 0xED, 0x78, 0xB1, 0xBB, 0xED, 0xE3, 0xDC, 0xC8, 0xC6, 0xA4, 0x7A, 0xA5, 0xBC, 0xCF, 0xB1, 0xD9, 0xBA, 0xB0, 0x79, 0xB1, 0x79, 0x62,
    0x63, 0xBC, 0xE3, 0xEE, 0xE3, 0xF6, 0xFF, 0x9B, 0x66, 0xDE, 0x54, 0x9D, 0xEC, 0xCE, 0xA9, 0x95, 0x66, 0x67, 0x67, 0x9C, 0xE1, 0x67, 0xA4, 0x78,
    0x78, 0x83, 0x72, 0xA2, 0x77, 0x81, 0x6E, 0xDD, 0xFF, 0xFF, 0xF0, 0xD9, 0xD7, 0xB0, 0xDD, 0xFF, 0x7E, 0x2E, 0x5A, 0x55, 0x43, 0x58, 0x6D, 0x56,
    0xE6, 0xDF, 0xCB, 0xE6, 0xFF, 0xFF, 0xD0, 0x0B, 0x01, 0x02, 0x12, 0x0A, 0x0A, 0x0B, 0x09, 0x0A, 0x0A, 0x09, 0x0B, 0x0A, 0x09, 0x05, 0x00, 0x04,
    0x14, 0x8B, 0x8A, 0x8B, 0x48, 0x46, 0x45, 0x48, 0x48, 0x48, 0x99, 0xFF, 0xFF, 0xFB, 0xFD, 0xFF, 0xFF, 0xFF, 0xFF, 0xFD, 0xFD, 0xFF, 0xFF, 0xFF,
    0xFD, 0xFF, 0xFF, 0xFF, 0xFF, 0xFF, 0xFF, 0xFF, 0xFF, 0xFF, 0xFD, 0xFF, 0xFF, 0xFF, 0xFF, 0xFF, 0xFF, 0xFF, 0xFF, 0xFF, 0xFF, 0xFF, 0xFF, 0xFF,
    0xFF, 0xFF, 0xFF, 0xFF, 0xFE, 0xD4, 0x90, 0xFB, 0xFF, 0xFF, 0xFF, 0xFF, 0xF4, 0xFF, 0xFF, 0xFF, 0xFF, 0xFF, 0xFF, 0xFF, 0xFF, 0xFF, 0xF7, 0xFF,
    0xFF, 0xFF, 0xFF, 0xFF, 0xFF, 0xFD, 0xF9, 0xF7, 0xFF, 0xFF, 0xFF, 0xFF, 0xFF, 0xFF, 0xFF, 0xFF, 0xFF, 0xF7, 0xF7, 0xF8, 0xAB, 0x98, 0xFF, 0xFF,
    0xFF, 0xFF, 0xFF, 0xFF, 0xFF, 0xFF, 0xFF, 0xFF, 0xFD, 0xFF, 0xFF, 0xFD, 0xFF, 0xFF, 0xFF, 0xFF, 0xFF, 0xFF, 0xFF, 0xFF, 0xFF, 0xFF, 0xFF, 0xFF,
    0xFF, 0xFF, 0xFF, 0xFF, 0xFF, 0xF9, 0xFF, 0xFF, 0xFF, 0xFF, 0xFF, 0xFF, 0xFE, 0xFD, 0xF4, 0xFF, 0xFF, 0xFF, 0xFF, 0xFF, 0xFF, 0xFF, 0xFF, 0xFF,
    0xF3, 0xF9, 0xD3, 0xFF, 0xFD, 0xFF, 0xFD, 0xFD, 0xF6, 0xFE, 0xAB, 0x45, 0x45, 0x17, 0x14, 0x14, 0x04, 0x00, 0x05, 0x0A, 0x10, 0x0B, 0x0B, 0x0B,
    0x09, 0x0B, 0x11, 0x0A, 0x10, 0x10, 0x04, 0x00, 0x09, 0xA7, 0xFF, 0xFB, 0xF1, 0xDB, 0xD9, 0xF4, 0x7C, 0x5D, 0x5D, 0x41, 0x41, 0x5D, 0x3E, 0x57,
    0xEC, 0xF1, 0x82, 0xCC, 0xDF, 0xE5, 0xFF, 0xF9, 0xF9, 0x81, 0x72, 0x72, 0x77, 0x76, 0x79, 0x7A, 0x65, 0x79, 0x63, 0xC6, 0xCF, 0x53, 0x67, 0x66,
    0x67, 0xA0, 0xC4, 0xEC, 0xD1, 0x4E, 0xCE, 0x9B, 0x67, 0xE2, 0xFF, 0xE3, 0xF1, 0xDC, 0xA3, 0x78, 0x65, 0x78, 0x78, 0xCC, 0xA3, 0x7A, 0xCF, 0xCF,
    0xE3, 0xDB, 0xBC, 0xB2, 0xB1, 0xCC, 0x79, 0x79, 0x79, 0x74, 0x7A, 0xA1, 0xB8, 0xE2, 0xB7, 0x67, 0x9C, 0xD1, 0x53, 0xA9, 0xFF, 0xFF, 0xFF, 0xEF,
    0xD0, 0xB8, 0x9B, 0xA0, 0xEC, 0x9F, 0xA4, 0xA1, 0x74, 0x76, 0x76, 0xA2, 0xA2, 0x6F, 0x6C, 0xE4, 0xFF, 0xFF, 0xED, 0xBF, 0xCA, 0xB0, 0xE0, 0xFF,
    0x77, 0x2E, 0x6C, 0x59, 0x55, 0x55, 0x6B, 0x40, 0xDD, 0xF1, 0xE0, 0xDC, 0xDC, 0xFC, 0xD0, 0x11, 0x01, 0x01, 0x12, 0x0B, 0x12, 0x15, 0x09, 0x09,
    0x09, 0x09, 0x0B, 0x0A, 0x03, 0x00, 0x05, 0x23, 0x8A, 0x48, 0x45, 0x45, 0x48, 0x8C, 0x8B, 0x46, 0x8C, 0xAB, 0xFF, 0xED, 0xE5, 0xE7, 0xE7, 0xE7,
    0xE7, 0xF4, 0xFF, 0xFD, 0xED, 0xED, 0xEC, 0xED, 0xED, 0xE7, 0xF1, 0xFF, 0xFF, 0xFF, 0xFD, 0xFF, 0xFF, 0xFF, 0xFD, 0x2D, 0x29, 0x29, 0x5E, 0xFF,
    0xF0, 0xFD, 0x3A, 0x29, 0x29, 0x30, 0xFF, 0xCC, 0x29, 0x28, 0x29, 0xC8, 0xFD, 0xFF, 0xD5, 0x29, 0x29, 0x29, 0xC3, 0xF7, 0xFF, 0xD5, 0x29, 0x29,
    0x29, 0x28, 0x29, 0x29, 0x29, 0xDA, 0xFF, 0xFF, 0x80, 0x29, 0x29, 0x29, 0xE7, 0xFD, 0xEE, 0xFF, 0x29, 0x29, 0x29, 0x7A, 0xC3, 0x29, 0x29, 0x29,
    0xD9, 0xF6, 0xF4, 0xEE, 0xB3, 0x29, 0x28, 0x29, 0xE7, 0x80, 0x29, 0x29, 0x29, 0xF0, 0xFF, 0xFF, 0xFF, 0xFF, 0xFA, 0xFD, 0xF9, 0x29, 0x1D, 0x29,
    0x29, 0x29, 0x29, 0x29, 0x29, 0x28, 0x29, 0xF7, 0xF0, 0x29, 0x29, 0x29, 0x51, 0xFF, 0xF1, 0xF9, 0xA3, 0x29, 0x29, 0x29, 0xE3, 0xFF, 0xFF, 0xD8,
    0x29, 0x29, 0x29, 0x29, 0x29, 0x29, 0x29, 0xE8, 0xFF, 0xFD, 0xFF, 0xFD, 0xFF, 0xFF, 0xFF, 0xFD, 0xFD, 0xFF, 0xD3, 0x20, 0x12, 0x16, 0x8B, 0x8A,
    0x23, 0x0C, 0x00, 0x02, 0x09, 0x0A, 0x09, 0x0B, 0x09, 0x0B, 0x0B, 0x09, 0x0A, 0x0B, 0x04, 0x01, 0x09, 0xA7, 0xFF, 0xDB, 0xC8, 0xD9, 0xDF, 0xF1,
    0x6D, 0x57, 0x5D, 0x40, 0x40, 0x58, 0x2E, 0x5D, 0xEE, 0xF1, 0x80, 0xCC, 0xD9, 0xE8, 0xFF, 0xFD, 0xF8, 0x6F, 0x6C, 0x6C, 0x81, 0x76, 0x78, 0x65,
    0x65, 0x7A, 0x65, 0xDE, 0xB9, 0x9B, 0xA5, 0xC5, 0xE2, 0xFD, 0xFF, 0xFF, 0xE2, 0x4E, 0xCF, 0x67, 0x66, 0xA5, 0xC5, 0x9E, 0x65, 0x65, 0x63, 0x78,
    0xB7, 0xA4, 0xBC, 0xD9, 0xA4, 0xA4, 0xD9, 0xDB, 0xFF, 0xFF, 0xFF, 0xED, 0xE3, 0xDB, 0xB7, 0xBB, 0xA2, 0x74, 0xA4, 0xA3, 0xA1, 0xA3, 0x52, 0xA1,
    0x67, 0xCF, 0x9B, 0xCD, 0xD4, 0xEB, 0xFF, 0xFF, 0xFF, 0xFF, 0xF1, 0xED, 0xE1, 0x67, 0xA3, 0x76, 0xC2, 0xA2, 0x6E, 0xA2, 0x75, 0x6C, 0x6E, 0xE4,
    0xFF, 0xFF, 0xF1, 0xBA, 0xCB, 0xAE, 0xE4, 0xFF, 0x77, 0x2E, 0x6C, 0x5D, 0x6C, 0x43, 0x5D, 0x39, 0xDA, 0xE6, 0xE6, 0xED, 0xE5, 0xF8, 0xD0, 0x0B,
    0x01, 0x04, 0x15, 0x10, 0x15, 0x15, 0x0B, 0x0A, 0x0A, 0x0A, 0x09, 0x02, 0x01, 0x0D, 0x8B, 0x8A, 0x45, 0x8A, 0x46, 0x46, 0x48, 0x48, 0x8C, 0x93,
    0xFF, 0xFF, 0xE7, 0xFF, 0xFF, 0xFF, 0xFF, 0xFF, 0xFF, 0xFF, 0xF1, 0xFF, 0xFF, 0xFF, 0xFF, 0xFF, 0xFF, 0xFF, 0xFF, 0xF1, 0xFF, 0xFF, 0xFF, 0xFF,
    0xFF, 0xF7, 0xFF, 0x05, 0x01, 0x00, 0x0D, 0xFF, 0xDF, 0xFF, 0x0C, 0x00, 0x01, 0x0D, 0xFF, 0x30, 0x00, 0x01, 0x02, 0x66, 0xFF, 0xFF, 0x2F, 0x01,
    0x01, 0x02, 0x52, 0xFA, 0x5E, 0x0C, 0x01, 0x01, 0x01, 0x01, 0x01, 0x01, 0x01, 0x0C, 0x72, 0xFF, 0x1A, 0x00, 0x01, 0x05, 0xC5, 0xE3, 0xFF, 0x1A,
    0x01, 0x01, 0x01, 0x2F, 0x7A, 0x01, 0x01, 0x01, 0x1A, 0xFF, 0xE2, 0xFF, 0x18, 0x01, 0x00, 0x03, 0xDC, 0x1A, 0x00, 0x02, 0x05, 0xD9, 0xFF, 0xF9,
    0xFF, 0xFA, 0xF9, 0xF4, 0xFF, 0x0C, 0x00, 0x01, 0x01, 0x01, 0x01, 0x01, 0x01, 0x01, 0x02, 0xE7, 0xE0, 0x04, 0x01, 0x01, 0x05, 0xD6, 0xED, 0xFF,
    0x1A, 0x00, 0x01, 0x02, 0xB9, 0xFF, 0x5E, 0x0C, 0x01, 0x02, 0x01, 0x01, 0x01, 0x01, 0x02, 0x0D, 0xB1, 0xF8, 0xF7, 0xFF, 0xFF, 0xFD, 0xFD, 0xFF,
    0xFD, 0xF4, 0x95, 0x15, 0x22, 0x8B, 0x8A, 0x45, 0x8A, 0x8D, 0x14, 0x01, 0x01, 0x03, 0x0A, 0x10, 0x0A, 0x10, 0x10, 0x0A, 0x10, 0x11, 0x04, 0x00,
    0x09, 0xA6, 0xFE, 0xE3, 0xDF, 0xDF, 0xDF, 0xF4, 0x59, 0x43, 0x6B, 0x43, 0x55, 0x59, 0x34, 0x55, 0xEF, 0xF4, 0x75, 0xCC, 0xBC, 0xE6, 0xFF, 0xFF,
    0xF1, 0x5A, 0x81, 0x6F, 0x6F, 0x73, 0x9E, 0xC6, 0xBC, 0xA1, 0x78, 0xDE, 0xE5, 0xED, 0xFF, 0xFF, 0xFF, 0xFF, 0xEF, 0xE9, 0xAB, 0x9D, 0xCF, 0x53,
    0x66, 0x66, 0x53, 0x65, 0x7A, 0xA3, 0x7A, 0xA4, 0xD9, 0xBC, 0xDF, 0xF1, 0xF1, 0xFF, 0xFF, 0xFF, 0x38, 0x43, 0xAF, 0xE4, 0xF8, 0xFF, 0xFF, 0xF8,
    0xE4, 0xBC, 0xC6, 0xB1, 0x83, 0xA1, 0x7A, 0xB8, 0xB8, 0xE2, 0xA4, 0x54, 0x4D, 0x50, 0x54, 0xC4, 0xE1, 0xF8, 0xFF, 0xFF, 0xCE, 0x95, 0xA3, 0x78,
    0xF6, 0xE3, 0x74, 0x82, 0x77, 0x75, 0x61, 0xDF, 0xFF, 0xFF, 0xF1, 0xC7, 0xD9, 0xB0, 0xDD, 0xFF, 0xB0, 0x38, 0x60, 0x58, 0x58, 0x55, 0x5D, 0x43,
    0xE0, 0xDF, 0xD9, 0xE3, 0xF9, 0xFF, 0xC8, 0x0B, 0x01, 0x04, 0x16, 0x11, 0x12, 0x12, 0x12, 0x11, 0x10, 0x05, 0x00, 0x04, 0x14, 0x8A, 0x48, 0x8B,
    0x46, 0x46, 0x48, 0x48, 0x8B, 0x48, 0x9A, 0xFF, 0xFD, 0xF7, 0xFF, 0x2D, 0x18, 0x1A, 0x18, 0x18, 0x18, 0xB5, 0xFF, 0xC8, 0x18, 0x1A, 0x25, 0x1A,
    0x1A, 0x18, 0x41, 0xFF, 0xF5, 0xFF, 0xFC, 0xFA, 0xFF, 0xF7, 0xFF, 0x08, 0x03, 0x03, 0x14, 0xFF, 0xE5, 0xFF, 0x0D, 0x03, 0x03, 0x0D, 0xFF, 0x30,
    0x02, 0x03, 0x05, 0x9C, 0xFF, 0xFF, 0x2F, 0x03, 0x03, 0x05, 0x66, 0xFF, 0x0C, 0x02, 0x08, 0x03, 0x05, 0x08, 0x05, 0x03, 0x03, 0x01, 0x1A, 0xFF,
    0x1A, 0x02, 0x03, 0x08, 0xC5, 0xFF, 0x1A, 0x02, 0x03, 0x03, 0x25, 0xFF, 0xFF, 0x1A, 0x03, 0x03, 0x05, 0xB1, 0xFF, 0x40, 0x02, 0x03, 0x03, 0x24,
    0xFF, 0x1A, 0x03, 0x03, 0x08, 0xDC, 0xFF, 0xF9, 0xFD, 0xFF, 0xFF, 0xF7, 0xFF, 0x0C, 0x03, 0x05, 0x08, 0x09, 0x08, 0x08, 0x08, 0x03, 0x08, 0xE7,
    0xDF, 0x05, 0x03, 0x05, 0x02, 0x1A, 0xF0, 0xFF, 0x25, 0x03, 0x03, 0x08, 0xA0, 0xFF, 0x0C, 0x02, 0x08, 0x05, 0x05, 0x05, 0x05, 0x05, 0x03, 0x02,
    0x1A, 0xFF, 0xEE, 0xFF, 0xFF, 0xFF, 0xFF, 0xF9, 0xFF, 0xCE, 0x17, 0x47, 0x8D, 0x8B, 0x48, 0x46, 0x8B, 0x48, 0x8A, 0x22, 0x05, 0x00, 0x05, 0x0B,
    0x0A, 0x0A, 0x0B, 0x0B, 0x11, 0x12, 0x04, 0x00, 0x09, 0xAB, 0xFF, 0xED, 0xE3, 0xDF, 0xCC, 0xEE, 0x71, 0x41, 0x43, 0x55, 0x5D, 0x6F, 0x3D, 0x6B,
    0xF3, 0xE8, 0x81, 0xD9, 0xCC, 0xE5, 0xFF, 0xFD, 0xFD, 0x70, 0x72, 0x72, 0x72, 0x62, 0xB1, 0xFF, 0xB7, 0x78, 0x66, 0xC4, 0xFF, 0xFF, 0xFF, 0xEC,
    0xCD, 0xA6, 0x50, 0x4F, 0x4D, 0x67, 0xD1, 0x9B, 0x9B, 0x67, 0x67, 0x9B, 0x9E, 0xB8, 0xC6, 0xE3, 0xF4, 0xFF, 0xFF, 0xFF, 0xE5, 0x83, 0x74, 0x3F,
    0x28, 0x28, 0x2E, 0x2E, 0x2D, 0xAD, 0xE4, 0xED, 0xFF, 0xFF, 0xFF, 0xF1, 0xE4, 0xCB, 0xA5, 0xCF, 0xC5, 0xEC, 0xEE, 0xD4, 0xAB, 0x50, 0x2F, 0x4D,
    0x4E, 0x67, 0xC4, 0xE2, 0xC4, 0x53, 0x9E, 0x7A, 0xC8, 0xE5, 0xA1, 0x77, 0x72, 0x72, 0x6E, 0xE4, 0xFF, 0xFF, 0xF0, 0xC7, 0xDF, 0xB4, 0xDD, 0xF8,
    0xAD, 0x2E, 0x82, 0x6B, 0x5D, 0x5D, 0x41, 0x43, 0xE6, 0xDF, 0xCC, 0xE3, 0xF0, 0xFF, 0xCC, 0x0B, 0x01, 0x04, 0x12, 0x0A, 0x0A, 0x0A, 0x0A, 0x09,
    0x03, 0x00, 0x0C, 0x22, 0x8A, 0x21, 0x46, 0x8B, 0x46, 0x48, 0x8D, 0x48, 0x8E, 0xD3, 0xFF, 0xF3, 0xF1, 0xFA, 0x1B, 0x04, 0x02, 0x01, 0x01, 0x01,
    0x00, 0x0C, 0xA3, 0x7C, 0x01, 0x02, 0x02, 0x01, 0x01, 0x01, 0x04, 0x29, 0xF9, 0xF6, 0xFD, 0xF9, 0xF9, 0xF7, 0xFF, 0x0C, 0x03, 0x03, 0x1A, 0xF6,
    0xDC, 0xF6, 0x0D, 0x03, 0x03, 0x0D, 0xFF, 0x30, 0x02, 0x03, 0x05, 0x9C, 0xFF, 0xFF, 0x2D, 0x02, 0x03, 0x05, 0x66, 0xFF, 0x0C, 0x03, 0x03, 0x0D,
    0x30, 0x30, 0x4E, 0x0D, 0x03, 0x03, 0x1A, 0xFF, 0x1A, 0x02, 0x03, 0x05, 0xD0, 0x1A, 0x02, 0x03, 0x03, 0x1A, 0xFE, 0xED, 0xF9, 0xDC, 0x08, 0x03,
    0x02, 0x0D, 0xA5, 0x0C, 0x03, 0x03, 0x14, 0xDF, 0xFF, 0x29, 0x02, 0x03, 0x08, 0xDC, 0xFF, 0xF9, 0xFF, 0xFF, 0xFF, 0xF7, 0xFE, 0x0C, 0x03, 0x03,
    0x14, 0x4E, 0x4E, 0x4E, 0x4E, 0x4E, 0x52, 0xE5, 0xCC, 0x05, 0x03, 0x03, 0x03, 0x03, 0x2F, 0xFF, 0x25, 0x03, 0x03, 0x05, 0xA8, 0xFF, 0x0C, 0x03,
    0x03, 0x14, 0x4E, 0x2F, 0x4E, 0x0D, 0x03, 0x03, 0x1A, 0xFF, 0xF1, 0xFF, 0xFF, 0xF9, 0xFF, 0xFF, 0xFD, 0xEB, 0x9A, 0x8B, 0x46, 0x8B, 0x8D, 0x8C,
    0x48, 0x46, 0x45, 0x8B, 0x47, 0x0D, 0x01, 0x01, 0x08, 0x0A, 0x0A, 0x0A, 0x0A, 0x10, 0x05, 0x04, 0x0B, 0xA9, 0xFE, 0xCF, 0xDB, 0xCC, 0xBC, 0xED,
    0x7C, 0x3D, 0x41, 0x5B, 0x71, 0x71, 0x55, 0x5D, 0xF1, 0xF0, 0x80, 0xCB, 0xE2, 0xE7, 0xFF, 0xFF, 0xFF, 0x71, 0x6E, 0x73, 0x73, 0x63, 0xB7, 0xEC,
    0xA5, 0x67, 0x66, 0xA0, 0xE2, 0xCD, 0x9D, 0x50, 0x4D, 0x2F, 0x4D, 0x9D, 0xD4, 0xCD, 0xEC, 0xA0, 0xA8, 0x9F, 0xA5, 0xD0, 0xED, 0xFF, 0xFF, 0xFF,
    0xDF, 0xB0, 0x3D, 0x2D, 0x2D, 0x3A, 0x29, 0x28, 0x85, 0x7D, 0x6D, 0x34, 0x2D, 0x6A, 0x6C, 0x2D, 0x5B, 0x60, 0xDB, 0xD6, 0xF0, 0xFF, 0xFF, 0xFF,
    0xF5, 0xEE, 0xAC, 0x4A, 0x24, 0x90, 0xAA, 0xAC, 0xAB, 0x9B, 0x53, 0x53, 0xDE, 0x65, 0xA4, 0xA4, 0xCF, 0xE2, 0x81, 0x77, 0x72, 0x6C, 0x6C, 0xE3,
    0xFF, 0xFF, 0xF1, 0xCC, 0xE4, 0xC3, 0xE6, 0xF6, 0xB0, 0x2E, 0x5D, 0x41, 0x5D, 0x5D, 0xAF, 0x3E, 0xE0, 0xDB, 0xCC, 0xCF, 0xE3, 0xFF, 0xCC, 0x0B,
    0x01, 0x00, 0x10, 0x0B, 0x0B, 0x0B, 0x08, 0x01, 0x00, 0x0D, 0x8A, 0x46, 0x47, 0x48, 0x45, 0x46, 0x8B, 0x8B, 0x8A, 0x93, 0xEF, 0xFF, 0xFB, 0xF9,
    0xFD, 0xF0, 0x04, 0x03, 0x05, 0x0D, 0x0D, 0x05, 0x03, 0x02, 0x2F, 0x87, 0x04, 0x03, 0x08, 0x11, 0x0D, 0x04, 0x02, 0x0D, 0xFF, 0xF1, 0xF9, 0xFF,
    0xFD, 0xF7, 0xFF, 0x0C, 0x03, 0x02, 0x1A, 0xF5, 0xF5, 0xF5, 0x18, 0x03, 0x03, 0x0D, 0xFF, 0x30, 0x02, 0x03, 0x05, 0x66, 0xFF, 0xFF, 0x2D, 0x02,
    0x03, 0x03, 0x52, 0xFF, 0x0C, 0x03, 0x03, 0x1A, 0xFF, 0xFF, 0xFF, 0xD8, 0x9F, 0x9C, 0xA3, 0xFF, 0x29, 0x03, 0x03, 0x05, 0x0C, 0x02, 0x03, 0x03,
    0x14, 0xF4, 0xEE, 0xF7, 0xF9, 0xFF, 0x66, 0x05, 0x03, 0x02, 0x06, 0x03, 0x03, 0x08, 0x9F, 0xFA, 0xFF, 0x29, 0x02, 0x03, 0x08, 0xDC, 0xFF, 0xFD,
    0xFF, 0xFF, 0xFF, 0xF7, 0xFE, 0x0C, 0x03, 0x03, 0x1A, 0xFE, 0xFF, 0xFF, 0xFF, 0xFF, 0xFF, 0xFD, 0xD7, 0x05, 0x03, 0x03, 0x03, 0x03, 0x0D, 0xF0,
    0x25, 0x02, 0x03, 0x05, 0xA8, 0xFF, 0x0C, 0x02, 0x03, 0x1A, 0xFF, 0xFF, 0xFF, 0xC3, 0x9F, 0xA0, 0xC8, 0xFF, 0xFF, 0xFF, 0xFF, 0xFF, 0xFF, 0xFF,
    0xFF, 0xFF, 0xFF, 0xCE, 0x90, 0x45, 0x8B, 0x8C, 0x21, 0x46, 0x8B, 0x45, 0x45, 0x48, 0x14, 0x04, 0x01, 0x08, 0x0B, 0x0B, 0x09, 0x11, 0x04, 0x00,
    0x0B, 0xA7, 0xFE, 0xDC, 0xC6, 0xC7, 0xBC, 0xED, 0x70, 0xAD, 0x77, 0x5D, 0x5D, 0x61, 0x2E, 0x41, 0xF7, 0xF1, 0xB0, 0xDB, 0xDC, 0xE7, 0xFF, 0xFF,
    0xFF, 0x77, 0x73, 0x79, 0x74, 0x64, 0xB2, 0xFD, 0xC6, 0x65, 0x67, 0xD0, 0x54, 0x50, 0x54, 0x94, 0xAA, 0xAC, 0x9A, 0x8C, 0x47, 0xAA, 0xF3, 0xE2,
    0xF5, 0xFF, 0xFF, 0xFF, 0xDB, 0x79, 0xC2, 0x5E, 0x29, 0x2D, 0x2D, 0x2D, 0x2D, 0x29, 0x3A, 0x5F, 0x7D, 0x7F, 0x85, 0x85, 0x59, 0x7F, 0x5D, 0x34,
    0x38, 0x2D, 0x43, 0x71, 0xAF, 0x4D, 0x4C, 0xA6, 0xCD, 0xEE, 0xFE, 0x25, 0x08, 0x0A, 0x13, 0x17, 0x49, 0x96, 0xAC, 0xA7, 0xF3, 0x78, 0xA4, 0xA4,
    0xE3, 0xE5, 0xA2, 0x82, 0x77, 0x72, 0x71, 0xE4, 0xFF, 0xF9, 0xFF, 0xF8, 0xF4, 0xE4, 0xED, 0xE5, 0xC9, 0xE0, 0xD7, 0x88, 0x5A, 0x58, 0xB4, 0x43,
    0xE6, 0xD9, 0xCC, 0xCC, 0xDF, 0xFF, 0xCE, 0x0B, 0x01, 0x04, 0x10, 0x0B, 0x11, 0x08, 0x01, 0x04, 0x17, 0x46, 0x8B, 0x8C, 0x45, 0x46, 0x8B, 0x46,
    0x46, 0x48, 0x99, 0xFF, 0xFF, 0xF7, 0xFD, 0xFD, 0xFD, 0xF5, 0x05, 0x03, 0x08, 0xDA, 0xFF, 0x18, 0x02, 0x03, 0x2F, 0x87, 0x04, 0x03, 0x1A, 0xFF,
    0xFE, 0x0C, 0x03, 0x0D, 0xFF, 0xF1, 0xF9, 0xFF, 0xFF, 0xF7, 0xFF, 0x0D, 0x03, 0x03, 0x05, 0x0C, 0x0C, 0x0C, 0x06, 0x03, 0x03, 0x0D, 0xFF, 0x30,
    0x02, 0x03, 0x03, 0x66, 0xFF, 0xFF, 0x2F, 0x02, 0x03, 0x03, 0x66, 0xFF, 0x0D, 0x03, 0x03, 0x06, 0x0C, 0x0C, 0x0D, 0x0C, 0x0C, 0xB5, 0xFF, 0xFF,
    0x29, 0x03, 0x05, 0x03, 0x02, 0x03, 0x03, 0x1A, 0xFF, 0xF7, 0xFF, 0xFF, 0xFF, 0xEE, 0xFF, 0x1A, 0x02, 0x03, 0x02, 0x03, 0x03, 0x2F, 0xFF, 0xE5,
    0xFF, 0x29, 0x02, 0x03, 0x08, 0xDC, 0xFF, 0xF9, 0xFF, 0xFF, 0xFF, 0xF7, 0xFF, 0x0C, 0x03, 0x03, 0x05, 0x0C, 0x0C, 0x0C, 0x0C, 0x0C, 0xB1, 0xFF,
    0xD9, 0x05, 0x03, 0x03, 0x05, 0x03, 0x03, 0x1A, 0x25, 0x03, 0x03, 0x05, 0xA0, 0xFF, 0x0C, 0x03, 0x03, 0x0C, 0x0C, 0x0C, 0x0D, 0x0C, 0x0D, 0xBB,
    0xFF, 0xFD, 0xFF, 0xFF, 0xFF, 0xFF, 0xFF, 0xFF, 0xFF, 0xFD, 0xF3, 0xFF, 0xFF, 0x98, 0x8B, 0x45, 0x48, 0x8C, 0x45, 0x46, 0x8B, 0x48, 0x46, 0x23,
    0x08, 0x01, 0x02, 0x0B, 0x0B, 0x11, 0x05, 0x01, 0x0B, 0xAB, 0xFE, 0xDB, 0xC2, 0xC2, 0xBC, 0xE8, 0xAE, 0xAE, 0x72, 0x6B, 0x81, 0xD7, 0xD9, 0xBF,
    0xD7, 0xF1, 0xE8, 0xF1, 0xF9, 0xF9, 0xF8, 0xFF, 0xF9, 0x6E, 0x62, 0x74, 0x77, 0x74, 0xA4, 0xF8, 0xB8, 0x9B, 0x67, 0xCD, 0xCD, 0xAC, 0x99, 0x4A,
    0x22, 0x14, 0x13, 0x08, 0x0D, 0xE9, 0xFF, 0xEC, 0xA6, 0x88, 0x51, 0x2F, 0x30, 0x30, 0xDB, 0x5D, 0x3A, 0x38, 0x3A, 0x3D, 0x28, 0x38, 0x60, 0x30,
    0x7D, 0x7E, 0x7E, 0x7D, 0x69, 0x6D, 0xB4, 0x6D, 0x70, 0x43, 0x3E, 0xB4, 0xC1, 0x53, 0x25, 0x21, 0x13, 0x20, 0x17, 0x27, 0x9D, 0x2F, 0x1A, 0x14,
    0x10, 0x13, 0x23, 0xD3, 0xE9, 0xC5, 0xB8, 0xA3, 0xCE, 0xE3, 0x64, 0xA2, 0x75, 0xDF, 0xAD, 0xE3, 0xFF, 0xFA, 0xED, 0xCB, 0xC3, 0x7E, 0xDB, 0xD9,
    0x34, 0x28, 0x56, 0xC0, 0xE8, 0xE0, 0xB4, 0x6A, 0xE0, 0xDB, 0xCF, 0xCC, 0xDF, 0xFF, 0xC5, 0x0B, 0x01, 0x04, 0x10, 0x09, 0x02, 0x00, 0x0C, 0x24,
    0x8A, 0x46, 0x48, 0x8E, 0x8B, 0x46, 0x48, 0x8A, 0x8D, 0xD3, 0xFF, 0xF7, 0xFF, 0xFF, 0xFF, 0xFF, 0xFD, 0xF5, 0x06, 0x03, 0x08, 0xC8, 0xFA, 0x18,
    0x02, 0x03, 0x2F, 0xB5, 0x04, 0x03, 0x1A, 0xFA, 0xF8, 0x0C, 0x02, 0x0D, 0xFF, 0xF1, 0xF9, 0xFF, 0xFF, 0xF7, 0xFF, 0x0D, 0x03, 0x05, 0x03, 0x02,
    0x02, 0x02, 0x03, 0x05, 0x03, 0x0D, 0xFF, 0x30, 0x02, 0x03, 0x05, 0x66, 0xFF, 0xFF, 0x2F, 0x02, 0x03, 0x03, 0x66, 0xFF, 0x1A, 0x02, 0x02, 0x02,
    0x02, 0x02, 0x02, 0x02, 0x02, 0x05, 0x30, 0xFF, 0x29, 0x02, 0x05, 0x03, 0x03, 0x03, 0x03, 0x1A, 0xFF, 0xED, 0xFD, 0xFA, 0xFF, 0xFD, 0xF7, 0xF9,
    0x0D, 0x03, 0x03, 0x03, 0x17, 0xFF, 0xF9, 0xF1, 0xFF, 0x1A, 0x02, 0x03, 0x08, 0xDC, 0xFF, 0xFD, 0xFF, 0xFF, 0xFA, 0xF7, 0xFE, 0x0C, 0x03, 0x03,
    0x03, 0x02, 0x02, 0x02, 0x02, 0x03, 0xA0, 0xFF, 0xD9, 0x05, 0x03, 0x03, 0x1A, 0x08, 0x02, 0x05, 0x1A, 0x03, 0x03, 0x05, 0xA8, 0xFF, 0x1A, 0x03,
    0x02, 0x02, 0x02, 0x02, 0x02, 0x03, 0x02, 0x05, 0x2D, 0xF8, 0xF4, 0xFF, 0xFF, 0xFF, 0xFF, 0xFF, 0xFF, 0xF9, 0xFF, 0xFD, 0xFD, 0xFF, 0xAC, 0x8D,
    0x8A, 0x46, 0x48, 0x48, 0x8B, 0x46, 0x48, 0x48, 0x45, 0x0D, 0x01, 0x02, 0x09, 0x12, 0x04, 0x00, 0x0B, 0xA7, 0xFE, 0xCC, 0xBC, 0xBC, 0xC2, 0xF4,
    0x81, 0x73, 0xBE, 0xC8, 0xC0, 0x69, 0x34, 0x5B, 0xAD, 0xF5, 0x6D, 0xB0, 0xCB, 0xE3, 0xFF, 0xF9, 0xF6, 0xA2, 0xD9, 0xB2, 0x76, 0x79, 0xB7, 0xE2,
    0x66, 0xA8, 0xA9, 0xAB, 0xE9, 0x8E, 0x08, 0x08, 0x0D, 0x14, 0x25, 0x4D, 0x8F, 0x49, 0x21, 0x22, 0x24, 0x1A, 0x25, 0x25, 0x62, 0xB4, 0x40, 0x63,
    0x5B, 0x38, 0x38, 0x28, 0x3F, 0x5D, 0x2D, 0x73, 0x7D, 0x7F, 0x7E, 0x71, 0x70, 0x6A, 0xBF, 0x7F, 0x69, 0x43, 0x71, 0xA2, 0x7D, 0xF5, 0xE4, 0x53,
    0x24, 0x16, 0x13, 0x0A, 0x0A, 0x13, 0x22, 0x4B, 0x4D, 0x27, 0x27, 0xFF, 0xFF, 0xF3, 0xE9, 0xE2, 0xE5, 0xE3, 0xA4, 0xB1, 0x72, 0xCA, 0x6F, 0xE6,
    0xFF, 0xFF, 0xE7, 0xD9, 0xE7, 0xBF, 0xE4, 0xF0, 0xAF, 0x28, 0x28, 0x34, 0x34, 0x59, 0xBE, 0xE6, 0xF9, 0xC3, 0xCB, 0xC7, 0xDF, 0xFF, 0xC8, 0x0A,
    0x04, 0x04, 0x08, 0x01, 0x00, 0x0D, 0x45, 0x8A, 0x48, 0x46, 0x45, 0x8A, 0x8D, 0x8D, 0x46, 0x98, 0xEC, 0xFF, 0xFB, 0xFF, 0xFF, 0xFF, 0xFF, 0xFD,
    0xFF, 0xE8, 0x06, 0x03, 0x08, 0xBC, 0xF1, 0x18, 0x02, 0x03, 0x2F, 0xB5, 0x04, 0x03, 0x1A, 0xFF, 0xF5, 0x0C, 0x02, 0x0D, 0xFF, 0xF2, 0xFF, 0xFF,
    0xFF, 0xF9, 0xFF, 0x0D, 0x03, 0x03, 0x08, 0x17, 0x14, 0x14, 0x08, 0x03, 0x03, 0x0D, 0xFF, 0x30, 0x02, 0x03, 0x03, 0x53, 0xF1, 0xF1, 0x29, 0x02,
    0x03, 0x03, 0x66, 0xFF, 0xFF, 0x52, 0x17, 0x17, 0x14, 0x14, 0x14, 0x08, 0x08, 0x03, 0x0D, 0xFF, 0x1A, 0x02, 0x05, 0x03, 0x0D, 0x08, 0x03, 0x02,
    0x1A, 0xFE, 0xF1, 0xFD, 0xF9, 0xF8, 0xF4, 0xF9, 0x30, 0x02, 0x03, 0x05, 0xD9, 0xF9, 0xF9, 0xF1, 0xFF, 0x25, 0x02, 0x03, 0x08, 0xC8, 0xF4, 0xF1,
    0xF1, 0xF0, 0xF1, 0xF7, 0xFE, 0x0C, 0x03, 0x03, 0x08, 0x14, 0x0D, 0x14, 0x14, 0x17, 0xCE, 0xFF, 0xDA, 0x05, 0x03, 0x03, 0x2F, 0x25, 0x02, 0x05,
    0x04, 0x03, 0x03, 0x08, 0xC5, 0xFF, 0xFF, 0x4E, 0x14, 0x14, 0x14, 0x14, 0x14, 0x08, 0x05, 0x02, 0x1A, 0xFF, 0xF0, 0xFF, 0xFF, 0xFF, 0xFF, 0xFF,
    0xFF, 0xFF, 0xF9, 0xFF, 0xFF, 0xFB, 0xFF, 0xFB, 0x8F, 0x48, 0x8D, 0x8C, 0x45, 0x48, 0x46, 0x45, 0x46, 0x8A, 0x17, 0x05, 0x01, 0x08, 0x06, 0x00,
    0x09, 0xA7, 0xFE, 0xD9, 0xC2, 0xC6, 0xC2, 0xED, 0xFD, 0xC3, 0x7D, 0x2E, 0x28, 0x28, 0x28, 0xB4, 0xE3, 0xF8, 0x85, 0xD7, 0xCB, 0xE8, 0xFF, 0xFF,
    0xF4, 0xAF, 0xC7, 0xA1, 0x76, 0xA1, 0xC8, 0xF2, 0xC4, 0xE1, 0xD4, 0xEF, 0xFF, 0xAC, 0x1A, 0x2F, 0x4C, 0x23, 0x16, 0x13, 0x13, 0x13, 0x16, 0x1A,
    0x2D, 0x30, 0x30, 0x3D, 0xB4, 0x74, 0x29, 0x3F, 0x3A, 0x2D, 0x28, 0x57, 0x55, 0x2D, 0x82, 0xB1, 0x7C, 0x7C, 0x7E, 0x70, 0x71, 0x6F, 0x88, 0xA2,
    0x6B, 0x55, 0x59, 0x88, 0x71, 0x58, 0xD8, 0xD5, 0xB5, 0xD5, 0x88, 0x30, 0x1A, 0x16, 0x13, 0x0A, 0x0A, 0x13, 0x17, 0x26, 0x4F, 0xDE, 0xFF, 0xFF,
    0xFF, 0xFF, 0xFF, 0xE4, 0xCA, 0xB2, 0x79, 0xE6, 0xFF, 0xFD, 0xED, 0xDB, 0xEC, 0xBA, 0xDB, 0xE6, 0xB4, 0x2E, 0x88, 0x85, 0x40, 0x2E, 0x2E, 0x28,
    0xC3, 0xC3, 0xC2, 0xCC, 0xE3, 0xF9, 0xB9, 0x0A, 0x04, 0x04, 0x02, 0x04, 0x17, 0x8B, 0x8B, 0x45, 0x8A, 0x48, 0x48, 0x46, 0x46, 0x8D, 0xAC, 0xFF,
    0xFD, 0xFB, 0xFF, 0xFF, 0xFF, 0xFF, 0xFF, 0xFF, 0xFD, 0xF0, 0x05, 0x03, 0x08, 0xF7, 0xFF, 0x1A, 0x02, 0x03, 0x2F, 0xB5, 0x04, 0x02, 0x1A, 0xFF,
    0xFE, 0x0C, 0x02, 0x0D, 0xFF, 0xF1, 0xFF, 0xFF, 0xFF, 0xF7, 0xFF, 0x0C, 0x03, 0x02, 0x0D, 0xFF, 0xFE, 0xFF, 0x0C, 0x02, 0x03, 0x0D, 0xFF, 0x30,
    0x02, 0x03, 0x05, 0xA9, 0xFF, 0xFF, 0x2F, 0x02, 0x03, 0x05, 0x63, 0xFF, 0x42, 0x2E, 0x34, 0xB3, 0xFF, 0xFF, 0xFF, 0x0D, 0x03, 0x03, 0x1A, 0xFF,
    0x1A, 0x02, 0x03, 0x08, 0xF0, 0x25, 0x02, 0x03, 0x02, 0x2D, 0xFF, 0xED, 0xFF, 0xFF, 0xF4, 0xFF, 0x2D, 0x02, 0x03, 0x03, 0xA5, 0xFF, 0xF9, 0xF1,
    0xFF, 0x25, 0x02, 0x03, 0x08, 0xFF, 0xFF, 0xFF, 0xFF, 0xFF, 0xFF, 0xFF, 0xFF, 0x0D, 0x03, 0x03, 0x1A, 0xFF, 0xFF, 0xFF, 0xFF, 0xFF, 0xFF, 0xFF,
    0xDD, 0x05, 0x03, 0x02, 0x1A, 0xFF, 0x0D, 0x03, 0x03, 0x03, 0x03, 0x05, 0xB9, 0xFF, 0x34, 0x2D, 0x34, 0xC3, 0xFF, 0xFF, 0xFF, 0x0D, 0x03, 0x03,
    0x1A, 0xFF, 0xF1, 0xFF, 0xFD, 0xFF, 0xFF, 0xF9, 0xF9, 0xFD, 0xFD, 0xFF, 0xFD, 0xFF, 0xF7, 0xFD, 0xFF, 0xAA, 0x8B, 0x45, 0x48, 0x48, 0x45, 0x45,
    0x45, 0x23, 0x46, 0x23, 0x08, 0x01, 0x01, 0x00, 0x09, 0x96, 0xFF, 0xDF, 0xC7, 0xC7, 0xB7, 0xE4, 0x38, 0x28, 0x2E, 0x2E, 0x5D, 0xAE, 0x34, 0x69,
    0xD9, 0xFF, 0xBB, 0xD9, 0xDC, 0xF0, 0xFF, 0xFF, 0xFF, 0x81, 0xA3, 0xB8, 0xCF, 0xE2, 0xFF, 0xFF, 0xFF, 0xFF, 0xFF, 0xAA, 0x4A, 0x23, 0x20, 0x13,
    0x13, 0x13, 0x13, 0x17, 0x25, 0x51, 0x7C, 0x71, 0x5B, 0x5D, 0x57, 0x76, 0x3D, 0x30, 0x2D, 0x3D, 0x2D, 0x1D, 0x3A, 0x3E, 0x3A, 0xA2, 0xA2, 0xB1,
    0x71, 0x7C, 0x7F, 0x88, 0x88, 0x70, 0xB0, 0xB4, 0x6B, 0x5D, 0x43, 0x71, 0x7E, 0x5D, 0xBF, 0xC6, 0x5E, 0x64, 0x74, 0xB8, 0xBB, 0xBE, 0xA1, 0x2F,
    0x25, 0x17, 0x13, 0x13, 0x13, 0x13, 0x1A, 0x44, 0x87, 0xD8, 0xFF, 0xFF, 0xFF, 0xFF, 0xF2, 0xF1, 0xF8, 0xF6, 0xF1, 0xDF, 0xE3, 0xC2, 0xE6, 0xE0,
    0x7C, 0x29, 0x7D, 0xF8, 0x6A, 0x69, 0x7C, 0x2D, 0xBE, 0xC3, 0xC7, 0xCC, 0xE3, 0xFE, 0x17, 0x08, 0x00, 0x00, 0x08, 0x24, 0x8A, 0x46, 0x47, 0x8B,
    0x45, 0x48, 0x48, 0x8A, 0x8D, 0xD4, 0xFF, 0xFB, 0xFD, 0xFF, 0xF9, 0xF9, 0xFF, 0xFF, 0xFF, 0xFF, 0xFD, 0xF5, 0x05, 0x03, 0x08, 0x29, 0x2E, 0x0C,
    0x02, 0x03, 0x2F, 0xB5, 0x04, 0x03, 0x1A, 0xFF, 0xFE, 0x0D, 0x03, 0x0D, 0xFF, 0xF1, 0xFF, 0xFF, 0xFF, 0xF7, 0xFF, 0x0C, 0x03, 0x03, 0x14, 0xEE,
    0xDC, 0xEE, 0x0D, 0x03, 0x03, 0x0D, 0xFF, 0x30, 0x02, 0x03, 0x05, 0x29, 0x2D, 0x2D, 0x18, 0x02, 0x03, 0x03, 0x63, 0xFF, 0x0C, 0x01, 0x02, 0x0D,
    0x2E, 0x29, 0x2D, 0x0C, 0x03, 0x03, 0x14, 0xFF, 0x1A, 0x02, 0x03, 0x08, 0xC4, 0xFA, 0x14, 0x03, 0x03, 0x05, 0x6B, 0xFF, 0xF4, 0xFF, 0xF4, 0xFF,
    0x30, 0x02, 0x03, 0x05, 0xA5, 0xFF, 0xF7, 0xF1, 0xFF, 0x25, 0x03, 0x05, 0x05, 0x29, 0x2D, 0x2D, 0x2D, 0x2D, 0x2D, 0xC3, 0xFE, 0x0D, 0x03, 0x03,
    0x0D, 0x2D, 0x2D, 0x2D, 0x2D, 0x2D, 0x34, 0xE6, 0xDF, 0x08, 0x03, 0x03, 0x1A, 0xF7, 0xA8, 0x08, 0x03, 0x05, 0x03, 0x05, 0x9F, 0xFF, 0x0C, 0x01,
    0x02, 0x0D, 0x2D, 0x2D, 0x2D, 0x0C, 0x03, 0x03, 0x1A, 0xFF, 0xEE, 0xFD, 0xFF, 0xF8, 0xF8, 0xFF, 0xFF, 0xFF, 0xF8, 0xFF, 0xFF, 0xFA, 0xFD, 0xFD,
    0xFB, 0xFF, 0xE9, 0x8C, 0x8A, 0x45, 0x45, 0x48, 0x46, 0x46, 0x23, 0x45, 0x8A, 0x0D, 0x04, 0x00, 0x02, 0x15, 0xFF, 0xE7, 0xC7, 0xC8, 0xB7, 0xE3,
    0x29, 0x40, 0x6D, 0x39, 0xD7, 0xBE, 0x34, 0x7C, 0xC9, 0xF6, 0xB4, 0xD9, 0xCC, 0xED, 0xFF, 0xF9, 0xFD, 0xE5, 0xFD, 0xFF, 0xFF, 0xFF, 0xE4, 0xBE,
    0x53, 0x2F, 0x20, 0x13, 0x13, 0x13, 0x16, 0x1A, 0x25, 0x30, 0x63, 0x75, 0x5F, 0x51, 0x3F, 0x3F, 0x3F, 0x3F, 0x63, 0x3D, 0x2E, 0x3A, 0x38, 0x29,
    0x1A, 0x6D, 0xBD, 0x3A, 0xA2, 0xAE, 0xA1, 0xDF, 0x7C, 0x7E, 0x7E, 0xA2, 0xA2, 0x6F, 0x88, 0xAD, 0x7D, 0x40, 0x3E, 0x70, 0x7C, 0x58, 0xBE, 0xDB,
    0x5C, 0xA1, 0x79, 0xA1, 0x65, 0x65, 0x65, 0x78, 0xA2, 0xB5, 0x85, 0x62, 0x2F, 0x24, 0x25, 0x28, 0x1A, 0x2D, 0x28, 0x38, 0x7F, 0xCA, 0xF0, 0xFF,
    0xFF, 0xFF, 0xE6, 0xCB, 0xDF, 0xC7, 0xED, 0xE6, 0x7D, 0x2E, 0x39, 0x39, 0x38, 0x7D, 0xBF, 0x39, 0xE4, 0xDB, 0xCB, 0xBC, 0xE8, 0x2F, 0x08, 0x00,
    0x04, 0x0D, 0x47, 0x8A, 0x46, 0x48, 0x45, 0x47, 0x8E, 0x47, 0x46, 0x98, 0xFF, 0xFF, 0xFB, 0xFF, 0xFF, 0xFF, 0xFF, 0xFF, 0xFA, 0xFF, 0xFF, 0xFF,
    0xFF, 0xF5, 0x08, 0x03, 0x02, 0x01, 0x01, 0x01, 0x02, 0x02, 0x2F, 0xB3, 0x04, 0x02, 0x14, 0xFF, 0xF8, 0x0C, 0x02, 0x0D, 0xFF, 0xF1, 0xFF, 0xFF,
    0xFF, 0xF8, 0xFF, 0x0C, 0x03, 0x03, 0x1A, 0xFD, 0xDC, 0xFD, 0x0D, 0x02, 0x03, 0x0D, 0xFF, 0x51, 0x05, 0x03, 0x03, 0x01, 0x02, 0x01, 0x01, 0x03,
    0x03, 0x05, 0x66, 0xFA, 0x14, 0x03, 0x05, 0x02, 0x01, 0x01, 0x01, 0x02, 0x03, 0x02, 0x1A, 0xFF, 0x1A, 0x02, 0x03, 0x05, 0xA8, 0xFD, 0xFF, 0x0D,
    0x02, 0x01, 0x0C, 0xD9, 0xF8, 0xF6, 0xEE, 0xFF, 0x30, 0x02, 0x03, 0x03, 0xB9, 0xFF, 0xF1, 0xF1, 0xFF, 0x25, 0x02, 0x03, 0x02, 0x01, 0x01, 0x02,
    0x01, 0x01, 0x01, 0x30, 0xFF, 0x0C, 0x02, 0x02, 0x02, 0x01, 0x02, 0x01, 0x01, 0x01, 0x05, 0xED, 0xDF, 0x05, 0x02, 0x02, 0x25, 0xFF, 0xFF, 0x1A,
    0x03, 0x03, 0x03, 0x03, 0x9F, 0xFF, 0x0D, 0x03, 0x03, 0x02, 0x01, 0x02, 0x01, 0x02, 0x03, 0x03, 0x1A, 0xFF, 0xEE, 0xFF, 0xFF, 0xFC, 0xFF, 0xF9,
    0xFF, 0xFF, 0xFF, 0xFF, 0xFF, 0xF9, 0xFA, 0xFD, 0xFF, 0xF3, 0xFF, 0xFF, 0x97, 0x45, 0x8A, 0x8C, 0x47, 0x21, 0x46, 0x49, 0x46, 0x45, 0x17, 0x04,
    0x00, 0x03, 0x25, 0xF6, 0xC6, 0xCC, 0xC7, 0xED, 0x39, 0xBE, 0xB4, 0x34, 0x39, 0x3E, 0x34, 0x70, 0xCA, 0xF6, 0xAF, 0xDF, 0xD9, 0xE6, 0xF8, 0xFF,
    0xFF, 0xF5, 0xDD, 0xBB, 0x51, 0x30, 0x29, 0x1A, 0x22, 0x1A, 0x24, 0x25, 0x30, 0x3F, 0x62, 0x51, 0x52, 0x4E, 0x30, 0x30, 0x30, 0x3F, 0x51, 0x30,
    0x34, 0x3A, 0x3A, 0x3A, 0x3D, 0x30, 0x29, 0x29, 0x3D, 0x6B, 0x72, 0xB2, 0xAE, 0x76, 0xC3, 0xED, 0x7C, 0x7E, 0x7D, 0x7C, 0xBD, 0x7E, 0x82, 0x71,
    0x7E, 0x40, 0x40, 0x70, 0x7F, 0x5D, 0xAD, 0xC7, 0xBF, 0xE5, 0x95, 0x94, 0xA8, 0xB8, 0xA4, 0xA1, 0x64, 0x65, 0x6E, 0x6F, 0x87, 0xB5, 0xB5, 0x65,
    0x2F, 0x4E, 0x1A, 0x29, 0x29, 0x28, 0x29, 0x38, 0x6A, 0xDA, 0xFF, 0xDB, 0xDF, 0xBB, 0xE6, 0xED, 0x7C, 0x28, 0x39, 0x3E, 0x3E, 0x3E, 0x34, 0x39,
    0xE8, 0xDF, 0xC3, 0xBC, 0xEA, 0x14, 0x00, 0x06, 0x1A, 0x8A, 0x45, 0x46, 0x46, 0x8B, 0x8B, 0x46, 0x48, 0x8C, 0xAA, 0xFF, 0xF9, 0xFD, 0xFF, 0xFD,
    0xFF, 0xFD, 0xFA, 0xFD, 0xFF, 0xF9, 0xFF, 0xF9, 0xF9, 0xF5, 0x66, 0x0D, 0x08, 0x09, 0x09, 0x09, 0x08, 0x25, 0xE5, 0x73, 0x08, 0x08, 0x1A, 0xFF,
    0xF4, 0x0D, 0x08, 0x14, 0xFF, 0xF4, 0xFF, 0xFF, 0xFF, 0xF6, 0xFF, 0x0D, 0x08, 0x08, 0x1A, 0xFF, 0xE5, 0xFF, 0x0D, 0x05, 0x09, 0x14, 0xFF, 0xDF,
    0x2F, 0x09, 0x05, 0x08, 0x08, 0x08, 0x08, 0x05, 0x0D, 0x4D, 0xE5, 0xF2, 0xA8, 0x1A, 0x08, 0x08, 0x08, 0x09, 0x08, 0x08, 0x08, 0x1A, 0xA8, 0xFF,
    0x25, 0x05, 0x09, 0x08, 0xC4, 0xFF, 0xFF, 0x4E, 0x08, 0x08, 0x05, 0x1A, 0xFF, 0xF1, 0xF1, 0xFF, 0x30, 0x08, 0x09, 0x08, 0xA8, 0xFF, 0xF4, 0xF0,
    0xFF, 0x25, 0x05, 0x08, 0x08, 0x08, 0x08, 0x08, 0x09, 0x09, 0x08, 0x4E, 0xFF, 0x0C, 0x05, 0x08, 0x08, 0x09, 0x09, 0x08, 0x08, 0x08, 0x09, 0xE5,
    0xDC, 0x08, 0x09, 0x05, 0x25, 0xFF, 0xE5, 0xFF, 0x14, 0x05, 0x08, 0x08, 0xA8, 0xFF, 0xB9, 0x1A, 0x08, 0x08, 0x08, 0x08, 0x08, 0x08, 0x08, 0x1A,
    0xC4, 0xFF, 0xFA, 0xFD, 0xFF, 0xFF, 0xFF, 0xF9, 0xFA, 0xFF, 0xFD, 0xFD, 0xFF, 0xFF, 0xFF, 0xFF, 0xF9, 0xFA, 0xFB, 0xF7, 0xFF, 0xD3, 0x8E, 0x21,
    0x45, 0x8B, 0x48, 0x45, 0x45, 0x45, 0x8A, 0x47, 0x0C, 0x00, 0x05, 0xD1, 0xDA, 0xC2, 0xCC, 0xF1, 0x71, 0x40, 0x3E, 0x3E, 0x40, 0x40, 0x28, 0x43,
    0xBE, 0xF8, 0xBA, 0xDC, 0xCC, 0xF8, 0xFE, 0xBD, 0xA2, 0x30, 0x2D, 0x25, 0x25, 0x1A, 0x2F, 0x4E, 0x52, 0x51, 0x6B, 0x61, 0x51, 0x51, 0x30, 0x30,
    0x30, 0x51, 0x51, 0x3F, 0x3F, 0x3D, 0x3A, 0x2E, 0x2E, 0x2D, 0x2E, 0x2E, 0x30, 0x1A, 0x28, 0xAF, 0xC3, 0x41, 0xAE, 0xA2, 0xA1, 0x75, 0xCB, 0xF1,
    0x7E, 0x7D, 0x7D, 0x70, 0xBF, 0x7D, 0x7D, 0x77, 0x75, 0x40, 0x41, 0x71, 0x71, 0x75, 0xCA, 0xE4, 0xDD, 0x3D, 0x30, 0x4D, 0x54, 0x54, 0x94, 0xA6,
    0xA0, 0xB9, 0xB7, 0xAF, 0x7F, 0x76, 0x6E, 0x71, 0x84, 0xB3, 0x7F, 0x78, 0x53, 0x3A, 0x29, 0x1A, 0x28, 0x28, 0x6E, 0xFF, 0xE4, 0xBD, 0xE4, 0xDD,
    0xAF, 0x43, 0x33, 0x39, 0x56, 0x59, 0x69, 0x40, 0xDD, 0xCA, 0xB6, 0xE8, 0x29, 0x04, 0x0C, 0x23, 0x8B, 0x47, 0x46, 0x46, 0x8B, 0x48, 0x46, 0x8A,
    0x8D, 0xE9, 0xFF, 0xF7, 0xF9, 0xFF, 0xF3, 0xE9, 0xE9, 0xFD, 0xF7, 0xFF, 0xFF, 0xFF, 0xFD, 0xFF, 0xFF, 0xF7, 0xFF, 0xCD, 0x50, 0x95, 0x95, 0x96,
    0x50, 0xFF, 0xFF, 0xDC, 0x50, 0x96, 0xA7, 0xFF, 0xF8, 0x95, 0x96, 0x95, 0xFF, 0xFF, 0xFF, 0xFF, 0xFF, 0xFF, 0xFF, 0x53, 0x95, 0x50, 0x9C, 0xFD,
    0xF7, 0xFF, 0x66, 0x50, 0x50, 0x95, 0xFF, 0xFF, 0xFF, 0x9C, 0x4D, 0x4D, 0x4D, 0x4D, 0x4E, 0x2F, 0xA0, 0xFF, 0xFF, 0xFD, 0xFF, 0xE7, 0x2F, 0x4D,
    0x4D, 0x4E, 0x4E, 0x4E, 0x4D, 0xFF, 0xFF, 0xFF, 0xA5, 0x4D, 0x50, 0x4E, 0xEC, 0xFE, 0xFD, 0xFF, 0x4E, 0x50, 0x4D, 0x4E, 0xFF, 0xFD, 0xFE, 0xFF,
    0xC8, 0x4E, 0x96, 0x4E, 0xE2, 0xFF, 0xFF, 0xFD, 0xFF, 0xA8, 0x4D, 0x50, 0x50, 0x4E, 0x4E, 0x4E, 0x4E, 0x50, 0x4D, 0xC8, 0xF9, 0x30, 0x4D, 0x4E,
    0x4E, 0x4E, 0x4E, 0x4E, 0x4E, 0x4E, 0x4E, 0xEB, 0xF0, 0x4E, 0x94, 0x4D, 0xA8, 0xFF, 0xF7, 0xF9, 0xA7, 0x4D, 0x50, 0x4D, 0xE2, 0xFF, 0xFF, 0xE8,
    0x4D, 0x4E, 0x4E, 0x2F, 0x4E, 0x4E, 0x4D, 0xFF, 0xFF, 0xF9, 0xFF, 0xFF, 0xF9, 0xFF, 0xFF, 0xFC, 0xF9, 0xFD, 0xFF, 0xFF, 0xF7, 0xF6, 0xE2, 0xE5,
    0xE1, 0xEC, 0xFF, 0xFD, 0xF7, 0xFF, 0xEF, 0x90, 0x8A, 0x46, 0x45, 0x48, 0x49, 0x46, 0x48, 0x46, 0x8A, 0x18, 0x04, 0x1A, 0xE8, 0xB1, 0xC2, 0xED,
    0x40, 0x40, 0x59, 0x40, 0x39, 0x28, 0x42, 0xB3, 0xC1, 0xFF, 0xB0, 0xCB, 0xFF, 0xB2, 0x2D, 0x29, 0x25, 0x2F, 0x30, 0x2F, 0x3F, 0x3A, 0xB0, 0x5D,
    0x3F, 0x3F, 0x3F, 0x3F, 0x51, 0x51, 0x51, 0x51, 0x51, 0x3F, 0x3A, 0x30, 0x30, 0x2D, 0x29, 0x29, 0x30, 0x2D, 0x30, 0x3D, 0x74, 0x5F, 0x2D, 0xC7,
    0xD7, 0x79, 0xA4, 0x79, 0x79, 0x76, 0xB7, 0xDF, 0x7D, 0x7F, 0x7E, 0x7D, 0xD9, 0x88, 0x75, 0x7E, 0x75, 0x3E, 0x55, 0x7E, 0x7D, 0x71, 0xBF, 0xF6,
    0x82, 0x6E, 0x7D, 0x71, 0x73, 0x51, 0x3F, 0x4E, 0x4E, 0x53, 0x50, 0x95, 0x9D, 0xBC, 0xB2, 0xAE, 0x75, 0xBA, 0x82, 0x7F, 0x89, 0x7F, 0xA2, 0x7A,
    0x5C, 0x3A, 0x29, 0x59, 0xFA, 0xDD, 0xF0, 0xDA, 0x7D, 0xE0, 0x39, 0x43, 0x6A, 0x39, 0x40, 0x39, 0xDA, 0xC3, 0xB6, 0xF4, 0x2D, 0x0D, 0x8D, 0x48,
    0x45, 0x46, 0x48, 0x45, 0x46, 0x48, 0x48, 0x9A, 0xFB, 0xFA, 0xF3, 0xFF, 0xFF, 0xEB, 0xD4, 0xD4, 0xD4, 0xF4, 0xE1, 0xD4, 0xEC, 0xFF, 0xFF, 0xFF,
    0xFD, 0xFD, 0xF2, 0xFF, 0xFF, 0xFF, 0xFF, 0xFF, 0xFE, 0xF6, 0xF9, 0xFF, 0xFF, 0xFE, 0xFF, 0xFD, 0xFF, 0xFF, 0xFE, 0xFF, 0xFD, 0xFD, 0xFD, 0xFF,
    0xFF, 0xFF, 0xFF, 0xFF, 0xFF, 0xFF, 0xFF, 0xFF, 0xFF, 0xFA, 0xFF, 0xFF, 0xFF, 0xFF, 0xFF, 0xF9, 0xEE, 0xFF, 0xFF, 0xFF, 0xFF, 0xFF, 0xFF, 0xFF,
    0xFF, 0xEE, 0xFF, 0xFF, 0xF7, 0xF9, 0xFF, 0xFF, 0xFF, 0xFF, 0xFF, 0xFF, 0xFE, 0xE7, 0xF7, 0xFF, 0xFF, 0xFF, 0xFF, 0xFF, 0xFF, 0xFF, 0xFF, 0xF2,
    0xFF, 0xFF, 0xFF, 0xFF, 0xFF, 0xFF, 0xFF, 0xFF, 0xFF, 0xFF, 0xFE, 0xFE, 0xFF, 0xFF, 0xFF, 0xFF, 0xFF, 0xFF, 0xFF, 0xFF, 0xFF, 0xFF, 0xFF, 0xFF,
    0xFF, 0xFF, 0xFF, 0xFF, 0xFD, 0xFF, 0xFF, 0xFF, 0xFF, 0xFF, 0xFF, 0xFF, 0xFF, 0xFF, 0xFF, 0xFF, 0xFF, 0xFF, 0xFE, 0xFF, 0xFF, 0xFF, 0xFF, 0xF9,
    0xFF, 0xFF, 0xFE, 0xFF, 0xFF, 0xFF, 0xF7, 0xFD, 0xFF, 0xFF, 0xFF, 0xFF, 0xFF, 0xFF, 0xFF, 0xF4, 0xF7, 0xFF, 0xFF, 0xFF, 0xFF, 0xFF, 0xFD, 0xFA,
    0xFF, 0xFF, 0xEC, 0xE1, 0xE1, 0xF2, 0xC5, 0xE2, 0xD0, 0xD0, 0xF3, 0xFF, 0xFF, 0xFB, 0xF8, 0xFF, 0xAC, 0x48, 0x45, 0x48, 0x45, 0x46, 0x46, 0x45,
    0x45, 0x8B, 0x17, 0x1A, 0xFA, 0xC2, 0xB2, 0xDF, 0x43, 0x3E, 0x40, 0x38, 0x7C, 0x33, 0xD6, 0x69, 0xD6, 0xFF, 0xCA, 0xFA, 0xB1, 0x2D, 0x29, 0x2D,
    0x2D, 0x3D, 0x3D, 0x41, 0x3F, 0x5E, 0x51, 0x30, 0x30, 0x3F, 0x3F, 0x3F, 0x3F, 0x30, 0x30, 0x30, 0x2D, 0x2D, 0x29, 0x2D, 0x30, 0x52, 0x3F, 0x51,
    0x73, 0x74, 0x63, 0x5E, 0x7A, 0x51, 0x30, 0xE4, 0xE4, 0x6E, 0xB2, 0xA2, 0x7A, 0x79, 0xC7, 0xE4, 0x7D, 0x7D, 0x82, 0xAD, 0xF6, 0xB0, 0x7D, 0x7D,
    0x71, 0x41, 0x55, 0x7F, 0x88, 0x5D, 0xBA, 0xDA, 0x57, 0x77, 0x57, 0x51, 0xCA, 0xD6, 0xC0, 0x85, 0x6C, 0x57, 0x55, 0x51, 0x30, 0x51, 0x52, 0x66,
    0x9D, 0xCD, 0xCB, 0xA2, 0x6C, 0x71, 0x7D, 0x7F, 0x7E, 0xAD, 0x6D, 0x41, 0xFF, 0xFF, 0xFF, 0xDD, 0x6D, 0x6A, 0x59, 0x7C, 0xBD, 0x2E, 0x40, 0x39,
    0xDD, 0xDB, 0xC3, 0xC3, 0xF6, 0x9A, 0x8A, 0x47, 0x47, 0x45, 0x46, 0x8A, 0x45, 0x8B, 0xE9, 0xFF, 0xF8, 0xF9, 0xFF, 0xEB, 0xEA, 0xE1, 0xCE, 0xD4,
    0xCE, 0xF3, 0xE9, 0xD4, 0xD2, 0xD4, 0xEB, 0xF9, 0xFF, 0xFF, 0xF9, 0xF2, 0xEC, 0xF2, 0xF2, 0xF2, 0xEC, 0xF9, 0xFF, 0xF9, 0xF4, 0xEE, 0xF3, 0xFD,
    0xFF, 0xF1, 0xF2, 0xF2, 0xFF, 0xFF, 0xFF, 0xFF, 0xFF, 0xFF, 0xFF, 0xF2, 0xF2, 0xF2, 0xF7, 0xFA, 0xFF, 0xF9, 0xF2, 0xF2, 0xF2, 0xF4, 0xFF, 0xFF,
    0xFA, 0xF2, 0xF2, 0xF2, 0xF2, 0xF2, 0xF2, 0xEE, 0xF7, 0xFF, 0xFF, 0xFF, 0xFF, 0xFA, 0xF2, 0xF2, 0xF2, 0xF1, 0xF1, 0xF2, 0xF2, 0xFF, 0xFF, 0xFF,
    0xF9, 0xF1, 0xF2, 0xF2, 0xFF, 0xFF, 0xFF, 0xFF, 0xF1, 0xF1, 0xF2, 0xF4, 0xFF, 0xFF, 0xFF, 0xFF, 0xFF, 0xF2, 0xF2, 0xF2, 0xFF, 0xFA, 0xFF, 0xFF,
    0xFF, 0xF9, 0xF2, 0xF2, 0xF2, 0xF2, 0xF2, 0xF2, 0xF1, 0xF2, 0xF2, 0xF9, 0xFF, 0xF1, 0xF2, 0xF2, 0xF2, 0xF2, 0xF1, 0xEE, 0xF1, 0xF2, 0xF2, 0xFF,
    0xFF, 0xF2, 0xF3, 0xF2, 0xF9, 0xFF, 0xFF, 0xFF, 0xF9, 0xF2, 0xF4, 0xF2, 0xFF, 0xFF, 0xFF, 0xFA, 0xF0, 0xEE, 0xF2, 0xEE, 0xEE, 0xEE, 0xEE, 0xFD,
    0xFF, 0xF8, 0xFF, 0xFF, 0xFF, 0xFF, 0xFF, 0xF6, 0xE1, 0xD0, 0xCE, 0xD1, 0xE2, 0xF6, 0xC5, 0xE2, 0xD0, 0xD0, 0xE6, 0xE2, 0xEE, 0xFF, 0xFD, 0xF3,
    0xFF, 0xF3, 0x8E, 0x45, 0x46, 0x46, 0x47, 0x46, 0x48, 0x46, 0x8D, 0xFB, 0xD9, 0xBF, 0xC7, 0xE6, 0x69, 0x39, 0x34, 0x59, 0xBB, 0x42, 0x89, 0x40,
    0xDD, 0xFF, 0xFF, 0xC8, 0x29, 0x2E, 0x3D, 0x7F, 0x40, 0x2D, 0x3A, 0x30, 0x63, 0x5E, 0x3A, 0x3F, 0x3A, 0x30, 0x30, 0x30, 0x2D, 0x2D, 0x30, 0x2D,
    0x30, 0x3F, 0x5F, 0x62, 0x62, 0x80, 0x88, 0xB0, 0xB1, 0xBC, 0xC8, 0xDF, 0x3F, 0x30, 0x51, 0xF1, 0xE0, 0x77, 0xB2, 0xB1, 0x83, 0x79, 0xB2, 0xE0,
    0x7D, 0x77, 0x80, 0x7E, 0xDA, 0x7F, 0x75, 0x71, 0x88, 0x59, 0x40, 0xB0, 0xB4, 0x6F, 0xBF, 0xC7, 0x5F, 0x5F, 0x3D, 0xC7, 0xFF, 0xFF, 0xFF, 0xF9,
    0xF1, 0xDF, 0xBC, 0x83, 0x75, 0x5D, 0x58, 0x51, 0x5E, 0x65, 0x41, 0xF4, 0xAD, 0x6B, 0x77, 0x74, 0x72, 0x6E, 0x81, 0x75, 0xFF, 0xF8, 0xFF, 0xDA,
    0x7F, 0x59, 0x42, 0x6D, 0x85, 0x34, 0x40, 0x39, 0xDD, 0xF0, 0xF4, 0xE8, 0xF9, 0xF5, 0x99, 0x48, 0x49, 0x49, 0x46, 0x8A, 0x90, 0xEF, 0xFF, 0xF7,
    0xF8, 0xFF, 0xEC, 0xCE, 0xF7, 0xD4, 0xCD, 0xD4, 0xCE, 0xF7, 0xF1, 0xED, 0xE9, 0xD2, 0xD2, 0xD2, 0xE9, 0xF7, 0xFF, 0xFA, 0xFD, 0xE9, 0xE9, 0xD4,
    0xD1, 0xD4, 0xD4, 0xD4, 0xEC, 0xFF, 0xFF, 0xF7, 0xF7, 0xFF, 0xFB, 0xFF, 0xE9, 0xD4, 0xD4, 0xE9, 0xE9, 0xE9, 0xF7, 0xD2, 0xD3, 0xE9, 0xD2, 0xEF,
    0xFD, 0xF9, 0xF7, 0xEF, 0xEF, 0xEF, 0xEF, 0xEF, 0xEF, 0xEF, 0xEF, 0xEF, 0xEF, 0xEF, 0xEF, 0xEF, 0xEF, 0xEF, 0xEF, 0xEF, 0xEF, 0xEF, 0xEF, 0xEF,
    0xEF, 0xEF, 0xEF, 0xEF, 0xEF, 0xEF, 0xEF, 0xEF, 0xEF, 0xEF, 0xEF, 0xEF, 0xEF, 0xEF, 0xEF, 0xEF, 0xEC, 0xEF, 0xEF, 0xEF, 0xEF, 0xEF, 0xEF, 0xEF,
    0xEF, 0xEF, 0xEF, 0xEF, 0xEF, 0xEF, 0xEF, 0xEF, 0xEF, 0xEF, 0xEF, 0xEF, 0xEF, 0xEF, 0xEF, 0xEF, 0xEF, 0xEF, 0xEF, 0xEF, 0xEF, 0xEF, 0xEF, 0xEF,
    0xEF, 0xEF, 0xEF, 0xFB, 0xEF, 0xEF, 0xEF, 0xEF, 0xEF, 0xEF, 0xEF, 0xEF, 0xEB, 0xEB, 0xEB, 0xEB, 0xEB, 0xEB, 0xEB, 0xEB, 0xEB, 0xEA, 0xEA, 0xEA,
    0xEF, 0xFF, 0xFF, 0xF3, 0xF9, 0xFF, 0xFF, 0xFD, 0xFD, 0xFF, 0xFF, 0xFF, 0xFD, 0xEF, 0xD4, 0xCE, 0xCE, 0xD1, 0xE5, 0xE2, 0xE5, 0xF9, 0xC6, 0xDE,
    0xC6, 0xCC, 0xF0, 0xCF, 0xE2, 0xF3, 0xFA, 0xFD, 0xF3, 0xFF, 0xFF, 0x9A, 0x48, 0x46, 0x48, 0x8B, 0x45, 0x8E, 0xE6, 0xFA, 0xF0, 0xF0, 0xE8, 0xF8,
    0x34, 0x39, 0x39, 0x7C, 0x71, 0x39, 0xB4, 0x6B, 0xE0, 0xF6, 0xFF, 0x30, 0x29, 0x2E, 0x3A, 0x5B, 0x34, 0x41, 0x3A, 0x5B, 0x74, 0x2D, 0x38, 0x34,
    0x2D, 0x2D, 0x2D, 0x30, 0x3F, 0x3F, 0x5F, 0x72, 0xB0, 0x80, 0x83, 0xB1, 0xB7, 0xB9, 0xA3, 0x76, 0x79, 0x51, 0x30, 0xC5, 0x78, 0x30, 0x51, 0xDC,
    0xDB, 0x5B, 0x79, 0x79, 0x79, 0x76, 0x76, 0xBB, 0x82, 0x7E, 0x77, 0x7F, 0xAF, 0x85, 0xAD, 0x70, 0xAD, 0x59, 0x56, 0xB6, 0x82, 0x6F, 0xBF, 0xC7,
    0x6D, 0xBE, 0x3D, 0xD7, 0xFF, 0xF8, 0xFF, 0xFF, 0xFF, 0xFF, 0xFF, 0xFF, 0xEB, 0xED, 0xDB, 0xD6, 0xAD, 0x6B, 0x58, 0x62, 0xC7, 0x3D, 0x81, 0x6E,
    0x79, 0xBA, 0x40, 0x70, 0xFF, 0xFD, 0xFF, 0xDB, 0x71, 0x69, 0x69, 0x39, 0x7C, 0x39, 0x40, 0x39, 0xDA, 0xBB, 0xC2, 0xDD, 0xF9, 0xFD, 0xFF, 0xAB,
    0x48, 0x46, 0x8B, 0x9A, 0xFF, 0xFF, 0xF7, 0xFF, 0xF6, 0xE1, 0xD0, 0xD0, 0xF7, 0xEA, 0xD4, 0xCE, 0xCD, 0xF7, 0xD4, 0xE9, 0xEC, 0xEB, 0xE1, 0xD2,
    0xAB, 0xAB, 0xD4, 0xEF, 0xF7, 0xFB, 0xEA, 0xD4, 0xAB, 0xCD, 0xD2, 0xCD, 0xAB, 0xD4, 0xEB, 0xFF, 0xFE, 0xFF, 0xEF, 0xEF, 0xEA, 0xD4, 0xD4, 0xD2,
    0xCD, 0xAB, 0xEC, 0xAB, 0xAA, 0xD2, 0x96, 0xD2, 0xAC, 0xFF, 0xAC, 0x98, 0x99, 0x99, 0x99, 0x9A, 0x9A, 0x9A, 0x9A, 0x9A, 0x9A, 0x9A, 0x99, 0x9A,
    0x9A, 0x9A, 0x99, 0x9A, 0x9A, 0x99, 0x99, 0x9A, 0x9A, 0x9A, 0x99, 0x99, 0x99, 0x99, 0x9A, 0x9A, 0x9A, 0x9A, 0x9A, 0x9A, 0x9A, 0x9A, 0x9A, 0x9A,
    0x9A, 0x9A, 0x9A, 0x9A, 0x9A, 0x9A, 0x9A, 0x9A, 0x99, 0x99, 0x99, 0x9A, 0x9A, 0x9A, 0x99, 0x99, 0x9A, 0x9A, 0x9A, 0x99, 0x99, 0x99, 0x99, 0x9A,
    0x99, 0x9A, 0x9A, 0x9A, 0x9A, 0x9A, 0x9A, 0x9A, 0x9A, 0x9A, 0x9A, 0x9A, 0x9A, 0x97, 0x97, 0x97, 0x97, 0x97, 0x97, 0x93, 0x97, 0x97, 0x93, 0x93,
    0x8F, 0x8F, 0x93, 0x93, 0x8F, 0x8F, 0x90, 0x90, 0x8F, 0xAB, 0xF3, 0xE9, 0xFD, 0xFF, 0xEF, 0xD4, 0xFD, 0xFD, 0xF3, 0xE9, 0xCE, 0xCE, 0xCE, 0xD0,
    0xE1, 0xDC, 0xE2, 0xDE, 0xC8, 0xF6, 0xB8, 0xD0, 0xDC, 0xDC, 0xF6, 0xDB, 0xDC, 0xC6, 0xE4, 0xF4, 0xFF, 0xFD, 0xFD, 0xFF, 0xD2, 0x8C, 0x45, 0x45,
    0x97, 0xFE, 0xFA, 0xF6, 0xE6, 0xC9, 0xA2, 0xDF, 0x69, 0x40, 0x40, 0x7F, 0x6D, 0x42, 0xB3, 0x43, 0xC9, 0xFF, 0x5E, 0x2D, 0x38, 0x34, 0x34, 0x2D,
    0x3A, 0x29, 0x2D, 0xAD, 0x29, 0x2D, 0x2E, 0x30, 0x3F, 0x5B, 0x74, 0x74, 0x78, 0xAE, 0xA2, 0xBB, 0xB8, 0xB8, 0xB9, 0x74, 0x64, 0x4E, 0x30, 0x3D,
    0x51, 0x75, 0x30, 0x52, 0xB1, 0x3F, 0x51, 0xDF, 0xDB, 0x5B, 0x79, 0x79, 0x7A, 0xA1, 0xA1, 0xCA, 0x81, 0x7F, 0x7D, 0x82, 0x6F, 0x88, 0xB6, 0x6D,
    0xA2, 0x5A, 0x43, 0xB3, 0x77, 0x5D, 0xBA, 0xDA, 0x40, 0x88, 0x41, 0xD9, 0xF9, 0xB1, 0xB8, 0xCB, 0xDF, 0xED, 0xF8, 0xFF, 0xFF, 0xFF, 0xFF, 0xFF,
    0xFF, 0x52, 0x5E, 0x5B, 0xCA, 0x58, 0x88, 0x60, 0x79, 0xF4, 0x7D, 0x55, 0xFF, 0xFC, 0xFF, 0xD9, 0x6D, 0x69, 0x6A, 0x3E, 0x7F, 0x39, 0x40, 0x3E,
    0xDD, 0xC2, 0xBB, 0xA2, 0xE6, 0xFF, 0xF7, 0xFF, 0xE9, 0x8E, 0xAC, 0xFF, 0xEF, 0xF8, 0xFF, 0xEC, 0xDE, 0xCE, 0xCE, 0xCD, 0xEE, 0xE2, 0xD1, 0xE2,
    0xD4, 0xF6, 0xC5, 0xA9, 0xA9, 0xCE, 0xE2, 0xEA, 0xEA, 0xD4, 0xAB, 0xAA, 0xEA, 0xF6, 0xEC, 0xF3, 0xCE, 0xCD, 0xCD, 0xD2, 0xCD, 0xAB, 0xAB, 0xCE,
    0xEF, 0xFF, 0xEB, 0xE9, 0xFA, 0xFF, 0xFE, 0xF7, 0xEE, 0xD4, 0xE9, 0xAB, 0x96, 0xD2, 0xAB, 0xD4, 0xAA, 0xD4, 0x99, 0x97, 0x97, 0x97, 0x97, 0x97,
    0x97, 0x97, 0x97, 0x97, 0x97, 0x97, 0x97, 0x97, 0x97, 0x97, 0x97, 0x97, 0x97, 0x97, 0x97, 0x97, 0x97, 0x97, 0x97, 0x97, 0x97, 0x97, 0x97, 0x97,
    0x97, 0x97, 0x97, 0x97, 0x97, 0x97, 0x97, 0x97, 0x97, 0x97, 0x97, 0x97, 0x97, 0x97, 0x97, 0x97, 0x97, 0x97, 0x97, 0x97, 0x97, 0x97, 0x97, 0x97,
    0x97, 0x97, 0x97, 0x97, 0x97, 0x97, 0x97, 0x97, 0x97, 0x97, 0x97, 0x97, 0x97, 0x93, 0x97, 0x97, 0x97, 0x97, 0x97, 0x93, 0x93, 0x90, 0x8F, 0x8F,
    0x90, 0x90, 0x90, 0x90, 0x90, 0x90, 0x90, 0x90, 0x8E, 0x8E, 0x90, 0x90, 0x90, 0x8E, 0x8E, 0x8E, 0x8E, 0x99, 0xF3, 0xE9, 0xF9, 0xFF, 0xEB, 0xE1,
    0xFF, 0xFF, 0xCD, 0xAA, 0xCE, 0xE1, 0xEC, 0xE5, 0xD1, 0xC6, 0xA9, 0xA5, 0xC5, 0xF6, 0xCF, 0xE2, 0xDB, 0xCB, 0xE6, 0xCB, 0xC7, 0xB7, 0xCF, 0xDB,
    0xED, 0xFD, 0xF6, 0xF3, 0xFF, 0xF1, 0x8E, 0x99, 0xFF, 0xF9, 0xFF, 0xF0, 0xAE, 0xB2, 0xB2, 0xE5, 0x59, 0x56, 0x39, 0x7C, 0x7D, 0x69, 0x89, 0x39,
    0xDA, 0xB8, 0x1A, 0x29, 0x2D, 0x2D, 0x2D, 0x3A, 0x3A, 0x2D, 0x30, 0xBF, 0x51, 0x5E, 0x73, 0x72, 0xAE, 0xC2, 0xB1, 0xC7, 0xA4, 0x64, 0xA4, 0x63,
    0x3F, 0x62, 0x51, 0x51, 0x5E, 0x74, 0x63, 0x30, 0x51, 0xA4, 0xB2, 0xBB, 0xA4, 0x3F, 0x5B, 0xDF, 0xD9, 0x57, 0x83, 0x79, 0xA1, 0xB1, 0xB2, 0xC7,
    0x82, 0x82, 0x77, 0x77, 0x6E, 0x71, 0x7E, 0x82, 0xBA, 0x5D, 0x40, 0xAF, 0x81, 0x57, 0xBB, 0xDD, 0x61, 0x72, 0x55, 0xD9, 0xFF, 0xDF, 0xCB, 0xB2,
    0xB8, 0xBC, 0xC2, 0xCB, 0xD9, 0xE3, 0xFD, 0xF4, 0xFF, 0x52, 0x3F, 0xC2, 0xCA, 0x55, 0xB0, 0xAE, 0x62, 0xED, 0x88, 0x5D, 0xFF, 0xF8, 0xFF, 0xD7,
    0x6B, 0x43, 0x70, 0x43, 0xAF, 0x39, 0x43, 0x3E, 0xDD, 0xC7, 0xBC, 0xB7, 0xE3, 0xDC, 0xF8, 0xFD, 0xFF, 0xFF, 0xFF, 0xFB, 0xFF, 0xFD, 0xFD, 0xD4,
    0xD1, 0xD4, 0xC4, 0xA9, 0xF1, 0xCE, 0xA9, 0xC5, 0xC4, 0xF2, 0xE5, 0xDB, 0xC4, 0xA7, 0xA7, 0xCD, 0xD1, 0xE5, 0xEC, 0xD4, 0xFB, 0xE9, 0xAB, 0xEA,
    0xF3, 0xF3, 0xE9, 0xAB, 0xA6, 0xC4, 0xC4, 0xA9, 0xCD, 0xF8, 0xEA, 0xE9, 0xFA, 0xEF, 0xFB, 0xF9, 0xFF, 0xFF, 0xE9, 0xAA, 0x99, 0xAB, 0xAC, 0xD4,
    0xAA, 0xD2, 0x97, 0x97, 0x93, 0x90, 0x97, 0x97, 0x97, 0x97, 0x97, 0x97, 0x97, 0x97, 0x97, 0x97, 0x98, 0x98, 0x98, 0x97, 0x97, 0x97, 0x97, 0x97,
    0x97, 0x97, 0x97, 0x97, 0x98, 0x97, 0x97, 0x97, 0x98, 0x97, 0x97, 0x97, 0x97, 0x97, 0x98, 0x97, 0x97, 0x97, 0x98, 0x97, 0x97, 0x97, 0x97, 0x97,
    0x97, 0x97, 0x97, 0x97, 0x97, 0x97, 0x97, 0x97, 0x97, 0x97, 0x97, 0x97, 0x97, 0x97, 0x97, 0x97, 0x97, 0x97, 0x93, 0x93, 0x93, 0x93, 0x8F, 0x97,
    0x90, 0x90, 0x90, 0x8F, 0x8F, 0x90, 0x90, 0x90, 0x90, 0x90, 0x90, 0x90, 0x90, 0x90, 0x90, 0x90, 0x90, 0x90, 0x8E, 0x8E, 0x8E, 0x8E, 0x90, 0x90,
    0x8E, 0xAA, 0xEE, 0xD4, 0xF9, 0xFF, 0xEB, 0xD4, 0xFF, 0xFF, 0xE1, 0xE9, 0xF1, 0xE9, 0xCE, 0xA9, 0x9D, 0xA0, 0xC5, 0xE2, 0xED, 0xF4, 0xC6, 0xC8,
    0xC8, 0xB7, 0xDD, 0xCB, 0xC8, 0xC8, 0xBC, 0xD9, 0xD9, 0xFA, 0xF8, 0xFF, 0xF6, 0xFD, 0xFF, 0xFF, 0xFB, 0xFD, 0xE3, 0xE6, 0xBA, 0xC2, 0xB7, 0xE5,
    0x59, 0x43, 0x3E, 0x7C, 0x6D, 0x43, 0xAF, 0x40, 0xF5, 0x30, 0x1B, 0x29, 0x2D, 0x5E, 0x5E, 0x63, 0x74, 0x74, 0xBB, 0xDD, 0xBB, 0xC2, 0x83, 0xB2,
    0x5F, 0x5E, 0x5F, 0x5F, 0x5B, 0x3F, 0x51, 0x5B, 0x5C, 0x71, 0xA2, 0xC2, 0xCB, 0xED, 0xED, 0x66, 0x2F, 0x7A, 0x65, 0xB2, 0xB1, 0x3A, 0x62, 0xE8,
    0xD7, 0x57, 0x79, 0x83, 0xA1, 0xB1, 0xA4, 0xCC, 0x82, 0x76, 0x81, 0x74, 0x72, 0x76, 0x77, 0x7E, 0xB0, 0x5D, 0x55, 0x81, 0x6F, 0x6C, 0xC7, 0xD7,
    0x6C, 0x75, 0x5C, 0xDB, 0xF1, 0xC2, 0xDD, 0xE8, 0xF1, 0xF0, 0xF0, 0xDD, 0xD9, 0xCC, 0xF6, 0xFF, 0xFD, 0x5E, 0x51, 0x74, 0xB4, 0x55, 0xA2, 0xBB,
    0x3F, 0x62, 0x5B, 0x6F, 0xFF, 0xFC, 0xFF, 0xD9, 0x6B, 0x69, 0x6A, 0x40, 0xB4, 0x40, 0x55, 0x34, 0xDA, 0xBC, 0xBC, 0xB8, 0xE3, 0xDC, 0xE5, 0xF2,
    0xFD, 0xF7, 0xF7, 0xFF, 0xF2, 0xEE, 0xFD, 0xD1, 0xD1, 0xCE, 0xC4, 0xA9, 0xF3, 0xD0, 0xA8, 0xC4, 0x9C, 0xD1, 0xA9, 0xCE, 0xE1, 0xE9, 0xAB, 0x96,
    0x94, 0xA6, 0xCD, 0xE5, 0xFA, 0xE9, 0xAB, 0xD4, 0xA9, 0xCD, 0xEA, 0xF3, 0xD4, 0xA9, 0xA7, 0xC4, 0xA9, 0xF9, 0xEC, 0xEA, 0xED, 0xCD, 0xCD, 0xAB,
    0xD2, 0xF3, 0xE9, 0xAA, 0x99, 0xAA, 0x96, 0xAB, 0xAA, 0xAC, 0x8E, 0x90, 0x90, 0x90, 0x90, 0x90, 0x90, 0x8F, 0x97, 0x97, 0x97, 0x97, 0x97, 0x97,
    0x97, 0x97, 0x97, 0x97, 0x97, 0x97, 0x97, 0x97, 0x97, 0x97, 0x97, 0x97, 0x97, 0x97, 0x97, 0x97, 0x98, 0x97, 0x97, 0x97, 0x97, 0x97, 0x97, 0x97,
    0x97, 0x97, 0x97, 0x97, 0x97, 0x97, 0x97, 0x97, 0x97, 0x97, 0x97, 0x93, 0x97, 0x97, 0x97, 0x97, 0x93, 0x93, 0x90, 0x90, 0x90, 0x90, 0x90, 0x90,
    0x90, 0x8F, 0x8F, 0x93, 0x93, 0x8F, 0x90, 0x90, 0x90, 0x8E, 0x93, 0x90, 0x8F, 0x90, 0x99, 0x8E, 0x8E, 0x90, 0x90, 0x90, 0x8E, 0x8E, 0x8E, 0x8E,
    0x8E, 0x8C, 0x8C, 0x8C, 0x8C, 0x8D, 0x8E, 0x8C, 0x8C, 0x99, 0xF1, 0xD4, 0xF7, 0xFF, 0xEE, 0xCD, 0xF7, 0xFA, 0xEE, 0xCE, 0xA9, 0xA6, 0x95, 0x96,
    0xAA, 0xE3, 0xE6, 0xCF, 0xA5, 0xEE, 0xA4, 0xBC, 0xC6, 0xBB, 0xDD, 0xC7, 0xB7, 0xD9, 0xBC, 0xC2, 0xDF, 0xFF, 0xEC, 0xF2, 0xFF, 0xF7, 0xF3, 0xF3,
    0xF6, 0xF4, 0xDB, 0xF1, 0xBA, 0xC2, 0xB2, 0xE6, 0x56, 0x40, 0x43, 0x7D, 0x59, 0x43, 0x88, 0x3E, 0xDA, 0xC2, 0x51, 0x5E, 0x6E, 0xB0, 0xC3, 0xBC,
    0xC7, 0x9E, 0x9F, 0x79, 0x65, 0xA1, 0x51, 0x5B, 0x5C, 0x3D, 0x5B, 0x80, 0x7E, 0xB6, 0xB4, 0xBD, 0xD7, 0xD9, 0xF9, 0xFF, 0xFF, 0xFF, 0xFF, 0xF0,
    0x52, 0x64, 0x51, 0xB2, 0xB1, 0x30, 0x5F, 0xE6, 0xD9, 0x57, 0xA2, 0xA1, 0x83, 0xA1, 0xA1, 0xD9, 0x77, 0x77, 0x72, 0x76, 0x74, 0x6E, 0x6E, 0x75,
    0x72, 0x41, 0x43, 0x72, 0x6F, 0x6C, 0xC7, 0xCA, 0x58, 0x61, 0x41, 0xD6, 0xF4, 0xC2, 0xB6, 0xB6, 0xB1, 0xB6, 0xB6, 0xCA, 0xDD, 0xF0, 0xFF, 0xFF,
    0xFF, 0x5E, 0x5E, 0x5E, 0x71, 0x57, 0x72, 0x75, 0x6E, 0x61, 0x6E, 0x72, 0xFF, 0xFF, 0xFF, 0xD7, 0x6A, 0x69, 0x7E, 0x40, 0xAD, 0x40, 0x58, 0x39,
    0xDA, 0xC7, 0xB8, 0xB8, 0xE3, 0xCF, 0xDE, 0xDE, 0xF3, 0xFF, 0xFF, 0xED, 0xE1, 0xEC, 0xF8, 0xC5, 0xC5, 0xC4, 0xD0, 0xC5, 0xF3, 0xCD, 0xA9, 0xD0,
    0xA0, 0xE1, 0xA9, 0xA7, 0x95, 0x94, 0xAA, 0xD2, 0xAB, 0xAA, 0x96, 0x96, 0xD4, 0xEB, 0xCD, 0xFF, 0xEA, 0xCE, 0xCD, 0xF7, 0xEA, 0xEE, 0xD4, 0xAB,
    0xAB, 0xFD, 0xEC, 0xE9, 0xF4, 0xEB, 0xEB, 0xEA, 0xCD, 0xEB, 0xE9, 0xAA, 0x99, 0xD2, 0x96, 0x96, 0xAA, 0xAC, 0x8D, 0x90, 0x90, 0x8E, 0x8E, 0x8E,
    0x8E, 0x8E, 0x90, 0x90, 0x90, 0x90, 0x90, 0x90, 0x90, 0x90, 0x97, 0x97, 0x93, 0x8F, 0x97, 0x97, 0x97, 0x97, 0x97, 0x97, 0x97, 0x97, 0x97, 0x97,
    0x98, 0x98, 0x97, 0x97, 0x97, 0x97, 0x97, 0x97, 0x97, 0x97, 0x97, 0x97, 0x97, 0x97, 0x97, 0x97, 0x97, 0x97, 0x97, 0x97, 0x97, 0x97, 0x97, 0x97,
    0x97, 0x97, 0x97, 0x97, 0x97, 0x97, 0x93, 0x90, 0x90, 0x8E, 0x90, 0x90, 0x90, 0x90, 0x8E, 0x8E, 0x8C, 0x99, 0xAA, 0x8C, 0x8E, 0x8E, 0x94, 0x8C,
    0x8E, 0x90, 0x8E, 0x8E, 0x90, 0x90, 0x8E, 0x8C, 0x8C, 0x8C, 0x8E, 0x8E, 0x8C, 0x8C, 0x8C, 0x8C, 0x8B, 0x97, 0xF3, 0xD4, 0xFD, 0xFF, 0xEC, 0xA9,
    0xEC, 0xF6, 0xAB, 0x9D, 0xA6, 0xAA, 0xD2, 0xD4, 0xA7, 0x94, 0x94, 0xA1, 0xC6, 0xF6, 0xB7, 0xBC, 0xC6, 0xB7, 0xDB, 0xC6, 0xB7, 0xB7, 0xBB, 0xC2,
    0xC7, 0xFF, 0xE3, 0xDF, 0xE2, 0xF8, 0xFF, 0xF6, 0xDB, 0xD9, 0xC7, 0xE4, 0xB2, 0xB7, 0xB1, 0xE4, 0x6D, 0x56, 0x40, 0x7D, 0x69, 0x56, 0x85, 0x3E,
    0xDA, 0xC6, 0x5E, 0xB7, 0xA5, 0x9E, 0xA3, 0x7A, 0x62, 0x51, 0x51, 0x5B, 0x5E, 0x72, 0x82, 0x88, 0xAE, 0xBD, 0xBD, 0xDA, 0xE8, 0xF4, 0xFA, 0xF4,
    0xED, 0xE6, 0xD6, 0xC9, 0x85, 0xB6, 0xFD, 0xE0, 0x5B, 0x64, 0x51, 0xA4, 0xA1, 0x30, 0x62, 0xE8, 0xDB, 0x60, 0xA1, 0x76, 0x78, 0xA1, 0x83, 0xC7,
    0x72, 0x75, 0x75, 0x75, 0x75, 0x75, 0x6F, 0x75, 0x75, 0x3D, 0x3E, 0x80, 0x75, 0x6F, 0xC9, 0xD7, 0x5D, 0x6E, 0x41, 0xD7, 0xF9, 0xD9, 0xF0, 0xF9,
    0xF5, 0xE6, 0xC3, 0xB6, 0xB1, 0xC2, 0xF4, 0xFF, 0xFD, 0x64, 0x5E, 0x62, 0x7E, 0x57, 0x83, 0x72, 0x6C, 0x6F, 0x6E, 0x6F, 0xFF, 0xF9, 0xFF, 0xD7,
    0x70, 0x56, 0x7E, 0x55, 0xAF, 0x39, 0x55, 0x39, 0xD7, 0xBC, 0xBC, 0xB1, 0xE2, 0xC6, 0xDC, 0xC8, 0xCF, 0xE2, 0xDB, 0xD0, 0xE5, 0xEC, 0xFD, 0xC4,
    0xC5, 0xA5, 0xC5, 0xC4, 0xF1, 0xD1, 0xCD, 0xEB, 0xC4, 0xE1, 0xA9, 0xA9, 0xCD, 0x99, 0x8F, 0x4C, 0x94, 0xAA, 0xAB, 0xAA, 0xD2, 0xED, 0xA9, 0xEC,
    0xE1, 0xFB, 0xD4, 0xF6, 0xCE, 0xE9, 0xF7, 0xFF, 0xD4, 0xFD, 0xEF, 0xE9, 0xF1, 0xE1, 0xD1, 0xEB, 0xF6, 0xFD, 0xE1, 0xAA, 0x97, 0xD4, 0xD2, 0x99,
    0x99, 0xAC, 0x8D, 0x8E, 0x8E, 0x8E, 0x8E, 0x8E, 0x8D, 0x8C, 0x8D, 0x8E, 0x90, 0x90, 0x90, 0x90, 0x90, 0x90, 0x90, 0x90, 0x8F, 0x90, 0x90, 0x90,
    0x8F, 0x93, 0x97, 0x97, 0x97, 0x93, 0x93, 0x97, 0x97, 0x98, 0x98, 0x97, 0x93, 0x90, 0x8F, 0x93, 0x8F, 0x90, 0x97, 0x97, 0x97, 0x97, 0x97, 0x97,
    0x97, 0x97, 0x97, 0x97, 0x97, 0x97, 0x97, 0x97, 0x97, 0x97, 0x97, 0x97, 0x98, 0x97, 0x90, 0x8E, 0x8E, 0x8E, 0x8E, 0x90, 0x90, 0x90, 0x8E, 0x8E,
    0x8D, 0xAA, 0xAC, 0x8D, 0x8E, 0x8E, 0xAA, 0x90, 0x90, 0x90, 0x8E, 0x8E, 0x8C, 0x8C, 0x8C, 0x8C, 0x8C, 0x8C, 0x8C, 0x8C, 0x8C, 0x8C, 0x8C, 0x8C,
    0x48, 0x93, 0xFA, 0xD4, 0xF3, 0xFF, 0xE5, 0xA9, 0xD1, 0xF3, 0xD2, 0xD2, 0xAB, 0x94, 0x4C, 0x4C, 0x4C, 0x99, 0xAB, 0xA5, 0xC8, 0xF1, 0xA4, 0xCF,
    0xE3, 0xBC, 0xF0, 0xBB, 0xB2, 0xB7, 0xB8, 0xBC, 0xCA, 0xFF, 0xE4, 0xDF, 0xCB, 0xED, 0xE3, 0xCB, 0xC7, 0xC6, 0xC7, 0xE4, 0xB2, 0xBC, 0xB7, 0xE5,
    0x6D, 0x56, 0x39, 0x7D, 0x6D, 0x59, 0xAD, 0x40, 0xDA, 0xBB, 0x60, 0xF8, 0x63, 0x30, 0x5B, 0x6E, 0x77, 0x82, 0xBF, 0xCA, 0xC2, 0xE0, 0xE6, 0xE8,
    0xFA, 0xF9, 0xF1, 0xE6, 0xD9, 0xC3, 0xAF, 0x7C, 0x7C, 0x7F, 0x7F, 0xBD, 0x6B, 0x34, 0xF8, 0xE6, 0x5E, 0x74, 0x51, 0xB7, 0x79, 0x30, 0x63, 0xE6,
    0xD9, 0x6C, 0xA1, 0x83, 0x83, 0x83, 0x79, 0xC8, 0x71, 0x6F, 0x72, 0x73, 0x79, 0x83, 0x72, 0x71, 0x77, 0x55, 0x41, 0x75, 0x75, 0x75, 0xD7, 0xD9,
    0x58, 0x6C, 0x41, 0xDA, 0xF4, 0x72, 0xB6, 0xB6, 0xC2, 0xCB, 0xDF, 0xF0, 0xFF, 0xF6, 0xFF, 0xFD, 0xF6, 0x63, 0x5E, 0x61, 0x7E, 0x57, 0x81, 0x72,
    0x75, 0x75, 0x6C, 0x6D, 0xFF, 0xF9, 0xFF, 0xD7, 0x6A, 0x5A, 0x7E, 0x41, 0xAF, 0x40, 0x58, 0x39, 0xDA, 0xBC, 0xB8, 0xB8, 0xDF, 0xC6, 0xC8, 0xBC,
    0xB8, 0xC6, 0xC6, 0xDE, 0xE5, 0xEB, 0xFC, 0xB9, 0xB9, 0xA5, 0xA5, 0xA8, 0xEE, 0xCE, 0xCD, 0xAC, 0x99, 0xE2, 0xA6, 0x93, 0xAB, 0x91, 0x8D, 0x91,
    0x91, 0x90, 0x8F, 0xD2, 0xE1, 0xF2, 0xC4, 0xE1, 0xCE, 0xEB, 0xCD, 0xF1, 0xCE, 0xD4, 0xD4, 0xEE, 0xD2, 0xF7, 0xEB, 0xE9, 0xE5, 0xA7, 0xA6, 0xA7,
    0xAB, 0xEA, 0xEB, 0xAA, 0x97, 0xD2, 0xAA, 0xAB, 0xAA, 0xAC, 0x8E, 0x8E, 0x8E, 0x8E, 0x8D, 0x8E, 0x8E, 0x8E, 0x8E, 0x8E, 0x8E, 0x8E, 0x8E, 0x90,
    0x90, 0x90, 0x90, 0x90, 0x90, 0x90, 0x90, 0x90, 0x90, 0x90, 0x90, 0x90, 0x90, 0x90, 0x90, 0x90, 0x90, 0x90, 0x90, 0x90, 0x8F, 0x90, 0x90, 0x90,
    0x90, 0x90, 0x8F, 0x90, 0x90, 0x90, 0x90, 0x8F, 0x90, 0x90, 0x90, 0x90, 0x90, 0x90, 0x90, 0x90, 0x90, 0x8E, 0x90, 0x90, 0x90, 0x90, 0x90, 0x90,
    0x8E, 0x90, 0x8E, 0x90, 0x8E, 0x8E, 0x8E, 0x8E, 0x99, 0xA6, 0xD2, 0x96, 0x4C, 0x4C, 0xCE, 0xC4, 0x95, 0xA6, 0xA9, 0xA6, 0x4A, 0x8E, 0x93, 0x8C,
    0x48, 0x8B, 0x8C, 0x8C, 0x8C, 0x8B, 0x8B, 0x8B, 0x46, 0x93, 0xF9, 0xD2, 0xF3, 0xFF, 0xE5, 0xCD, 0xF7, 0xCE, 0xC4, 0xD3, 0x93, 0x4A, 0x8D, 0x8D,
    0x8D, 0x90, 0xAC, 0x9D, 0x9F, 0xEE, 0xA5, 0xDF, 0xCC, 0xB7, 0xFF, 0xC2, 0xB7, 0xB7, 0xB7, 0xB2, 0xC2, 0xFF, 0xDF, 0xDD, 0xD9, 0xCA, 0xBC, 0xBC,
    0xC2, 0xCC, 0xC7, 0xDF, 0xB2, 0xC2, 0xB7, 0xE6, 0x6A, 0x43, 0x40, 0x7D, 0x69, 0x56, 0xAD, 0x3E, 0xDD, 0xBB, 0x61, 0x83, 0x64, 0x5E, 0xBB, 0xE8,
    0xFD, 0xF7, 0xFB, 0xFF, 0xFF, 0xE6, 0xDD, 0xD9, 0xBD, 0xB6, 0xAD, 0x85, 0xAD, 0xB6, 0xC9, 0xE0, 0xF0, 0xF5, 0xDD, 0xE0, 0xB3, 0x34, 0xF3, 0xE4,
    0x5E, 0x64, 0x51, 0xB1, 0x83, 0x3A, 0x5F, 0xE8, 0xDB, 0x60, 0x83, 0x79, 0x76, 0x79, 0x79, 0xC7, 0x6E, 0x75, 0x75, 0x76, 0x80, 0x83, 0x77, 0x77,
    0x77, 0x41, 0x55, 0x77, 0x71, 0x6F, 0xC7, 0xDD, 0x61, 0x6C, 0x57, 0xDA, 0xFF, 0xF8, 0xF0, 0xE0, 0xD9, 0xCA, 0xC3, 0xB6, 0xB6, 0xB6, 0xE6, 0xFF,
    0xF7, 0x5E, 0x5B, 0x6E, 0x88, 0x5B, 0x74, 0x6E, 0xAE, 0x81, 0x6E, 0x6B, 0xFF, 0xFF, 0xFF, 0xDA, 0x6A, 0x59, 0x71, 0x40, 0xB6, 0x58, 0x5D, 0x39,
    0xDA, 0xBC, 0xBC, 0xB7, 0xE3, 0xC6, 0xC8, 0xC8, 0xB9, 0xB9, 0xC5, 0xC6, 0xEA, 0xEC, 0xF4, 0xA4, 0xA5, 0xA5, 0xA8, 0xA5, 0xF1, 0xCD, 0xCE, 0xE9,
    0x94, 0xE9, 0xA6, 0x8F, 0x9A, 0x13, 0x04, 0x0C, 0x21, 0x91, 0x99, 0xD2, 0x96, 0xA7, 0xC5, 0xE9, 0xCE, 0xEC, 0xCD, 0xEE, 0xD1, 0xD1, 0xE1, 0xEA,
    0xD2, 0xF3, 0xEC, 0xE9, 0xFF, 0xEA, 0xEA, 0xE9, 0xD4, 0xEB, 0xEA, 0xAB, 0x97, 0xA7, 0x96, 0xCD, 0xAC, 0xAC, 0x8C, 0x8E, 0x8D, 0x8D, 0x8C, 0x8D,
    0x8C, 0x8C, 0x8C, 0x8C, 0x8B, 0x8C, 0x8C, 0x8D, 0x8C, 0x8E, 0x8E, 0x8E, 0x8E, 0x90, 0x90, 0x90, 0x90, 0x90, 0x90, 0x90, 0x90, 0x90, 0x90, 0x90,
    0x90, 0x90, 0x90, 0x90, 0x90, 0x90, 0x90, 0x90, 0x90, 0x90, 0x90, 0x90, 0x90, 0x90, 0x8E, 0x8E, 0x8E, 0x8E, 0x8E, 0x8E, 0x8E, 0x8E, 0x8E, 0x8E,
    0x8E, 0x8E, 0x90, 0x90, 0x90, 0x90, 0x90, 0x90, 0x8E, 0x8E, 0x8E, 0x8E, 0x8C, 0x8F, 0x96, 0x94, 0x95, 0x95, 0xCD, 0x9D, 0x50, 0x95, 0xD4, 0xC4,
    0x54, 0xA7, 0xA7, 0xCD, 0x67, 0xA7, 0xA9, 0x92, 0x93, 0x8C, 0x48, 0x8B, 0x8B, 0x8B, 0x8B, 0x48, 0x8A, 0x93, 0xF9, 0xD2, 0xEF, 0xF7, 0xF7, 0xE1,
    0xA7, 0x54, 0x92, 0xD3, 0x99, 0x8D, 0x23, 0x0D, 0x04, 0x17, 0x9A, 0x95, 0x9F, 0xF6, 0xA5, 0xF3, 0xB9, 0x9E, 0xF8, 0xC7, 0xB7, 0xBC, 0xB7, 0xB7,
    0xC2, 0xFF, 0xE8, 0xDD, 0xBB, 0xC6, 0xC2, 0xC2, 0xBC, 0xBB, 0xBB, 0xE3, 0xB7, 0xC6, 0xBB, 0xE5, 0x56, 0x43, 0x43, 0x7D, 0x5D, 0x59, 0xAD, 0x43,
    0xDA, 0xC7, 0x5B, 0x74, 0x64, 0xC6, 0xFF, 0xE4, 0xC7, 0xE4, 0xC1, 0xC3, 0xBD, 0xB0, 0xB6, 0xC7, 0xCF, 0xDB, 0xE6, 0xD8, 0xB5, 0x86, 0x43, 0x2C,
    0x1D, 0x1D, 0x1C, 0x2C, 0xBF, 0x39, 0xF0, 0xE5, 0x51, 0x73, 0x51, 0xA4, 0x81, 0x3A, 0x62, 0xE6, 0xDB, 0x60, 0x83, 0x77, 0x79, 0x79, 0xA1, 0xC7,
    0x72, 0x75, 0x76, 0x74, 0x77, 0x79, 0x79, 0x72, 0xA2, 0x58, 0x40, 0x77, 0x6E, 0x75, 0xCB, 0xDD, 0x5D, 0x72, 0x5D, 0xE4, 0xF0, 0x80, 0xB6, 0xC3,
    0xD8, 0xE6, 0xF4, 0xF0, 0xE8, 0xE8, 0xE8, 0xFD, 0xF9, 0x5E, 0x5B, 0x60, 0x82, 0x5C, 0x74, 0x62, 0xB0, 0xA2, 0x60, 0x6E, 0xFF, 0xF8, 0xFF, 0xD7,
    0x69, 0x56, 0x6A, 0x39, 0xAF, 0x43, 0x5D, 0x39, 0xDD, 0xBC, 0xBC, 0xB2, 0xDF, 0xBC, 0xC6, 0xC5, 0xC8, 0xB8, 0xB9, 0xB9, 0xE5, 0xEC, 0xF6, 0xA4,
    0xA5, 0xA8, 0xA8, 0xA5, 0xF1, 0xC4, 0xA7, 0xFF, 0xAA, 0xE9, 0xAB, 0x99, 0x98, 0x21, 0x06, 0x00, 0x00, 0x13, 0x91, 0xCE, 0x95, 0x54, 0xD1, 0xE1,
    0xCE, 0xE1, 0xAB, 0xF7, 0xC4, 0xD0, 0xD1, 0xD4, 0xD1, 0xF7, 0xEC, 0xE9, 0xEE, 0xCE, 0xCE, 0xE5, 0xE5, 0xEE, 0xEA, 0xAA, 0x97, 0xA6, 0x94, 0xAB,
    0xAA, 0x9A, 0x8B, 0x8C, 0x8C, 0x8B, 0x8B, 0x8C, 0x8E, 0x8E, 0x8E, 0x8C, 0x8C, 0x8B, 0x8C, 0x8C, 0x8B, 0x8B, 0x8B, 0x8C, 0x8B, 0x8C, 0x8C, 0x8D,
    0x8E, 0x8E, 0x8E, 0x8E, 0x90, 0x90, 0x90, 0x90, 0x90, 0x90, 0x90, 0x90, 0x90, 0x90, 0x90, 0x90, 0x90, 0x90, 0x90, 0x8E, 0x8E, 0x8E, 0x8E, 0x8E,
    0x8D, 0x8C, 0x8D, 0x8D, 0x8D, 0x8E, 0x8E, 0x8E, 0x8E, 0x8E, 0x8E, 0x8E, 0x8E, 0x8E, 0x8E, 0x8E, 0x8E, 0x8D, 0x8C, 0x8E, 0x99, 0x95, 0xA6, 0xCD,
    0x54, 0x95, 0xCD, 0xA7, 0x96, 0x94, 0xAB, 0xA7, 0x9D, 0xCD, 0xCD, 0xCD, 0xA7, 0xA7, 0xA7, 0xA7, 0xA9, 0xA6, 0x8C, 0x8A, 0x48, 0x46, 0x45, 0x46,
    0x45, 0x97, 0xEB, 0xD2, 0xF3, 0xFF, 0xE3, 0x9D, 0x9D, 0xA7, 0x99, 0xD4, 0x8D, 0x13, 0x00, 0x00, 0x06, 0x24, 0x99, 0x95, 0xA5, 0xFC, 0xC5, 0xF9,
    0xA5, 0x7A, 0xF4, 0xBB, 0xB7, 0xB7, 0xB7, 0xB2, 0xC2, 0xFF, 0xE3, 0xDB, 0xC2, 0xC8, 0xC7, 0xBC, 0xBB, 0xC6, 0xBB, 0xDF, 0xB1, 0xBB, 0xB7, 0xE6,
    0x43, 0x43, 0x40, 0x7C, 0x59, 0x56, 0xAD, 0x43, 0xDD, 0xBC, 0x3F, 0x76, 0x5E, 0xEE, 0xF4, 0x2D, 0x83, 0xE4, 0xD7, 0xE3, 0xDB, 0xC3, 0xB6, 0x69,
    0x35, 0x35, 0x1C, 0x1C, 0x0F, 0x0F, 0x1C, 0x1C, 0x1D, 0x2C, 0x35, 0x86, 0xC3, 0x40, 0xF0, 0xE6, 0x41, 0x5F, 0x3F, 0xB1, 0x77, 0x30, 0x74, 0xF4,
    0xD7, 0x5F, 0x83, 0x79, 0x76, 0x76, 0x79, 0xC7, 0x72, 0x72, 0x76, 0x76, 0x76, 0x76, 0x77, 0x72, 0xB6, 0x70, 0x5D, 0xAE, 0x77, 0x75, 0xDB, 0xE0,
    0x6E, 0x72, 0x60, 0xE0, 0xF9, 0xDD, 0xDA, 0xB6, 0xB3, 0xAD, 0x80, 0x86, 0xB3, 0xC3, 0xF8, 0xFD, 0xF9, 0x62, 0x5B, 0x62, 0x82, 0x61, 0x79, 0x62,
    0xB0, 0x83, 0x63, 0x71, 0xFF, 0xF8, 0xFF, 0xD7, 0x5A, 0x43, 0x70, 0x38, 0xB6, 0x7C, 0x6F, 0x69, 0xE6, 0xBC, 0xBC, 0xB2, 0xED, 0xE2, 0xCF, 0xBC,
    0xC8, 0xB1, 0xA3, 0xD0, 0xE2, 0xEC, 0xFC, 0xA5, 0xA5, 0xA5, 0xA5, 0xA5, 0xED, 0xCE, 0x95, 0xA9, 0xCD, 0xE9, 0xEB, 0xD3, 0xAA, 0x8B, 0x8A, 0x46,
    0x14, 0x21, 0x8E, 0xD2, 0x95, 0x9C, 0xE1, 0xE1, 0xC4, 0xE1, 0xAB, 0xF6, 0xC4, 0xC4, 0xC5, 0xD1, 0xD2, 0xF3, 0xEF, 0xE9, 0xEB, 0xAB, 0xCD, 0xC4,
    0xA9, 0xE1, 0xEA, 0x99, 0x90, 0xAB, 0x99, 0xD4, 0xA6, 0x9A, 0x8B, 0x8C, 0x8C, 0x8C, 0x8B, 0x8B, 0x8C, 0x8C, 0x8C, 0x8E, 0x8E, 0x8E, 0x8E, 0x8E,
    0x8E, 0x8E, 0x8E, 0x8C, 0x8C, 0x8B, 0x8B, 0x8B, 0x8B, 0x8B, 0x8B, 0x8C, 0x8D, 0x8D, 0x8E, 0x8E, 0x8E, 0x8E, 0x90, 0x90, 0x90, 0x90, 0x90, 0x90,
    0x8E, 0x8E, 0x8E, 0x90, 0x90, 0x90, 0x90, 0x90, 0x90, 0x8E, 0x8E, 0x90, 0x8E, 0x8E, 0x8E, 0x8E, 0x8E, 0x8E, 0x8E, 0x8E, 0x8E, 0x8D, 0x8D, 0x8C,
    0x8C, 0x8C, 0x8B, 0x99, 0xC4, 0xA6, 0xD2, 0xD2, 0xA6, 0x96, 0xAB, 0xAB, 0x96, 0x92, 0xAA, 0xAB, 0xA6, 0xAB, 0xD4, 0xCE, 0xCD, 0xD2, 0xAB, 0xCD,
    0xA9, 0xD1, 0x93, 0x45, 0x45, 0x45, 0x46, 0x46, 0x45, 0x99, 0xE1, 0xD4, 0xE1, 0xF3, 0xE1, 0xA0, 0xC4, 0xA6, 0x93, 0xD3, 0x8E, 0x23, 0x17, 0x8A,
    0x8D, 0x90, 0xAC, 0xCE, 0xEA, 0xEA, 0xC5, 0xBC, 0x9E, 0xA4, 0xED, 0xC2, 0xB7, 0xB7, 0xB7, 0xB7, 0xBF, 0xFF, 0xDF, 0xDF, 0xC8, 0xB2, 0xB7, 0xB7,
    0xC2, 0xD9, 0xDB, 0xF0, 0xB2, 0xC6, 0xB7, 0xE4, 0x70, 0x55, 0x40, 0x85, 0x59, 0x59, 0xB6, 0x43, 0xDA, 0xBC, 0x3F, 0x76, 0x5E, 0xED, 0xEE, 0x5E,
    0xF8, 0xB6, 0x35, 0x2C, 0x1D, 0x1C, 0x1C, 0x1C, 0x1C, 0x1D, 0x2C, 0x35, 0x44, 0x6D, 0xB3, 0xC3, 0xD6, 0xB6, 0x86, 0x86, 0xC3, 0x7C, 0xF4, 0xE3,
    0x3D, 0x5E, 0x3F, 0xB2, 0xB0, 0x41, 0x83, 0xF5, 0xD9, 0x6E, 0xA2, 0x83, 0x83, 0x79, 0x83, 0xC7, 0x75, 0x77, 0x77, 0x81, 0x81, 0x79, 0x79, 0x72,
    0xBA, 0x6F, 0x5D, 0xB1, 0x76, 0x6E, 0xCF, 0xE0, 0x6F, 0x6F, 0x5D, 0xDB, 0xF8, 0xDA, 0xE0, 0xE8, 0xF4, 0xF7, 0xF0, 0xE8, 0xD8, 0xD6, 0xF0, 0xFF,
    0xF9, 0x62, 0x5B, 0x5B, 0x72, 0x5C, 0x77, 0xB0, 0xBB, 0x77, 0x61, 0x6F, 0xFF, 0xFF, 0xFF, 0xD7, 0x69, 0x69, 0x7D, 0x69, 0xAF, 0x69, 0x6B, 0x40,
    0xE6, 0xBC, 0xB8, 0xBC, 0xB9, 0xCF, 0xE9, 0xED, 0xE5, 0xD0, 0xC8, 0xE5, 0xEB, 0xEE, 0xF8, 0xA5, 0xA5, 0xA5, 0xA8, 0xA5, 0xEC, 0xC5, 0x9F, 0xA0,
    0xA8, 0x94, 0x94, 0x99, 0x99, 0x99, 0x8F, 0x8C, 0x8D, 0x9A, 0xAA, 0xD2, 0x67, 0x9F, 0xE2, 0xDE, 0xC4, 0xE1, 0xAB, 0xF1, 0xC5, 0xC5, 0xB9, 0xDE,
    0xCE, 0xF7, 0xEF, 0xE9, 0xEC, 0xD1, 0xE5, 0xEB, 0xE2, 0xEC, 0xE9, 0x96, 0x97, 0xFF, 0xCD, 0xAB, 0xAA, 0xAA, 0x8C, 0x8C, 0x8C, 0x8C, 0x8E, 0x8D,
    0x8C, 0x8C, 0x8C, 0x8C, 0x8C, 0x8D, 0x8C, 0x8E, 0x8C, 0x8C, 0x8E, 0x8E, 0x8E, 0x8C, 0x8C, 0x8C, 0x8C, 0x8C, 0x8C, 0x8C, 0x8D, 0x8E, 0x8E, 0x8E,
    0x8D, 0x8E, 0x8C, 0x8C, 0x8E, 0x8E, 0x8E, 0x8E, 0x8C, 0x8C, 0x8C, 0x8C, 0x8D, 0x8C, 0x8C, 0x8E, 0x8C, 0x8E, 0x8E, 0x8E, 0x8E, 0x8E, 0x8E, 0x8C,
    0x8C, 0x8D, 0x8D, 0x8C, 0x8C, 0x8C, 0x8C, 0x8C, 0x8B, 0x8B, 0x8B, 0xAC, 0xCD, 0x99, 0x96, 0xA6, 0x92, 0xAA, 0xD2, 0xAA, 0x98, 0x98, 0x99, 0xCD,
    0x94, 0x50, 0xAB, 0xD4, 0xA6, 0x96, 0x96, 0x96, 0xAA, 0xCE, 0x8F, 0x21, 0x45, 0x45, 0x45, 0x45, 0x21, 0x93, 0xEA, 0xD4, 0xAB, 0xEE, 0xEA, 0xA7,
    0xA9, 0x9D, 0x93, 0xD4, 0xAA, 0x9A, 0x91, 0x8E, 0x93, 0x99, 0xAA, 0x99, 0xA6, 0x95, 0xB9, 0xA3, 0xB1, 0xB7, 0xED, 0xBC, 0xB8, 0xB2, 0xB7, 0xB7,
    0xBF, 0xFF, 0xE0, 0xF0, 0xCF, 0xD7, 0xDA, 0xE4, 0xDF, 0xDF, 0xDB, 0xB1, 0xA4, 0xBC, 0xB2, 0xE3, 0x69, 0x41, 0x3E, 0x7D, 0x59, 0x59, 0xBD, 0x59,
    0xDA, 0xC2, 0x3F, 0x76, 0x5E, 0xE6, 0xEB, 0x63, 0xF0, 0x86, 0x1D, 0x2B, 0x35, 0x59, 0x6D, 0x86, 0xC3, 0xC3, 0xBD, 0x86, 0x7C, 0x7C, 0x6B, 0x43,
    0x69, 0x86, 0x86, 0xB5, 0xD5, 0xAD, 0xFE, 0xDF, 0x5E, 0x7A, 0x62, 0xBC, 0xC2, 0x6E, 0xAD, 0xF9, 0xD7, 0x6E, 0x82, 0x81, 0x79, 0x79, 0x81, 0xBB,
    0x75, 0x75, 0x75, 0x74, 0x77, 0x79, 0x81, 0x75, 0xD9, 0x6A, 0x5C, 0xA2, 0x6E, 0x6E, 0xCB, 0xE0, 0x6F, 0x75, 0x5B, 0xDB, 0xF0, 0x86, 0xB3, 0xAD,
    0x86, 0x86, 0x86, 0xB6, 0xC3, 0xDA, 0xF6, 0xFD, 0xFF, 0x63, 0x5D, 0x6E, 0x82, 0x5C, 0x74, 0xE6, 0xD9, 0x72, 0x60, 0x6F, 0xFF, 0xFD, 0xFF, 0xD7,
    0x6A, 0x59, 0x69, 0x5A, 0x85, 0x39, 0x5D, 0x41, 0xDA, 0xBC, 0xB1, 0xC6, 0x9F, 0x7A, 0x95, 0xA7, 0x9D, 0xA5, 0xCE, 0xE3, 0xF1, 0xFF, 0xFC, 0xB8,
    0xB9, 0xB9, 0xB9, 0xA5, 0xEE, 0xC5, 0x9F, 0x9F, 0xE2, 0xA9, 0x9D, 0x92, 0x4A, 0x8F, 0x4A, 0x8E, 0x8F, 0xAC, 0xD3, 0xD4, 0x67, 0xA0, 0xE2, 0xD1,
    0xC4, 0xD4, 0xAB, 0xED, 0xB9, 0xC5, 0xA8, 0xD0, 0xC5, 0xF3, 0xEB, 0xEA, 0xE2, 0xA9, 0xC5, 0xCE, 0xCE, 0xE5, 0xE5, 0x96, 0x93, 0xD2, 0xE9, 0xEA,
    0xAB, 0xAC, 0x8B, 0x8B, 0x8B, 0x8B, 0x8C, 0x8C, 0x8C, 0x8C, 0x8C, 0x8C, 0x8C, 0x8C, 0x8B, 0x8B, 0x8B, 0x8B, 0x8B, 0x8C, 0x8B, 0x8B, 0x8C, 0x8C,
    0x8C, 0x8D, 0x8E, 0x8E, 0x8E, 0x8E, 0x8C, 0x8C, 0x8C, 0x8C, 0x8C, 0x8C, 0x8C, 0x8C, 0x8B, 0x8B, 0x8B, 0x8B, 0x8C, 0x8C, 0x8C, 0x8C, 0x8C, 0x8C,
    0x8C, 0x8C, 0x8C, 0x8C, 0x8C, 0x8C, 0x8C, 0x8C, 0x8C, 0x8C, 0x8C, 0x8C, 0x8C, 0x8C, 0x8B, 0x8B, 0x8B, 0x48, 0x8C, 0x99, 0x99, 0x4F, 0x96, 0xA7,
    0x4F, 0xAA, 0xAC, 0x8C, 0x14, 0x1A, 0x90, 0xAA, 0x94, 0x94, 0xAB, 0xD4, 0xA7, 0xA7, 0xA7, 0x95, 0x95, 0x95, 0x94, 0x8C, 0x21, 0x21, 0x21, 0x21,
    0x21, 0x94, 0xE9, 0xE9, 0xA9, 0xF3, 0xE9, 0x9D, 0xA7, 0x9D, 0x99, 0xFF, 0xE9, 0x99, 0x8E, 0x8F, 0x8F, 0x4C, 0x4F, 0x50, 0x9F, 0x9B, 0xC8, 0xB1,
    0xA4, 0xA5, 0xF1, 0xC2, 0xBB, 0xBC, 0xB7, 0xB7, 0xBB, 0xFF, 0xF9, 0xF4, 0xCC, 0xC6, 0xB7, 0x67, 0x64, 0x52, 0x63, 0xA1, 0xBB, 0xB2, 0xB1, 0xE4,
    0x69, 0x40, 0x40, 0x7F, 0x69, 0x69, 0xAF, 0x58, 0xDD, 0xCC, 0x3F, 0x6E, 0x5E, 0xE6, 0xEC, 0x78, 0xF8, 0xB6, 0xBD, 0xBE, 0xC3, 0xB5, 0x7C, 0x7C,
    0x69, 0x69, 0x6D, 0x6D, 0x86, 0x86, 0x86, 0xD5, 0xE7, 0xD5, 0xD5, 0xC3, 0xC3, 0x85, 0xF4, 0xE3, 0x51, 0x73, 0x5E, 0xB7, 0x6E, 0x2D, 0x61, 0xF1,
    0xCA, 0x5C, 0x82, 0x77, 0x77, 0x79, 0x77, 0xB6, 0x70, 0xBA, 0x77, 0x80, 0x77, 0x77, 0x76, 0x81, 0xC2, 0x58, 0x41, 0x83, 0x72, 0x61, 0xCA, 0xE0,
    0x6C, 0x71, 0x55, 0xD9, 0xFF, 0xFF, 0xF5, 0xE8, 0xE0, 0xDD, 0xD5, 0xB6, 0xB6, 0x86, 0xDF, 0xFF, 0xF4, 0x73, 0x5C, 0x6E, 0x88, 0x5D, 0xA2, 0xCA,
    0xC2, 0x72, 0x61, 0x6B, 0xFF, 0xFF, 0xFF, 0xD6, 0x6A, 0x59, 0x6D, 0x39, 0x88, 0x40, 0x5D, 0x43, 0xDA, 0xC6, 0xB2, 0xC5, 0xDC, 0xB9, 0xC5, 0xA8,
    0xA0, 0x9B, 0x53, 0x9B, 0x66, 0xD1, 0xFF, 0xCF, 0xB8, 0xB9, 0xB9, 0xA5, 0xED, 0xC5, 0x9F, 0x9F, 0xB9, 0xA8, 0xA5, 0xB9, 0xB9, 0x95, 0x4F, 0x4C,
    0x49, 0x8F, 0x8F, 0xCD, 0xA0, 0x9B, 0xE2, 0xE1, 0xCE, 0xD4, 0xAB, 0xF1, 0xB9, 0xC5, 0xC4, 0xCF, 0xCE, 0xF6, 0xEC, 0xEA, 0xEC, 0xD4, 0xCE, 0xCD,
    0xCE, 0xEB, 0xEC, 0x96, 0x8F, 0xAA, 0x93, 0x9A, 0xE9, 0xAC, 0x48, 0x8B, 0x8B, 0x8B, 0x8B, 0x8B, 0x48, 0x48, 0x48, 0x48, 0x8B, 0x8B, 0x8B, 0x48,
    0x48, 0x48, 0x48, 0x48, 0x48, 0x48, 0x48, 0x8B, 0x8C, 0x8C, 0x8C, 0x8C, 0x8C, 0x8C, 0x8C, 0x8C, 0x8C, 0x8E, 0x8C, 0x8D, 0x8C, 0x8C, 0x8C, 0x8C,
    0x8C, 0x8C, 0x8C, 0x8C, 0x8C, 0x8C, 0x8C, 0x8C, 0x8C, 0x8C, 0x8C, 0x8C, 0x8C, 0x8B, 0x8B, 0x48, 0x48, 0x48, 0x8B, 0x8B, 0x8B, 0x8B, 0x48, 0x48,
    0x48, 0x48, 0x94, 0x96, 0xA6, 0x94, 0xAA, 0xAB, 0x8F, 0x99, 0x98, 0x46, 0x08, 0x0D, 0x8B, 0x9A, 0x93, 0x95, 0xCD, 0xD4, 0xA7, 0xAB, 0xCE, 0xC4,
    0xA9, 0xA6, 0xA9, 0xA9, 0x21, 0x21, 0x21, 0x21, 0x21, 0x99, 0xE1, 0xE1, 0xA7, 0xF3, 0xE9, 0x95, 0xA7, 0xA7, 0xAB, 0xAC, 0x8F, 0x8F, 0x4A, 0x94,
    0x54, 0x9D, 0xB8, 0xB8, 0xB9, 0x9E, 0xC6, 0xA4, 0xB7, 0xB8, 0xFD, 0xC7, 0xBC, 0xCC, 0xB2, 0xB1, 0xCA, 0xFF, 0xD9, 0x52, 0x51, 0x51, 0x65, 0x64,
    0x83, 0xB1, 0xB2, 0xCC, 0xC2, 0xB2, 0xB1, 0xE4, 0x59, 0x43, 0x41, 0x7D, 0x69, 0x59, 0xB4, 0x5D, 0xE0, 0xC6, 0x3F, 0x62, 0x5B, 0xE6, 0xE5, 0x79,
    0xF4, 0xC0, 0x86, 0x86, 0x86, 0xB5, 0xC3, 0xD8, 0xE4, 0xE4, 0xED, 0xDF, 0xDB, 0xD5, 0xD8, 0x35, 0x1C, 0xD7, 0x0F, 0x1C, 0xD1, 0x7C, 0xF8, 0xE3,
    0x3F, 0x63, 0x51, 0xB7, 0x75, 0x3F, 0x77, 0xF1, 0xCA, 0x5B, 0x76, 0x72, 0x72, 0x77, 0x81, 0xC2, 0x7E, 0xD6, 0xAF, 0x75, 0x80, 0x80, 0x72, 0x81,
    0xB6, 0x3E, 0x61, 0x72, 0x6E, 0x60, 0xCB, 0xDD, 0x6E, 0x77, 0x60, 0xDD, 0xF5, 0xB6, 0x86, 0x86, 0xB6, 0xD5, 0xDA, 0xDD, 0xE7, 0xF9, 0xF8, 0xFF,
    0xFD, 0x6E, 0x55, 0x6B, 0xAE, 0x6E, 0x77, 0x5C, 0x81, 0x75, 0x60, 0x5D, 0xFF, 0xFD, 0xFF, 0xD7, 0x6A, 0x59, 0x70, 0x6D, 0x89, 0x40, 0x6B, 0x43,
    0xDD, 0xBC, 0xA3, 0xC5, 0xCF, 0xB9, 0xC5, 0xC5, 0xC6, 0xC6, 0xA5, 0xA5, 0x9C, 0xA8, 0xFF, 0xDC, 0xA5, 0xB9, 0xB9, 0xA5, 0xEE, 0xC5, 0x9F, 0xA0,
    0x9F, 0xA0, 0x9D, 0x9C, 0x9D, 0x9D, 0xA7, 0x9D, 0x95, 0x95, 0x4A, 0xAB, 0xB9, 0x9B, 0xDE, 0xD1, 0xC4, 0xD1, 0xA7, 0xF3, 0xB9, 0xC5, 0xA8, 0xCF,
    0xC5, 0xF6, 0xEA, 0xE9, 0xEB, 0xA7, 0xA7, 0xA7, 0xA9, 0xE9, 0xED, 0x96, 0x90, 0xA6, 0x94, 0x93, 0x97, 0xAA, 0x48, 0x8C, 0x8C, 0x8C, 0x8C, 0x8B,
    0x8B, 0x8B, 0x8B, 0x48, 0x48, 0x48, 0x48, 0x48, 0x48, 0x8B, 0x8B, 0x8B, 0x8B, 0x8B, 0x8B, 0x8B, 0x8C, 0x8B, 0x8B, 0x8B, 0x8B, 0x8B, 0x8B, 0x8B,
    0x8C, 0x8B, 0x8B, 0x8B, 0x8C, 0x8C, 0x8C, 0x8B, 0x8B, 0x8B, 0x8C, 0x8C, 0x8C, 0x8C, 0x8C, 0x8C, 0x8C, 0x8C, 0x8B, 0x8B, 0x8B, 0x8B, 0x8B, 0x8B,
    0x8B, 0x48, 0x48, 0x48, 0x48, 0x48, 0x48, 0x48, 0x46, 0x8F, 0x96, 0xA6, 0xCD, 0x96, 0xAA, 0xCD, 0x92, 0xAA, 0xAC, 0x93, 0x91, 0x91, 0x93, 0xAC,
    0x99, 0x96, 0xCD, 0xD2, 0xA7, 0xA7, 0xCD, 0xCD, 0xD2, 0xD2, 0xD2, 0xAA, 0x21, 0x20, 0x20, 0x20, 0x21, 0x99, 0xD4, 0xE9, 0xA9, 0xF3, 0xE9, 0x95,
    0xA7, 0x9D, 0xAB, 0x99, 0x4F, 0xA8, 0xA8, 0xA5, 0xA8, 0xA9, 0xA9, 0xA0, 0xA0, 0xA4, 0xC7, 0xA4, 0xA4, 0xB8, 0xFF, 0xC2, 0xB8, 0xC6, 0xB7, 0xA2,
    0xDB, 0xFF, 0x81, 0x79, 0xB7, 0xB7, 0xB7, 0xC6, 0xBC, 0xB7, 0xA4, 0xC2, 0xBB, 0xB1, 0xB2, 0xE4, 0x69, 0x55, 0x40, 0x7D, 0x59, 0x59, 0xAF, 0x5A,
    0xE8, 0xC6, 0x3F, 0x64, 0x5F, 0xF0, 0xEC, 0x77, 0xF0, 0xDA, 0xE5, 0xE3, 0xC3, 0x86, 0x86, 0x86, 0x86, 0xD5, 0x86, 0x86, 0xBD, 0xB5, 0xC3, 0x35,
    0x1F, 0xD7, 0x35, 0x44, 0xC3, 0x85, 0xF8, 0xE3, 0x51, 0x74, 0x51, 0xB7, 0x6C, 0x3A, 0x74, 0xF1, 0xCB, 0x5B, 0x76, 0x74, 0x77, 0x81, 0xB2, 0xDB,
    0xA2, 0xBF, 0x6F, 0x72, 0x72, 0x72, 0x75, 0xA2, 0x88, 0x41, 0x72, 0x77, 0x6E, 0x61, 0xCA, 0xE0, 0x6E, 0x6F, 0x5B, 0xD7, 0xF0, 0x6B, 0x35, 0x35,
    0x44, 0x69, 0x6B, 0x6B, 0x86, 0xD5, 0xE8, 0xFF, 0xF1, 0x75, 0x41, 0x6B, 0xB4, 0x61, 0x75, 0x5C, 0x82, 0x6E, 0x5C, 0x57, 0xFF, 0xF9, 0xFF, 0xD7,
    0x6B, 0x43, 0x70, 0x7C, 0xAD, 0x40, 0x5D, 0x40, 0xDD, 0xBC, 0xA4, 0xBC, 0xD0, 0xA5, 0xC5, 0xC6, 0xC8, 0xC8, 0xC4, 0xC6, 0xA0, 0xA9, 0xFF, 0xDB,
    0xB8, 0xB9, 0xB9, 0xA5, 0xEE, 0xB9, 0x9F, 0xA0, 0xA0, 0x9F, 0x9C, 0x9F, 0x9C, 0x9D, 0x95, 0x95, 0x95, 0x9C, 0x8F, 0xAB, 0xB9, 0x9B, 0xDB, 0xDE,
    0xC5, 0xD1, 0xAB, 0xEE, 0xA5, 0xA5, 0x9F, 0xC5, 0xC5, 0xF3, 0xEA, 0xE9, 0xF6, 0xE1, 0xE1, 0xE1, 0xD0, 0xEC, 0xE5, 0xA6, 0x8F, 0xA7, 0x96, 0xA6,
    0xA6, 0x99, 0x45, 0x48, 0x48, 0x48, 0x8B, 0x8B, 0x8B, 0x8B, 0x8B, 0x8B, 0x8B, 0x8B, 0x8B, 0x8B, 0x8B, 0x8B, 0x8B, 0x8C, 0x8B, 0x8B, 0x8B, 0x8B,
    0x8B, 0x8B, 0x8B, 0x8B, 0x8B, 0x48, 0x48, 0x48, 0x48, 0x48, 0x48, 0x46, 0x48, 0x8B, 0x8B, 0x8B, 0x48, 0x8B, 0x8B, 0x8B, 0x48, 0x48, 0x48, 0x48,
    0x8B, 0x8B, 0x8B, 0x8B, 0x8B, 0x8B, 0x48, 0x48, 0x48, 0x48, 0x47, 0x47, 0x47, 0x47, 0x47, 0x48, 0x46, 0x97, 0xAA, 0xAB, 0xCD, 0x96, 0xAB, 0xCD,
    0x4F, 0x99, 0x9A, 0x8B, 0x16, 0x21, 0x8C, 0x9A, 0x99, 0x96, 0xAB, 0xD2, 0xA7, 0x9D, 0xA7, 0x95, 0xA6, 0xA6, 0xE5, 0x4A, 0x20, 0x21, 0x21, 0x4A,
    0x97, 0x97, 0xCE, 0xD2, 0xA9, 0xEF, 0xE9, 0x9D, 0xA7, 0x9D, 0xD4, 0x96, 0x50, 0xC4, 0x9D, 0x95, 0x96, 0xA9, 0xA8, 0xA0, 0xB9, 0xA5, 0xC6, 0xB7,
    0xA4, 0xA4, 0xFD, 0xBC, 0xB7, 0xB8, 0xB8, 0xB1, 0xE3, 0xFF, 0xB0, 0xB1, 0xBC, 0xB8, 0xA4, 0xC8, 0xB7, 0xA4, 0xB2, 0xBC, 0xB2, 0xB7, 0xB1, 0xE3,
    0x70, 0x43, 0x40, 0x7F, 0x70, 0x40, 0xB6, 0x43, 0xE0, 0xC6, 0x3F, 0x73, 0x5F, 0xF0, 0xED, 0x77, 0xE6, 0xCA, 0x35, 0x35, 0x35, 0x1F, 0x35, 0x35,
    0x44, 0xD8, 0xB3, 0x86, 0xBE, 0xC3, 0xB6, 0xD9, 0xFB, 0xE0, 0xEB, 0xD9, 0xE0, 0xBF, 0xF4, 0xE5, 0x51, 0x63, 0x5B, 0xBA, 0x5D, 0x3D, 0x72, 0xED,
    0xD7, 0x60, 0x83, 0x77, 0x77, 0x77, 0xBF, 0xDB, 0x75, 0x6C, 0x77, 0x80, 0x6E, 0x6C, 0x7D, 0x72, 0x71, 0x55, 0x72, 0x81, 0x75, 0x6C, 0xCB, 0xE0,
    0x60, 0x6B, 0x55, 0xD7, 0xF4, 0xE8, 0xDD, 0x86, 0x86, 0x86, 0x35, 0x35, 0x35, 0x35, 0xDD, 0xF5, 0xF0, 0x6E, 0x57, 0x61, 0xB6, 0x75, 0x72, 0x5C,
    0x81, 0x6F, 0x61, 0x58, 0xFF, 0xF9, 0xFF, 0xDA, 0x6A, 0x59, 0x70, 0x6D, 0xAF, 0x40, 0x5D, 0x43, 0xDD, 0xC7, 0xA1, 0xB8, 0xC6, 0xB9, 0xC8, 0xC5,
    0xC4, 0xC5, 0xB9, 0xC4, 0x9C, 0x9D, 0xFF, 0xD0, 0xB9, 0xB9, 0xB9, 0xA5, 0xED, 0xC5, 0x9F, 0xA0, 0xB9, 0xA0, 0x9D, 0x9D, 0x95, 0x9D, 0x9D, 0xA6,
    0x95, 0x95, 0x8F, 0xAB, 0xB9, 0x9B, 0xDB, 0xDE, 0xC5, 0xD0, 0xA9, 0xEE, 0xB8, 0xA5, 0xA5, 0xCF, 0xC5, 0xF4, 0xEB, 0xE1, 0xE2, 0xED, 0xE5, 0xDE,
    0xE7, 0xEE, 0xE1, 0xA6, 0x97, 0xCD, 0x94, 0x94, 0x96, 0x97, 0x45, 0x46, 0x45, 0x45, 0x45, 0x45, 0x8C, 0x49, 0x45, 0x48, 0x48, 0x48, 0x48, 0x48,
    0x48, 0x48, 0x48, 0x48, 0x48, 0x48, 0x48, 0x8B, 0x8B, 0x8B, 0x48, 0x48, 0x48, 0x48, 0x48, 0x48, 0x48, 0x48, 0x48, 0x46, 0x46, 0x48, 0x48, 0x46,
    0x47, 0x48, 0x48, 0x47, 0x48, 0x46, 0x46, 0x46, 0x46, 0x46, 0x46, 0x48, 0x48, 0x48, 0x46, 0x46, 0x46, 0x46, 0x47, 0x48, 0x47, 0x47, 0x47, 0x47,
    0x45, 0x8C, 0xD2, 0xAB, 0xA6, 0x96, 0xAC, 0xCE, 0x8F, 0x99, 0x97, 0x8B, 0x08, 0x13, 0x8B, 0x97, 0x93, 0x94, 0xCD, 0xD2, 0xA7, 0xA7, 0xCE, 0xA8,
    0xCD, 0xA7, 0xCD, 0x8C, 0x48, 0xAA, 0xD2, 0xD2, 0xAC, 0x9A, 0xD2, 0xD2, 0xA9, 0xF3, 0xE9, 0x9D, 0xA7, 0x9D, 0xDB, 0x99, 0x4F, 0xA8, 0x95, 0x95,
    0xA9, 0xA8, 0xA8, 0xA8, 0xA8, 0xA5, 0xC6, 0xA4, 0xA4, 0xB8, 0xF9, 0xBC, 0xB7, 0xBB, 0xB8, 0xA4, 0xE0, 0xFF, 0xB0, 0xA1, 0xB8, 0xB7, 0xB8, 0xC8,
    0xC5, 0xA5, 0xB1, 0xC2, 0xB2, 0xB2, 0xA4, 0xE3, 0x56, 0x40, 0x40, 0x85, 0x6D, 0x56, 0xB6, 0x3E, 0xE8, 0xBC, 0x3F, 0x74, 0x62, 0xF0, 0xEA, 0x77,
    0xE6, 0xCA, 0x86, 0x86, 0xBD, 0xDF, 0xFB, 0xFD, 0xF1, 0xDD, 0xD9, 0xCA, 0xD8, 0xD6, 0xDF, 0x86, 0x35, 0xFC, 0x35, 0x69, 0xF6, 0xB6, 0xF4, 0xE4,
    0x3F, 0x63, 0x51, 0xB7, 0x61, 0x3D, 0x77, 0xF1, 0xD7, 0x60, 0x79, 0x76, 0x76, 0x79, 0xC2, 0xE2, 0x6B, 0x75, 0x75, 0x6E, 0x6C, 0x6E, 0x72, 0x76,
    0x80, 0x5D, 0x77, 0x72, 0x80, 0x61, 0xC7, 0xD9, 0x58, 0x6B, 0x40, 0xC3, 0xE0, 0x69, 0x35, 0x35, 0x86, 0x86, 0xD5, 0xD5, 0xDC, 0xE3, 0xD5, 0xF0,
    0xF0, 0x5D, 0x51, 0x5C, 0xB3, 0x72, 0x72, 0x5C, 0x88, 0x6B, 0x6C, 0x6C, 0xFF, 0xFF, 0xFF, 0xD7, 0x6D, 0x69, 0x6D, 0x6C, 0x88, 0x40, 0x5D, 0x43,
    0xE0, 0xC6, 0xA3, 0xB8, 0xC6, 0xB9, 0xC5, 0xA8, 0x9D, 0xA0, 0xA8, 0xB9, 0xA5, 0xC6, 0xFF, 0xDE, 0xA5, 0xB9, 0xA5, 0xA5, 0xF1, 0xC4, 0x9F, 0xD1,
    0xDE, 0xA7, 0x9D, 0x9D, 0xA0, 0x9D, 0x95, 0xA6, 0x95, 0x9C, 0x8F, 0xAB, 0xB9, 0x9B, 0xE2, 0xD1, 0xC4, 0xC6, 0xA7, 0xF1, 0xA5, 0xA5, 0xB9, 0xC8,
    0xD0, 0xF1, 0xEB, 0xE9, 0xCE, 0xC5, 0xCE, 0xC5, 0xC5, 0xC4, 0xD1, 0xAB, 0x97, 0xE1, 0xAB, 0xA6, 0xA6, 0x99, 0x48, 0x8B, 0x48, 0x48, 0x48, 0x8C,
    0x93, 0x92, 0x23, 0x21, 0x45, 0x46, 0x46, 0x46, 0x46, 0x46, 0x46, 0x46, 0x46, 0x46, 0x45, 0x45, 0x45, 0x45, 0x46, 0x46, 0x46, 0x46, 0x46, 0x46,
    0x48, 0x48, 0x48, 0x48, 0x48, 0x46, 0x48, 0x48, 0x47, 0x48, 0x48, 0x48, 0x48, 0x48, 0x48, 0x48, 0x48, 0x48, 0x46, 0x46, 0x46, 0x48, 0x46, 0x46,
    0x46, 0x46, 0x46, 0x46, 0x46, 0x46, 0x46, 0x46, 0x45, 0x45, 0x99, 0x99, 0x96, 0x94, 0xAA, 0xD2, 0x4C, 0x97, 0x97, 0x8B, 0x10, 0x13, 0x8D, 0x97,
    0x92, 0x94, 0xAB, 0xD2, 0xA6, 0xCD, 0xE9, 0xD4, 0xCD, 0x94, 0x93, 0x99, 0xD2, 0xAB, 0xAA, 0xAB, 0xAA, 0x9A, 0xD2, 0xD2, 0xA9, 0xF1, 0xEA, 0x9D,
    0xA0, 0x9C, 0xDB, 0x96, 0x92, 0xA0, 0x9D, 0xA6, 0xA0, 0xA0, 0x9F, 0xA5, 0xA8, 0xB9, 0xE2, 0xA4, 0xA4, 0xA4, 0xFF, 0xC6, 0xB2, 0xB7, 0xB8, 0xB2,
    0xE4, 0xFF, 0xB2, 0xA4, 0xBC, 0xB8, 0xC5, 0xBC, 0xBC, 0xB1, 0xB1, 0xC6, 0xBA, 0xB0, 0xB1, 0xE3, 0x69, 0x40, 0x39, 0x7D, 0x6B, 0x69, 0xAF, 0x40,
    0xF0, 0xC2, 0x3F, 0x73, 0x62, 0xF1, 0xE5, 0x80, 0xF0, 0xD6, 0xB6, 0x86, 0x69, 0x44, 0x35, 0x35, 0x35, 0x44, 0xC3, 0xD7, 0xD6, 0xC3, 0xD7, 0x86,
    0x43, 0xD6, 0x86, 0xC3, 0xEE, 0xB6, 0xF4, 0xE5, 0x51, 0x73, 0x5E, 0xBB, 0x75, 0x41, 0x79, 0xF4, 0xCB, 0x60, 0xA2, 0x79, 0x74, 0xA1, 0xD9, 0xD9,
    0xB4, 0x82, 0xAD, 0xA2, 0x75, 0x7D, 0x72, 0x6E, 0x72, 0x5B, 0x72, 0x72, 0x75, 0x61, 0xBF, 0xD8, 0x6B, 0x6B, 0x43, 0xD5, 0xDD, 0x1C, 0x07, 0x0E,
    0x0E, 0x0F, 0x0F, 0x0F, 0x1C, 0x1F, 0x86, 0xE0, 0xF0, 0x59, 0x57, 0x60, 0xB6, 0x6C, 0x6E, 0x61, 0xAE, 0x81, 0x72, 0x61, 0xFF, 0xFD, 0xFF, 0xD9,
    0x6A, 0x6B, 0x70, 0x69, 0x88, 0x40, 0x59, 0x43, 0xE4, 0xC6, 0xA1, 0xB8, 0xC6, 0xB9, 0xC5, 0xC5, 0xCF, 0xC4, 0xA8, 0xC4, 0xA5, 0xC6, 0xFF, 0xDF,
    0xA5, 0xB9, 0xB9, 0xA5, 0xED, 0xC4, 0xA0, 0xE2, 0xE5, 0xA9, 0xA9, 0xA7, 0x9D, 0x95, 0x9C, 0x95, 0x9D, 0x9C, 0x4C, 0xA7, 0xC4, 0x9C, 0xDE, 0xE2,
    0xCE, 0xCF, 0xA7, 0xF3, 0xE1, 0xD1, 0xB9, 0xD0, 0xE1, 0xF8, 0xEB, 0xE1, 0xD4, 0xD1, 0xD4, 0xD4, 0xD4, 0xD4, 0xE1, 0xAA, 0x93, 0xA6, 0xA7, 0xD1,
    0xAA, 0xAA, 0x48, 0x48, 0x48, 0x49, 0x92, 0x93, 0x92, 0x8F, 0x8E, 0x21, 0x20, 0x47, 0x46, 0x46, 0x46, 0x46, 0x46, 0x46, 0x46, 0x45, 0x45, 0x45,
    0x45, 0x45, 0x21, 0x21, 0x45, 0x21, 0x21, 0x21, 0x21, 0x45, 0x45, 0x45, 0x45, 0x46, 0x46, 0x46, 0x46, 0x46, 0x46, 0x46, 0x46, 0x46, 0x48, 0x48,
    0x48, 0x48, 0x48, 0x46, 0x46, 0x46, 0x46, 0x46, 0x46, 0x45, 0x45, 0x45, 0x45, 0x45, 0x45, 0x45, 0x21, 0x45, 0x99, 0x96, 0x96, 0x94, 0xA6, 0xAB,
    0x4A, 0x97, 0x8F, 0x8A, 0x08, 0x13, 0x8D, 0x97, 0x92, 0x95, 0xAB, 0xD2, 0xA7, 0xAB, 0x96, 0x96, 0x96, 0xAA, 0xCD, 0xAC, 0x99, 0xAA, 0xAB, 0xD4,
    0xAC, 0x97, 0xD4, 0xD2, 0xA7, 0xEC, 0xE9, 0x9D, 0xA0, 0x9C, 0xE2, 0x96, 0x50, 0x9D, 0xA0, 0xB9, 0x9F, 0xA8, 0xA0, 0xA8, 0xC5, 0xA5, 0xCF, 0xA4,
    0xA3, 0xA4, 0xFF, 0xC2, 0xB7, 0xBB, 0xB8, 0xB1, 0xE6, 0xFF, 0xB2, 0xB1, 0xA4, 0xB7, 0xCF, 0xBC, 0xA4, 0xB1, 0xA4, 0xC6, 0xBB, 0xB2, 0xB2, 0xE5,
    0x56, 0x3E, 0x39, 0x7C, 0x5D, 0x56, 0xAF, 0x43, 0xE6, 0xC7, 0x51, 0x73, 0x60, 0xF0, 0xED, 0x80, 0xE8, 0xC3, 0x35, 0x35, 0x35, 0x35, 0x35, 0x35,
    0x7C, 0x86, 0xC3, 0xD7, 0xE4, 0xE4, 0xDF, 0xFB, 0xFD, 0xF1, 0xFB, 0xFB, 0xDF, 0xB1, 0xF4, 0xE4, 0x51, 0x72, 0x5E, 0xB7, 0x6E, 0x41, 0x79, 0xF0,
    0xD7, 0x60, 0x79, 0x74, 0x76, 0xA2, 0xD7, 0xBC, 0xBA, 0xDF, 0xD9, 0xD7, 0xCB, 0xD9, 0xF0, 0xBE, 0x6F, 0x3E, 0x6C, 0x6E, 0x6E, 0x6B, 0xBE, 0xD7,
    0x58, 0x6B, 0x59, 0xD8, 0xD5, 0xD5, 0x86, 0x43, 0x35, 0x35, 0x2C, 0x1F, 0x1C, 0x1C, 0x86, 0xDD, 0xF0, 0x43, 0x5F, 0x6E, 0xBD, 0x72, 0x72, 0x5D,
    0xB0, 0xAE, 0x6E, 0x75, 0xFF, 0xFF, 0xFF, 0xD7, 0x59, 0x6A, 0x6A, 0x69, 0x88, 0x40, 0x5D, 0x39, 0xDD, 0xB7, 0x66, 0xA5, 0xB9, 0xA5, 0xC5, 0xC5,
    0xF9, 0xED, 0xB9, 0xC6, 0xB9, 0xC6, 0xFF, 0xDE, 0xA5, 0xA8, 0xA5, 0xA5, 0xED, 0xC4, 0x9D, 0xA7, 0xD0, 0xA7, 0xC4, 0xCE, 0xA7, 0x95, 0x9C, 0x95,
    0x95, 0x9C, 0x92, 0xC4, 0xA8, 0x9C, 0xDE, 0xDE, 0xC4, 0xCF, 0xA0, 0xF6, 0xCE, 0xCD, 0xCD, 0xE1, 0xF3, 0xFF, 0xF7, 0xFD, 0xF7, 0xF9, 0xF3, 0xEB,
    0xEA, 0xFB, 0xF9, 0xAC, 0x9A, 0x94, 0x94, 0xAB, 0xCD, 0x9A, 0x45, 0x48, 0x46, 0x48, 0x92, 0x4F, 0x94, 0x8E, 0x94, 0x49, 0x21, 0x93, 0x46, 0x46,
    0x46, 0x46, 0x46, 0x46, 0x46, 0x46, 0x46, 0x46, 0x46, 0x46, 0x46, 0x46, 0x45, 0x45, 0x45, 0x21, 0x45, 0x45, 0x46, 0x46, 0x46, 0x46, 0x45, 0x45,
    0x45, 0x46, 0x46, 0x46, 0x45, 0x45, 0x45, 0x45, 0x46, 0x45, 0x21, 0x45, 0x45, 0x21, 0x21, 0x20, 0x21, 0x21, 0x20, 0x20, 0x20, 0x20, 0x20, 0x20,
    0x20, 0x21, 0x99, 0x96, 0x96, 0x94, 0x96, 0xAB, 0x4C, 0x97, 0x93, 0x8A, 0x08, 0x13, 0x8D, 0x97, 0x8F, 0x94, 0xAB, 0xD2, 0xA6, 0xA7, 0x50, 0x94,
    0xA9, 0xEA, 0xEF, 0xD4, 0xD2, 0xCD, 0xAA, 0xCD, 0xAA, 0x97, 0xD1, 0xD2, 0xA9, 0xEE, 0xE9, 0x9D, 0x9F, 0x9C, 0xE1, 0xAA, 0x50, 0x9D, 0xA7, 0x9F,
    0xA0, 0x9F, 0xB9, 0xE3, 0xB8, 0xA5, 0xC6, 0xA3, 0xA3, 0xB7, 0xFF, 0xC2, 0xB7, 0xB8, 0xB8, 0xB1, 0xE4, 0xFF, 0xBC, 0xB2, 0xB7, 0xC6, 0xFD, 0xC5,
    0xA3, 0xB2, 0xB1, 0xC6, 0xB1, 0x83, 0x79, 0xDF, 0x6A, 0x41, 0x3E, 0x7C, 0x59, 0x59, 0xAF, 0x40, 0xE6, 0xC7, 0x3F, 0x62, 0x5F, 0xED, 0xE5, 0xA2,
    0xF0, 0xD9, 0xDD, 0xDF, 0xF4, 0xF1, 0xF6, 0xEC, 0xDD, 0xDA, 0xC3, 0xB6, 0x86, 0xC0, 0xC3, 0x86, 0x86, 0x86, 0x68, 0x44, 0x69, 0xB6, 0xF1, 0xE4,
    0x3F, 0x6E, 0x51, 0xB1, 0x5D, 0x3A, 0xA2, 0xF4, 0xD9, 0x79, 0xB7, 0xA2, 0xBB, 0xD9, 0xE8, 0xE5, 0x6D, 0x6F, 0x5C, 0x41, 0x55, 0x57, 0xBB, 0xFE,
    0x6F, 0x3D, 0x6E, 0x77, 0x77, 0x61, 0xBF, 0xCB, 0x5D, 0x6E, 0x43, 0xD5, 0xE8, 0x35, 0x1C, 0x1D, 0x1D, 0x35, 0x35, 0x35, 0x86, 0xD5, 0x86, 0xE0,
    0xE8, 0x43, 0x51, 0x6B, 0xC3, 0x72, 0x6E, 0x60, 0xB0, 0xB0, 0x6C, 0x6F, 0xFF, 0xFF, 0xFF, 0xD6, 0x5A, 0x59, 0x6D, 0x69, 0x85, 0x40, 0x6D, 0x2E,
    0xBF, 0xDB, 0x9C, 0xC5, 0xD0, 0xB9, 0xC5, 0xA8, 0xD0, 0xEE, 0xA5, 0xB9, 0xC5, 0xC8, 0xFF, 0xE2, 0xA5, 0xA5, 0xA5, 0x9F, 0xED, 0xC5, 0xA0, 0x9D,
    0xC4, 0xA0, 0x9C, 0xA0, 0xA7, 0x9C, 0x9D, 0x9D, 0x95, 0x9C, 0x4F, 0xAB, 0xA8, 0x9C, 0xDE, 0xDE, 0xA8, 0xD0, 0xA6, 0xF3, 0xD4, 0xD2, 0xE9, 0xF6,
    0xEA, 0xE9, 0xE9, 0xE9, 0xE9, 0xE9, 0xEB, 0xF1, 0xEE, 0xFF, 0xD3, 0xD3, 0xF8, 0xD2, 0xAB, 0x96, 0xA6, 0xAC, 0x49, 0x48, 0x8C, 0x8F, 0x92, 0x92,
    0x92, 0x8F, 0x8E, 0x8F, 0x21, 0x8E, 0x47, 0x20, 0x45, 0x21, 0x45, 0x45, 0x45, 0x45, 0x45, 0x45, 0x45, 0x45, 0x21, 0x45, 0x45, 0x45, 0x46, 0x45,
    0x46, 0x46, 0x45, 0x45, 0x45, 0x45, 0x45, 0x45, 0x21, 0x45, 0x45, 0x45, 0x21, 0x45, 0x45, 0x45, 0x45, 0x45, 0x45, 0x45, 0x45, 0x45, 0x45, 0x45,
    0x45, 0x21, 0x20, 0x21, 0x21, 0x21, 0x21, 0x21, 0x20, 0x21, 0x94, 0x96, 0x96, 0x92, 0x96, 0xAB, 0x4C, 0x97, 0x97, 0x8B, 0x09, 0x13, 0x8D, 0x97,
    0x8F, 0x54, 0xA7, 0xD2, 0xAB, 0xD4, 0xAB, 0xCD, 0xAB, 0xAB, 0xAB, 0xAB, 0xAA, 0xA6, 0xAA, 0xAC, 0x99, 0x97, 0xD1, 0xCD, 0xA9, 0xEE, 0xE9, 0x9D,
    0xA0, 0x9C, 0xDC, 0xA6, 0x94, 0xA0, 0xA9, 0x9C, 0x9F, 0x9F, 0xA5, 0xA5, 0x9E, 0x9F, 0xCF, 0xA4, 0xA4, 0xB8, 0xFF, 0xBC, 0xB7, 0xBB, 0xB7, 0xB7,
    0xE6, 0xFF, 0xBC, 0xB8, 0xB1, 0xBC, 0xDF, 0xBC, 0xB7, 0xB2, 0xB2, 0xB8, 0xC7, 0xB2, 0xB2, 0xE6, 0x5A, 0x40, 0x3E, 0x7F, 0x5D, 0x59, 0xB6, 0x43,
    0xDD, 0xC7, 0x3D, 0x72, 0x5F, 0xED, 0xE3, 0x80, 0xF0, 0xC3, 0x6B, 0x6B, 0x86, 0x6B, 0x43, 0x86, 0x6B, 0x69, 0x69, 0x86, 0x86, 0x86, 0xB5, 0xB5,
    0xD5, 0xD5, 0xD5, 0xDD, 0xF5, 0xF0, 0xF6, 0xE4, 0x5F, 0x73, 0x5E, 0xBB, 0x88, 0x3A, 0x6E, 0xF6, 0xE6, 0xB1, 0xB2, 0xB8, 0xA3, 0xB7, 0xB2, 0xC7,
    0x71, 0x70, 0x7E, 0xAE, 0xAD, 0x6E, 0x81, 0xF0, 0x6C, 0x57, 0x72, 0x77, 0x83, 0x75, 0xCA, 0xD9, 0x5D, 0x71, 0x43, 0xC3, 0xD8, 0x35, 0x0F, 0x0E,
    0x0C, 0x0F, 0x0F, 0x0E, 0x0F, 0x1C, 0xD5, 0xDD, 0xF0, 0x43, 0x41, 0x6B, 0xC3, 0x6B, 0x72, 0x73, 0xB6, 0xC9, 0x72, 0x6B, 0xFF, 0xFD, 0xFF, 0xD6,
    0x6B, 0x69, 0x70, 0x6D, 0x7F, 0x39, 0x5D, 0x2E, 0xCA, 0xFF, 0xFF, 0xFF, 0xFF, 0xFF, 0xF7, 0xE5, 0xE5, 0xF1, 0xD1, 0xB9, 0xC6, 0xDE, 0xFF, 0xDE,
    0xA5, 0xB9, 0xB9, 0x9F, 0xED, 0xC5, 0xA0, 0xA0, 0xC5, 0xA8, 0xA8, 0xA7, 0xA7, 0x9D, 0xA0, 0x9D, 0x95, 0x9D, 0x4F, 0xA9, 0xA8, 0x9C, 0xD1, 0xDE,
    0xA8, 0xC5, 0x94, 0xEF, 0xFE, 0xFD, 0xF3, 0xD4, 0xCD, 0xCD, 0xAB, 0xAB, 0xAB, 0xAA, 0xAB, 0xCD, 0xAA, 0x99, 0x99, 0xD3, 0xF1, 0xE9, 0xE9, 0xE9,
    0xE9, 0xD2, 0x93, 0x8E, 0x8C, 0x93, 0x92, 0x92, 0x4F, 0x8F, 0x4A, 0x8F, 0x45, 0x46, 0x8E, 0x21, 0x21, 0x21, 0x21, 0x21, 0x21, 0x21, 0x20, 0x20,
    0x20, 0x21, 0x20, 0x20, 0x21, 0x21, 0x21, 0x21, 0x21, 0x21, 0x20, 0x20, 0x20, 0x20, 0x21, 0x21, 0x21, 0x21, 0x21, 0x21, 0x45, 0x45, 0x21, 0x21,
    0x21, 0x45, 0x45, 0x45, 0x21, 0x21, 0x21, 0x21, 0x21, 0x21, 0x21, 0x21, 0x21, 0x21, 0x21, 0x21, 0x20, 0x20, 0x92, 0x96, 0x92, 0x92, 0xAA, 0xAB,
    0x4C, 0x97, 0x8F, 0x8B, 0x05, 0x13, 0x8D, 0x99, 0x93, 0x95, 0xAB, 0xD2, 0xD2, 0xA6, 0x94, 0x96, 0x92, 0x4F, 0x50, 0xA6, 0xAB, 0xAB, 0xAB, 0xCD,
    0xAA, 0x93, 0xCE, 0xCD, 0xA9, 0xEE, 0xE9, 0x9D, 0xA7, 0x9C, 0xCF, 0xA6, 0x50, 0xA7, 0xA9, 0x9C, 0x9F, 0x9B, 0x9F, 0x9F, 0xC8, 0xA5, 0xC5, 0xA5,
    0xA5, 0xB8, 0xFF, 0xC7, 0xB2, 0xB7, 0xB8, 0xB7, 0xE6, 0xFF, 0xD9, 0xC6, 0xC6, 0xE2, 0xDF, 0xE5, 0xF4, 0xF1, 0xF6, 0xFF, 0xFF, 0xFF, 0xFF, 0xFF,
    0x58, 0x3E, 0x39, 0x85, 0x59, 0x70, 0xB4, 0x56, 0xE4, 0xC7, 0x3A, 0x62, 0x41, 0xDF, 0xD9, 0x7D, 0xF0, 0xD5, 0xB5, 0xC3, 0x86, 0x86, 0xB6, 0xD5,
    0xD5, 0xDD, 0xE8, 0xD8, 0xD5, 0xE6, 0xF3, 0xE8, 0xE0, 0xE6, 0xE8, 0xE0, 0xE0, 0xD7, 0xF4, 0xE0, 0x3A, 0x5C, 0x51, 0xBB, 0x6E, 0x2D, 0x5F, 0xED,
    0xCB, 0x5B, 0x63, 0x62, 0x63, 0x79, 0x74, 0xB7, 0xB4, 0xBE, 0x5D, 0x6E, 0xBD, 0x88, 0xC3, 0xE8, 0x6F, 0x55, 0x75, 0x75, 0x81, 0x72, 0xC9, 0xDA,
    0x5D, 0x6F, 0x58, 0xCA, 0xE0, 0xD5, 0xE8, 0xD5, 0xD5, 0xD5, 0x86, 0x43, 0x35, 0x44, 0xD5, 0xE0, 0xF4, 0x5D, 0x57, 0x72, 0xC3, 0x6C, 0x72, 0x6E,
    0xB1, 0x82, 0x61, 0x77, 0xFF, 0xFF, 0xFF, 0xCA, 0x59, 0x6B, 0x70, 0x69, 0x7E, 0x34, 0x55, 0x39, 0xE6, 0xFF, 0xFF, 0xF9, 0xF9, 0xFF, 0xFA, 0xFF,
    0xFF, 0xFF, 0xFF, 0xFF, 0xF1, 0xF3, 0xFF, 0xDC, 0xA5, 0xB9, 0xA5, 0xA5, 0xED, 0xC5, 0xA0, 0xA0, 0xC5, 0x9D, 0xCD, 0xEA, 0xA9, 0x9D, 0xA6, 0xA7,
    0x96, 0x95, 0x92, 0xCE, 0xA8, 0x9C, 0xCF, 0xD1, 0xA9, 0xC5, 0x94, 0xEF, 0xFD, 0xFF, 0xEA, 0xE9, 0xE9, 0xE1, 0xE1, 0xE9, 0xCE, 0xD4, 0xE1, 0xD4,
    0xCD, 0x8F, 0x8F, 0x93, 0xAA, 0xD2, 0xD4, 0xD3, 0x9A, 0xAB, 0x93, 0x92, 0x4A, 0x48, 0x8E, 0x94, 0x92, 0x92, 0x94, 0x49, 0x8C, 0x21, 0x8E, 0x23,
    0x20, 0x21, 0x20, 0x20, 0x20, 0x20, 0x20, 0x20, 0x21, 0x21, 0x21, 0x21, 0x21, 0x21, 0x21, 0x21, 0x21, 0x21, 0x20, 0x20, 0x20, 0x20, 0x20, 0x20,
    0x20, 0x20, 0x20, 0x20, 0x20, 0x20, 0x20, 0x20, 0x20, 0x20, 0x20, 0x20, 0x20, 0x20, 0x20, 0x20, 0x20, 0x20, 0x20, 0x20, 0x20, 0x20, 0x20, 0x20,
    0x20, 0x20, 0x92, 0x96, 0xA6, 0xAB, 0xCD, 0xCD, 0x4C, 0x97, 0x97, 0x8B, 0x13, 0x16, 0x8B, 0x97, 0x93, 0x96, 0xD4, 0xAA, 0x8F, 0x8F, 0x92, 0x96,
    0xA7, 0xAB, 0xA7, 0xAB, 0xD2, 0xD4, 0xE1, 0xE9, 0xAB, 0x8F, 0xCE, 0xCD, 0xC4, 0xF3, 0xE9, 0x9D, 0xA0, 0x9C, 0xD0, 0xA7, 0x4E, 0xA7, 0xA9, 0x9F,
    0x9F, 0x9B, 0xA5, 0xE5, 0xCF, 0x9F, 0xC6, 0xA4, 0xA4, 0xB7, 0xFF, 0xBB, 0xB1, 0xBC, 0xB8, 0xB7, 0xE8, 0xFF, 0xF6, 0xF4, 0xFF, 0xFA, 0xFF, 0xFE,
    0xFF, 0xFF, 0xFF, 0xFF, 0xFF, 0xFF, 0xFF, 0xFF, 0x58, 0x41, 0x3E, 0x85, 0x56, 0x70, 0xBD, 0x5A, 0xE6, 0xBF, 0x3A, 0x60, 0x41, 0xDF, 0xD9, 0x80,
    0xE0, 0xD8, 0x44, 0x86, 0xD5, 0xB6, 0xD5, 0x86, 0x86, 0x86, 0x86, 0x86, 0xC3, 0x86, 0xE4, 0x86, 0x7C, 0xB6, 0xC3, 0xC3, 0xD5, 0xB6, 0xED, 0xED,
    0x51, 0x61, 0x63, 0xC7, 0x80, 0x3F, 0x75, 0xEE, 0xD9, 0x73, 0xA4, 0x83, 0x79, 0x79, 0xA1, 0xBC, 0xFF, 0xFF, 0xB3, 0x5D, 0x74, 0x6E, 0xBF, 0xF4,
    0x75, 0x55, 0x6C, 0x77, 0x82, 0x72, 0xC3, 0xD7, 0x5D, 0x72, 0x55, 0xE0, 0xF8, 0x86, 0x86, 0x86, 0x86, 0x86, 0x86, 0x86, 0xC3, 0xD5, 0xD8, 0xF6,
    0xF0, 0x60, 0x41, 0x6F, 0xD6, 0x6F, 0x6E, 0x61, 0xB2, 0x82, 0x60, 0x6F, 0xFF, 0xF9, 0xFF, 0xCA, 0x6A, 0x59, 0x6D, 0x59, 0x82, 0x39, 0x43, 0x40,
    0xD9, 0xC5, 0xCF, 0xF1, 0xF8, 0xF6, 0xF8, 0xFF, 0xFF, 0xFF, 0xFF, 0xFF, 0xC6, 0xCF, 0xFF, 0xDE, 0xA5, 0xB9, 0xB9, 0xA3, 0xED, 0xC4, 0xA0, 0x9C,
    0xC5, 0xA8, 0x9D, 0xA7, 0xA7, 0xA7, 0x9D, 0x9D, 0x95, 0x95, 0x92, 0xC5, 0xA0, 0x9D, 0xE1, 0xD1, 0xA9, 0xC8, 0x94, 0xEF, 0xF3, 0xEB, 0xEB, 0xEA,
    0xE1, 0xE9, 0xE9, 0xEA, 0xE2, 0xE1, 0xE1, 0xEE, 0xE9, 0xE9, 0xCD, 0xCD, 0x96, 0x94, 0xA6, 0xAA, 0x99, 0xAA, 0x92, 0x92, 0x4F, 0x4A, 0x49, 0x8E,
    0x92, 0x4F, 0x92, 0x4A, 0x49, 0x45, 0x47, 0x49, 0x20, 0x20, 0x20, 0x20, 0x20, 0x20, 0x20, 0x20, 0x20, 0x20, 0x20, 0x21, 0x21, 0x21, 0x21, 0x21,
    0x21, 0x21, 0x21, 0x21, 0x21, 0x21, 0x21, 0x20, 0x20, 0x20, 0x20, 0x20, 0x20, 0x20, 0x20, 0x20, 0x20, 0x20, 0x20, 0x20, 0x21, 0x46, 0x21, 0x20,
    0x20, 0x13, 0x13, 0x20, 0x13, 0x13, 0x13, 0x20, 0x13, 0x20, 0x92, 0x96, 0x99, 0x99, 0xCD, 0xCD, 0x4C, 0x97, 0x97, 0x8D, 0x16, 0x21, 0x8B, 0x98,
    0x93, 0x96, 0xE2, 0xAA, 0x99, 0xAA, 0xAC, 0xD4, 0xE9, 0xE9, 0xE9, 0xE9, 0xE9, 0xD4, 0xCD, 0xCD, 0xA6, 0x93, 0xCE, 0xD2, 0xC4, 0xF1, 0xE9, 0x95,
    0x9F, 0x9C, 0xD0, 0xA9, 0x54, 0xA5, 0xC4, 0x9F, 0x9F, 0x9C, 0xA5, 0xA8, 0x9F, 0x9F, 0xCF, 0xA4, 0xA4, 0xB8, 0xFF, 0xC2, 0xB1, 0xBC, 0xB7, 0xB2,
    0xE6, 0xFF, 0xDF, 0xD9, 0xFA, 0xFF, 0xFF, 0xFF, 0xFF, 0xF8, 0xF6, 0xEE, 0xE6, 0xBD, 0xB4, 0xE6, 0x70, 0x58, 0x43, 0x7D, 0x59, 0x71, 0xBD, 0x6D,
    0xE6, 0xC3, 0x3A, 0x5F, 0x5B, 0xE6, 0xDD, 0x7C, 0xD5, 0xD5, 0x0F, 0x1C, 0xD5, 0x1F, 0x35, 0x86, 0x1C, 0x35, 0xD5, 0x2B, 0x1F, 0xD5, 0xF0, 0xD8,
    0xD8, 0xE6, 0xBD, 0xB1, 0xD8, 0xCA, 0xE6, 0xEC, 0x5E, 0x6E, 0x5B, 0xB2, 0x82, 0x3A, 0x61, 0xF1, 0xD9, 0x62, 0x79, 0x74, 0x76, 0x83, 0x83, 0xBC,
    0xE0, 0xFF, 0xBD, 0x5D, 0xD7, 0x82, 0xB4, 0xF6, 0x6F, 0x41, 0x6C, 0x75, 0x77, 0x72, 0xC9, 0xDD, 0x58, 0x71, 0x41, 0xA1, 0xF8, 0xF0, 0xE8, 0xE0,
    0xE8, 0xE8, 0xE8, 0xDD, 0xDD, 0xE0, 0xFF, 0xFF, 0xFF, 0x5F, 0x57, 0x71, 0xD8, 0x6B, 0x61, 0x6E, 0xBA, 0xAE, 0x60, 0x71, 0xFF, 0xFD, 0xFF, 0xD7,
    0x6D, 0x40, 0x59, 0x59, 0xAD, 0x40, 0x55, 0x3E, 0xD9, 0x78, 0x52, 0xA3, 0xB2, 0xB7, 0x7A, 0x65, 0xA5, 0xBC, 0xC8, 0xFD, 0xC5, 0xC8, 0xFF, 0xDE,
    0xA5, 0xB9, 0xB9, 0xA5, 0xED, 0xC4, 0x9F, 0x9C, 0xC6, 0xA8, 0xA8, 0xA7, 0xA9, 0xA7, 0x95, 0xA0, 0x95, 0x9D, 0x94, 0xC5, 0xA7, 0x9D, 0xE1, 0xD1,
    0xA9, 0xC6, 0x94, 0xEA, 0xD4, 0xD2, 0xAB, 0xAA, 0xAA, 0xAA, 0xAA, 0xAA, 0x96, 0x96, 0xAA, 0xAB, 0x94, 0x99, 0xFF, 0xFF, 0xEA, 0xCD, 0xAB, 0xAB,
    0x93, 0x94, 0x4F, 0x92, 0x92, 0x94, 0x8F, 0x8C, 0x49, 0x4C, 0x92, 0x92, 0x49, 0x47, 0x47, 0x8B, 0x23, 0x0A, 0x13, 0x13, 0x13, 0x13, 0x13, 0x13,
    0x13, 0x13, 0x13, 0x13, 0x13, 0x13, 0x13, 0x13, 0x13, 0x20, 0x20, 0x20, 0x20, 0x20, 0x20, 0x20, 0x21, 0x21, 0x21, 0x20, 0x20, 0x20, 0x20, 0x20,
    0x20, 0x20, 0x20, 0x20, 0x47, 0x49, 0x49, 0x23, 0x23, 0x20, 0x13, 0x13, 0x13, 0x13, 0x13, 0x13, 0x13, 0x13, 0x96, 0x96, 0xA6, 0xAA, 0xD2, 0xAB,
    0x8F, 0x99, 0x9A, 0x8E, 0x13, 0x20, 0x8E, 0x9A, 0x97, 0x95, 0xCE, 0xAC, 0xAB, 0xE9, 0xD4, 0xD2, 0xD2, 0xCE, 0xCE, 0xAB, 0xCD, 0xA7, 0x96, 0x9D,
    0x96, 0x4C, 0xE1, 0xD2, 0xA9, 0xF1, 0xD4, 0x95, 0xA0, 0x9C, 0xCF, 0xA7, 0x50, 0xA7, 0xA7, 0x9D, 0xA8, 0xA0, 0x9F, 0x9B, 0xA5, 0x9E, 0xCC, 0xA3,
    0xA3, 0xB7, 0xFF, 0xC2, 0xB7, 0xB2, 0xB7, 0xB1, 0xE6, 0xFF, 0xCA, 0xD9, 0xF8, 0xB0, 0x88, 0x74, 0x6E, 0x6C, 0x5F, 0x77, 0x6F, 0x57, 0x61, 0xD9,
    0x70, 0x43, 0x55, 0x7F, 0x59, 0x69, 0xBE, 0x70, 0xE6, 0xC7, 0x3A, 0x5F, 0x57, 0xE0, 0xDD, 0x6B, 0xD5, 0xD5, 0x0F, 0x1C, 0xD5, 0x0F, 0x1F, 0xB6,
    0x07, 0x1C, 0xD5, 0x0F, 0x0F, 0xDD, 0xE0, 0x6B, 0x43, 0xE6, 0xB3, 0x80, 0xE8, 0xCB, 0xE0, 0xED, 0x5B, 0x73, 0x5F, 0xBB, 0x75, 0x3A, 0x6E, 0xF8,
    0xD9, 0x62, 0x79, 0x78, 0x7A, 0x7A, 0x79, 0xBB, 0xDD, 0xFF, 0xBD, 0x43, 0x85, 0xAF, 0xAD, 0xF6, 0x71, 0x40, 0x6F, 0x71, 0x77, 0x6E, 0xC3, 0xDD,
    0x6B, 0x77, 0x75, 0x5B, 0x3A, 0x2D, 0x2E, 0x29, 0x41, 0x6E, 0x6C, 0x59, 0xAE, 0x88, 0x82, 0x88, 0x5D, 0x3A, 0x82, 0x72, 0xD6, 0x5D, 0x5D, 0x61,
    0xAE, 0x81, 0x60, 0x71, 0xFF, 0xFF, 0xFF, 0xD7, 0x6D, 0x43, 0x56, 0x7C, 0xBF, 0x43, 0x5D, 0x40, 0xDD, 0xB2, 0xA4, 0xB8, 0xB8, 0xB8, 0xB8, 0xA4,
    0xA4, 0xA4, 0x66, 0xE2, 0xC8, 0xC8, 0xFF, 0xDE, 0xA5, 0xA5, 0xB9, 0xA5, 0xEE, 0xC5, 0x9F, 0x9C, 0xC5, 0xC5, 0xCE, 0xC5, 0xCE, 0xA7, 0xA0, 0x9D,
    0x95, 0x9D, 0x96, 0xCE, 0xA0, 0x9D, 0xD1, 0xD1, 0xA9, 0xC5, 0x94, 0xE9, 0xD4, 0xAB, 0xD4, 0xEB, 0xEA, 0xEA, 0xE9, 0xE9, 0xE9, 0xE9, 0xD4, 0xAC,
    0xAB, 0x4F, 0xAB, 0xAC, 0xD2, 0xFB, 0xFD, 0xEF, 0xEA, 0x96, 0x4C, 0x8F, 0x92, 0x92, 0x92, 0x92, 0x49, 0x48, 0x8F, 0x94, 0x8F, 0x47, 0x46, 0x46,
    0x48, 0x13, 0x0A, 0x13, 0x20, 0x20, 0x20, 0x13, 0x13, 0x13, 0x20, 0x20, 0x13, 0x20, 0x20, 0x20, 0x20, 0x20, 0x20, 0x20, 0x20, 0x20, 0x20, 0x20,
    0x20, 0x20, 0x20, 0x20, 0x20, 0x20, 0x20, 0x20, 0x20, 0x20, 0x23, 0x49, 0x49, 0x47, 0x49, 0x21, 0x45, 0x46, 0x20, 0x20, 0x23, 0x20, 0x13, 0x13,
    0x13, 0x13, 0xAB, 0xD2, 0xAB, 0xAB, 0xCD, 0xA7, 0x4C, 0xA6, 0xAA, 0x8D, 0x14, 0x17, 0x90, 0xAB, 0x94, 0x94, 0xD2, 0xAA, 0x94, 0xEB, 0xD4, 0xA7,
    0x9D, 0xAB, 0xCD, 0xA6, 0xCD, 0xAB, 0xAB, 0xA7, 0xAA, 0x4A, 0xD4, 0xD4, 0xA9, 0xF1, 0xD4, 0x95, 0xA8, 0x9C, 0xCF, 0xA9, 0x50, 0xA8, 0xA7, 0x9C,
    0xA5, 0xB9, 0xC6, 0xB9, 0xDE, 0xB8, 0xC6, 0xA4, 0xA3, 0xB7, 0xF9, 0xB8, 0xA4, 0xB7, 0xB7, 0xA2, 0xE4, 0xFF, 0xD9, 0xDF, 0xD7, 0x3D, 0x75, 0x81,
    0xA2, 0xAE, 0xA2, 0xB0, 0xAE, 0xB0, 0x88, 0xE0, 0x69, 0x43, 0x40, 0xAF, 0x7C, 0x59, 0xB6, 0x69, 0xE6, 0xC7, 0x3F, 0x60, 0x41, 0xE0, 0xE4, 0x6B,
    0xD5, 0xD5, 0x0F, 0x1C, 0x86, 0x0F, 0x1C, 0x86, 0x07, 0x1C, 0xD5, 0x1C, 0x0F, 0xD5, 0xD5, 0xC3, 0xC3, 0xDD, 0xDA, 0xD9, 0xD7, 0xBB, 0xE8, 0xED,
    0x5B, 0x62, 0x62, 0xBA, 0x75, 0x3D, 0x72, 0xF7, 0xDB, 0x63, 0x7A, 0x79, 0x78, 0x79, 0x83, 0xC2, 0xDA, 0xFF, 0xC1, 0x5A, 0xC7, 0xAD, 0xB0, 0xF6,
    0x7D, 0x55, 0x75, 0x75, 0x80, 0x72, 0xBF, 0xD7, 0x58, 0x72, 0x7D, 0xAD, 0x5B, 0x55, 0x58, 0x43, 0x3D, 0x3A, 0x40, 0x39, 0x38, 0x34, 0x34, 0x34,
    0x3A, 0x85, 0x75, 0x6C, 0xD6, 0x5D, 0x6C, 0x6E, 0xA2, 0x82, 0x5F, 0x7C, 0xFF, 0xFF, 0xFF, 0xD7, 0x7D, 0x88, 0x6D, 0x7C, 0x70, 0x38, 0x6D, 0x56,
    0xE4, 0xB8, 0xA4, 0xB7, 0xA5, 0xA5, 0xB8, 0xB8, 0xB9, 0xB9, 0x9E, 0xE5, 0xC8, 0xC8, 0xFF, 0xDE, 0xB9, 0xB9, 0xA5, 0xA5, 0xEE, 0xC5, 0x9F, 0x9F,
    0xC4, 0xC4, 0xC4, 0xCE, 0xC5, 0x9F, 0xA8, 0xA0, 0x95, 0x9C, 0x92, 0xA9, 0x9F, 0x9D, 0xE1, 0xD1, 0xA9, 0xC5, 0x96, 0xEA, 0xD2, 0xD4, 0xFF, 0xFC,
    0xF3, 0xE9, 0xD4, 0xD3, 0xD4, 0xEF, 0xFF, 0xE9, 0xCD, 0xCD, 0x8F, 0x93, 0x8F, 0x97, 0x99, 0xD4, 0xAC, 0x8F, 0x92, 0x92, 0x4C, 0x4C, 0x4F, 0x92,
    0x8E, 0x49, 0x48, 0x8E, 0x94, 0x4A, 0x21, 0x47, 0x49, 0x49, 0x21, 0x13, 0x13, 0x13, 0x13, 0x13, 0x13, 0x13, 0x13, 0x20, 0x20, 0x20, 0x20, 0x20,
    0x20, 0x20, 0x20, 0x20, 0x13, 0x20, 0x20, 0x20, 0x13, 0x13, 0x13, 0x13, 0x13, 0x20, 0x13, 0x13, 0x13, 0x21, 0x47, 0x49, 0x49, 0x49, 0x49, 0x46,
    0x21, 0x21, 0x21, 0x46, 0x47, 0x20, 0x21, 0x23, 0x13, 0x13, 0x26, 0xEA, 0xAA, 0xAA, 0xCD, 0xA7, 0x4F, 0xAA, 0xAC, 0x99, 0x8E, 0x90, 0x97, 0xAC,
    0x92, 0x96, 0xD4, 0xAC, 0x96, 0xEA, 0xCD, 0xA6, 0x95, 0xAB, 0xAB, 0x9D, 0xAB, 0xA7, 0xCD, 0xAB, 0xAA, 0x8C, 0xAB, 0xE9, 0xC4, 0xF6, 0xD4, 0x54,
    0xA0, 0x9D, 0xCF, 0xA9, 0x54, 0xA5, 0xC4, 0x9B, 0xA8, 0xA5, 0xE2, 0xC5, 0xCF, 0xA4, 0xC8, 0xB8, 0xA4, 0xB7, 0xE3, 0xBB, 0xB1, 0xB2, 0xA4, 0xB1,
    0xE4, 0xFF, 0xDF, 0xDF, 0xDB, 0xA1, 0xBB, 0xBC, 0xBA, 0xB1, 0xA2, 0xB0, 0xA2, 0xA2, 0x88, 0xDF, 0x6D, 0x40, 0x43, 0x69, 0x7F, 0x69, 0xB6, 0x71,
    0xF0, 0xC7, 0x3D, 0x61, 0x55, 0xE0, 0xE3, 0x6B, 0xD5, 0x86, 0x0F, 0x1C, 0x86, 0x0E, 0x1C, 0x86, 0x07, 0x1D, 0xE8, 0x18, 0x0E, 0x86, 0xD5, 0xB0,
    0x80, 0xC3, 0xB6, 0xAD, 0xB6, 0xBB, 0xEE, 0xE6, 0x5B, 0x60, 0x3F, 0xAE, 0x7E, 0x41, 0x74, 0xF3, 0xD9, 0x5E, 0x78, 0x78, 0x79, 0x78, 0x7A, 0xCC,
    0xDA, 0xFF, 0xC0, 0x5A, 0xBF, 0xB4, 0xB0, 0xF5, 0x7E, 0x55, 0x6E, 0x77, 0x81, 0x77, 0xBF, 0xC3, 0x71, 0xC9, 0x6F, 0x80, 0xA2, 0x7E, 0x7E, 0x85,
    0x86, 0xAD, 0x86, 0x85, 0x88, 0xAE, 0xB4, 0xB0, 0x88, 0x6C, 0xBA, 0x58, 0xC3, 0x6E, 0x61, 0x72, 0xAE, 0xA2, 0x61, 0x7D, 0xFF, 0xFF, 0xFF, 0xDA,
    0x70, 0x7F, 0xBD, 0x34, 0x2E, 0x41, 0x77, 0x43, 0xDD, 0xB7, 0xA4, 0xB1, 0xA4, 0xA5, 0xA5, 0xB8, 0xB9, 0xB8, 0x7A, 0xE3, 0xD0, 0xCF, 0xFF, 0xDE,
    0xA5, 0xA5, 0xB9, 0xA0, 0xEC, 0xB9, 0x9F, 0x9F, 0xC5, 0x9F, 0x9F, 0xA8, 0x9C, 0xA0, 0xE5, 0xC4, 0x95, 0x54, 0x94, 0xC4, 0x9F, 0x9D, 0xD1, 0xD1,
    0xA7, 0xC4, 0x92, 0xE9, 0xAB, 0xAA, 0xFF, 0xEA, 0xD3, 0xD2, 0xAC, 0xAC, 0xAC, 0xAA, 0xE9, 0xEC, 0xAB, 0xCD, 0x93, 0x99, 0x97, 0x8F, 0x8E, 0x99,
    0x99, 0x8E, 0x8E, 0x4A, 0x4C, 0x4F, 0x92, 0x92, 0x4F, 0x8F, 0x8C, 0x45, 0x8E, 0x99, 0x8C, 0x21, 0x47, 0x8C, 0x46, 0x13, 0x16, 0x13, 0x0A, 0x13,
    0x10, 0x0A, 0x13, 0x13, 0x13, 0x13, 0x13, 0x13, 0x13, 0x13, 0x13, 0x13, 0x13, 0x13, 0x20, 0x20, 0x13, 0x13, 0x13, 0x13, 0x13, 0x13, 0x13, 0x13,
    0x13, 0x47, 0x47, 0x47, 0x47, 0x49, 0x49, 0x47, 0x21, 0x21, 0x21, 0x45, 0x47, 0x23, 0x21, 0x46, 0x23, 0x20, 0x23, 0xD4, 0x94, 0xA6, 0xCD, 0xCD,
    0x4F, 0xAA, 0xAB, 0x93, 0x45, 0x47, 0x99, 0xAC, 0x94, 0x95, 0xE9, 0xAA, 0x96, 0xE9, 0xAB, 0xA7, 0xA6, 0xD4, 0xA7, 0x95, 0xA6, 0xA7, 0xA9, 0xAB,
    0xAA, 0x47, 0xAB, 0xCE, 0xA9, 0xF1, 0xD4, 0x54, 0xA0, 0x9C, 0xD0, 0xA7, 0x50, 0xB9, 0xA8, 0xA0, 0xD0, 0xA0, 0xA8, 0xB8, 0xA4, 0x9E, 0xCF, 0xB1,
    0xB1, 0xB1, 0xE0, 0xB7, 0xA4, 0xB8, 0xB7, 0xA4, 0xE3, 0xFF, 0xDB, 0xE3, 0xE3, 0xA4, 0xB2, 0xB1, 0xB2, 0xAE, 0x83, 0xBB, 0xA2, 0xAE, 0x82, 0xE3,
    0x40, 0x69, 0x5D, 0x34, 0x2E, 0x7C, 0xCA, 0xAD, 0xF1, 0xBF, 0x3D, 0x62, 0x55, 0xE0, 0xF0, 0x85, 0xD5, 0x86, 0x0F, 0x1C, 0xD5, 0x0F, 0x1D, 0x86,
    0x07, 0x1C, 0xD5, 0x0F, 0x0F, 0xD5, 0xD5, 0xE3, 0xFB, 0xE8, 0xFF, 0xFF, 0xFF, 0xC2, 0xE3, 0xE5, 0x3F, 0x6E, 0x5F, 0xBB, 0x88, 0x41, 0x77, 0xF3,
    0xD9, 0x62, 0xA1, 0x7A, 0x79, 0x7A, 0xA1, 0xCF, 0xDD, 0xFF, 0xBE, 0x43, 0xB4, 0xD7, 0xB0, 0xF4, 0x77, 0x57, 0x71, 0x7D, 0x77, 0x71, 0xBE, 0xE6,
    0x88, 0x5A, 0x5D, 0x80, 0x75, 0x6B, 0x6B, 0x6B, 0x69, 0x5D, 0x5D, 0x6B, 0x6B, 0x6F, 0x71, 0x6C, 0x5D, 0x5B, 0x71, 0x61, 0xDA, 0x72, 0x5B, 0x81,
    0xB6, 0xAE, 0x72, 0x75, 0xFF, 0xFF, 0xFF, 0xDA, 0x7C, 0x43, 0xB3, 0x43, 0x6A, 0x5A, 0x5A, 0x39, 0xE4, 0xB7, 0xA3, 0xB8, 0xDB, 0xB8, 0xA5, 0xB8,
    0xB9, 0xB9, 0x9E, 0xE5, 0xCF, 0xC8, 0xFF, 0xDE, 0xA5, 0xA5, 0xB9, 0xA5, 0xEE, 0xB9, 0x9C, 0xA0, 0xC6, 0xA5, 0x67, 0x9B, 0x9B, 0x9F, 0xC5, 0xA7,
    0x9C, 0x67, 0x92, 0xA9, 0x9F, 0x9C, 0xD1, 0xD1, 0xA7, 0xB9, 0x8F, 0xE9, 0xAB, 0x99, 0xFF, 0xAC, 0xD3, 0xE9, 0xE9, 0xE9, 0xE9, 0xD2, 0xAB, 0xE9,
    0xAB, 0xD4, 0x93, 0x99, 0xD4, 0xD4, 0xAA, 0xAB, 0xAA, 0x8E, 0x8C, 0x49, 0x48, 0x4A, 0x92, 0x92, 0x92, 0x4F, 0x4F, 0x4A, 0x47, 0x4A, 0x96, 0x47,
    0x45, 0x47, 0x47, 0x46, 0x90, 0x8E, 0x13, 0x0A, 0x13, 0x24, 0x4A, 0x23, 0x0A, 0x0A, 0x0A, 0x10, 0x10, 0x0A, 0x0A, 0x10, 0x10, 0x0A, 0x0A, 0x10,
    0x10, 0x10, 0x13, 0x10, 0x13, 0x0A, 0x0A, 0x0A, 0x23, 0x49, 0x47, 0x47, 0x47, 0x49, 0x46, 0x47, 0x47, 0x21, 0x23, 0x45, 0x46, 0x23, 0x21, 0x21,
    0x45, 0x21, 0x48, 0xD4, 0x93, 0x96, 0xCD, 0xCD, 0x4F, 0xA6, 0xD2, 0x93, 0x93, 0x94, 0xAA, 0xD4, 0x94, 0x9D, 0xE1, 0xAA, 0x96, 0xE9, 0xCD, 0xA7,
    0xA6, 0xD4, 0xA6, 0x54, 0xA7, 0xA7, 0xAB, 0xCD, 0xAA, 0x24, 0xC4, 0xD2, 0xA9, 0xF1, 0xD4, 0x54, 0xA0, 0x9C, 0xCF, 0xA7, 0x50, 0xA5, 0x9F, 0xC5,
    0xD0, 0xA5, 0x9E, 0x9E, 0xA4, 0xA4, 0xDB, 0xB7, 0xB1, 0xB8, 0xE3, 0xBC, 0xB7, 0xB7, 0xB1, 0xA4, 0xE4, 0xFF, 0xCC, 0xDB, 0xE3, 0x83, 0xB1, 0xAE,
    0xB0, 0x81, 0xB0, 0xD9, 0xA2, 0xAE, 0x75, 0xDB, 0x59, 0x56, 0x56, 0x3E, 0x55, 0x7C, 0xE6, 0xAD, 0xF0, 0xBC, 0x3F, 0x6C, 0x5B, 0xE0, 0xF0, 0x80,
    0xD8, 0xD5, 0x0F, 0x1C, 0x86, 0x0F, 0x35, 0xB6, 0x0F, 0x1C, 0xD5, 0x1C, 0x0F, 0xD5, 0xD5, 0x86, 0x44, 0xD5, 0x86, 0x35, 0xDD, 0xB1, 0xE6, 0xEB,
    0x51, 0x61, 0x76, 0xCB, 0xB1, 0x5B, 0x76, 0xED, 0xDB, 0x72, 0xA3, 0x78, 0x79, 0x79, 0x79, 0xBA, 0xED, 0xFF, 0xBF, 0x5A, 0xD7, 0xDA, 0xB4, 0xF1,
    0x75, 0x40, 0x75, 0x72, 0x72, 0x6F, 0xBF, 0xFF, 0xE4, 0xBE, 0xD9, 0xDD, 0xDB, 0xDA, 0xD7, 0xC9, 0xD7, 0xCA, 0xCA, 0xD7, 0xC9, 0xD7, 0xD7, 0xCA,
    0xBE, 0xBE, 0xC9, 0xD9, 0xED, 0x5D, 0x60, 0x80, 0xBA, 0xAE, 0x6E, 0x77, 0xFF, 0xFF, 0xF9, 0xFC, 0xF4, 0xB6, 0xDD, 0xD7, 0xE4, 0xE8, 0xD6, 0xDD,
    0xE5, 0xA4, 0xB7, 0xB7, 0xDF, 0xE5, 0xE7, 0xE7, 0xE5, 0xEE, 0xE7, 0xF8, 0xC8, 0xC8, 0xFF, 0xDE, 0xA5, 0xB9, 0xA5, 0xA8, 0xF7, 0xDC, 0xB9, 0xA5,
    0xDC, 0xA5, 0xA3, 0xA3, 0x9F, 0x9E, 0x9F, 0x9D, 0xA0, 0x9B, 0x50, 0xA9, 0x9C, 0x95, 0xD1, 0xCF, 0xA7, 0xB9, 0x93, 0xE9, 0xAC, 0x99, 0xF5, 0xAA,
    0xD2, 0xD2, 0x96, 0x96, 0xAA, 0xD2, 0xAA, 0xEB, 0xAA, 0xD2, 0x8E, 0x8F, 0xE9, 0xAA, 0xE9, 0xAC, 0x8F, 0x92, 0x92, 0x8E, 0x8C, 0x46, 0x49, 0x8F,
    0x92, 0x8E, 0x8F, 0x93, 0x8E, 0x48, 0x8E, 0x8F, 0x47, 0x45, 0x48, 0x47, 0x47, 0x8E, 0x49, 0x13, 0x26, 0x93, 0x4C, 0x49, 0x21, 0x09, 0x0A, 0x0A,
    0x0A, 0x0A, 0x09, 0x0A, 0x0A, 0x0A, 0x0A, 0x0A, 0x0A, 0x0A, 0x0A, 0x09, 0x09, 0x13, 0x13, 0x16, 0x47, 0x49, 0x49, 0x47, 0x49, 0x46, 0x46, 0x49,
    0x47, 0x23, 0x21, 0x45, 0x21, 0x21, 0x21, 0x21, 0x46, 0x4A, 0x8F, 0xD2, 0x94, 0xA6, 0xCD, 0xC4, 0x4F, 0xAA, 0xD4, 0xAB, 0xAB, 0xAB, 0xCD, 0xD4,
    0x99, 0x9D, 0xD1, 0xAA, 0x95, 0xE9, 0xAB, 0xA6, 0xA9, 0xCE, 0xC4, 0xA7, 0xA7, 0xD2, 0xD2, 0xCD, 0xAA, 0x8E, 0xCD, 0xCD, 0xA9, 0xEE, 0xE9, 0x95,
    0xA0, 0x9C, 0xD0, 0xA9, 0x54, 0x9F, 0xA0, 0xA8, 0xB9, 0xA5, 0xA3, 0xA4, 0xA3, 0x7A, 0xCF, 0xB8, 0xB8, 0xBC, 0xED, 0xC6, 0xA4, 0xB1, 0xB8, 0xB2,
    0xE5, 0xFF, 0xCC, 0xD9, 0xF8, 0xDF, 0xE5, 0xE4, 0xE0, 0xE0, 0xE4, 0xBA, 0xA2, 0xB1, 0x82, 0xD7, 0xF4, 0xCA, 0xCA, 0xD7, 0xD7, 0xDD, 0xD6, 0xE6,
    0xFA, 0xC7, 0x55, 0x77, 0x61, 0xE8, 0xF9, 0x80, 0xE8, 0xD5, 0x35, 0x44, 0x86, 0x44, 0x86, 0x86, 0x35, 0x3C, 0x86, 0x86, 0x86, 0x86, 0xFF, 0x1F,
    0x0F, 0xF0, 0x35, 0x0F, 0xD5, 0xC6, 0xE0, 0xEE, 0x5E, 0x60, 0x5E, 0xBB, 0xB2, 0x51, 0x73, 0xEC, 0xDB, 0x6E, 0x79, 0x76, 0x76, 0x79, 0x79, 0xA2,
    0xE4, 0xF8, 0xCA, 0x70, 0xF0, 0xBF, 0xB6, 0xF1, 0x75, 0x3D, 0x6F, 0x75, 0x6E, 0x6B, 0xBB, 0xF6, 0xE5, 0xF9, 0xFF, 0xF8, 0xF4, 0xF6, 0xF1, 0xF1,
    0xF1, 0xF1, 0xE6, 0xEE, 0xF1, 0xF0, 0xF1, 0xFF, 0xFF, 0xFF, 0xE4, 0xE0, 0xD7, 0x6F, 0x6B, 0x75, 0xBA, 0xAD, 0x6B, 0x77, 0xFF, 0xFF, 0xFF, 0xED,
    0xBA, 0x6B, 0xC9, 0xBE, 0xCA, 0xDA, 0xBF, 0xC3, 0xBC, 0x9E, 0xB7, 0xB8, 0xC8, 0xB9, 0xBC, 0xC5, 0xB9, 0xC6, 0xDB, 0xCF, 0xB9, 0xD0, 0xFF, 0xDE,
    0xB9, 0xB9, 0xC6, 0xC5, 0xE5, 0xE2, 0xF4, 0xC5, 0xC8, 0xC6, 0xA5, 0x9F, 0x9F, 0xA5, 0xA8, 0xA0, 0xA0, 0xA8, 0x54, 0xA8, 0xA0, 0x9C, 0xDE, 0xCF,
    0xA0, 0xB9, 0x92, 0xE9, 0xAC, 0x97, 0xE5, 0xAA, 0xCD, 0xAC, 0x22, 0x0D, 0x98, 0xCD, 0xAB, 0xEA, 0xA6, 0xAB, 0x4A, 0x8F, 0xEF, 0x93, 0xAA, 0x8E,
    0x8C, 0x8F, 0x92, 0x92, 0x8F, 0x4A, 0x8B, 0x8C, 0x8F, 0x8E, 0x49, 0x8F, 0x94, 0x8E, 0x49, 0x8F, 0x4F, 0x4C, 0x46, 0x47, 0x8C, 0x49, 0x49, 0x4C,
    0x4F, 0x4C, 0x4A, 0x4A, 0x48, 0x46, 0x10, 0x09, 0x09, 0x09, 0x13, 0x0A, 0x09, 0x09, 0x09, 0x0A, 0x0A, 0x09, 0x09, 0x09, 0x13, 0x23, 0x46, 0x47,
    0x47, 0x46, 0x47, 0x47, 0x47, 0x46, 0x46, 0x23, 0x23, 0x23, 0x23, 0x49, 0x4C, 0x23, 0x46, 0x4C, 0x4F, 0x4C, 0x92, 0xAB, 0x92, 0xA7, 0xAB, 0xCD,
    0x4D, 0xA7, 0xFB, 0xD4, 0xAB, 0xAB, 0xCD, 0xD4, 0xAA, 0x9D, 0xD4, 0xAB, 0x95, 0xD1, 0xAB, 0xCD, 0xCD, 0xA7, 0xAA, 0x97, 0x93, 0x97, 0x97, 0x97,
    0x97, 0x8F, 0xCD, 0xCD, 0xA9, 0xEE, 0xE9, 0x95, 0xA0, 0xA8, 0xDC, 0xA9, 0x66, 0xDB, 0xC4, 0xA5, 0xB8, 0xA3, 0xA4, 0xA4, 0xB7, 0xB8, 0xCC, 0xC8,
    0xFF, 0xDC, 0xF0, 0xC7, 0xCB, 0xB2, 0xBC, 0xB8, 0xE6, 0xFF, 0xC7, 0xCC, 0xCC, 0xBB, 0xBB, 0xB2, 0xB2, 0xAE, 0xB2, 0xB2, 0xB0, 0xAE, 0xA2, 0xB6,
    0xE6, 0xBE, 0xDB, 0xC7, 0xBF, 0xBB, 0x7D, 0xBE, 0xFF, 0xC7, 0x51, 0x83, 0x6E, 0xF0, 0xF7, 0x83, 0xD7, 0xD5, 0xC3, 0xD5, 0xD8, 0xD8, 0xD5, 0xD5,
    0xD5, 0xC3, 0xD5, 0xD5, 0xD5, 0xD8, 0xE6, 0xB5, 0x86, 0xE8, 0xD5, 0x86, 0xE0, 0x82, 0xE6, 0xE4, 0x3F, 0x6E, 0x5F, 0xC7, 0xBA, 0x3F, 0x63, 0xE2,
    0xDB, 0x5E, 0x76, 0x76, 0x79, 0x79, 0x76, 0xA2, 0xF8, 0xFF, 0xDA, 0x70, 0xDD, 0xAD, 0xAD, 0xF6, 0x6F, 0x3D, 0x82, 0x80, 0x72, 0x6F, 0xC7, 0xC2,
    0x62, 0xA1, 0xFF, 0xA2, 0x3F, 0x6E, 0x5F, 0x5E, 0x60, 0x60, 0x51, 0x62, 0x79, 0x72, 0xA1, 0xC8, 0xFD, 0xC7, 0x3A, 0x74, 0xE0, 0x5D, 0x75, 0xB0,
    0xAD, 0x88, 0x6F, 0x6E, 0xFF, 0xF9, 0xFF, 0xD9, 0xA2, 0x6B, 0x71, 0x6F, 0x6B, 0x7E, 0x5D, 0xB0, 0xDB, 0x9E, 0xA5, 0xB9, 0xE3, 0xB9, 0xB7, 0xB1,
    0xA5, 0xB9, 0xB9, 0xB9, 0xA5, 0xC8, 0xFF, 0xDE, 0xB9, 0xA5, 0xCC, 0xCE, 0xE5, 0xCE, 0xCF, 0xC5, 0xDC, 0xCC, 0xA5, 0x9B, 0x9F, 0x9F, 0xA5, 0x9F,
    0x9C, 0x9E, 0x50, 0xA0, 0xA5, 0x9C, 0xCF, 0xC5, 0x9C, 0xB9, 0x92, 0xE9, 0xAC, 0x97, 0xEE, 0xAA, 0xD2, 0x9A, 0x47, 0x24, 0x97, 0xCD, 0xAC, 0xE9,
    0xAA, 0xAB, 0x49, 0x8F, 0xEF, 0x99, 0xAB, 0x8E, 0x8C, 0x8C, 0x8C, 0x92, 0x93, 0x8F, 0x8E, 0x8C, 0x49, 0x94, 0x4A, 0x49, 0x8E, 0x8F, 0x8C, 0x49,
    0x8E, 0x92, 0x8F, 0x49, 0x49, 0x49, 0x49, 0x47, 0x49, 0x4C, 0x4C, 0x4A, 0x49, 0x49, 0x23, 0x20, 0x13, 0x20, 0x21, 0x21, 0x13, 0x13, 0x13, 0x09,
    0x0A, 0x13, 0x16, 0x23, 0x23, 0x47, 0x47, 0x47, 0x23, 0x46, 0x47, 0x47, 0x23, 0x23, 0x23, 0x21, 0x23, 0x4C, 0x92, 0x50, 0x94, 0x4C, 0x49, 0x92,
    0x4F, 0x4A, 0x8F, 0xD2, 0x92, 0xA7, 0xA9, 0xA7, 0x95, 0x96, 0x99, 0x94, 0x4C, 0x92, 0x94, 0x96, 0xCD, 0x9C, 0xD1, 0xAB, 0x95, 0xD4, 0xD2, 0xE1,
    0x99, 0x8F, 0x8E, 0x8E, 0x99, 0x99, 0x93, 0x97, 0x8F, 0x8F, 0xCD, 0xAB, 0xA9, 0xEE, 0xE1, 0x95, 0xA0, 0xB9, 0xCF, 0xA7, 0x53, 0xDF, 0xA8, 0xA5,
    0xA3, 0x9F, 0x9E, 0x9E, 0xCF, 0xCC, 0xCF, 0xBC, 0xE2, 0xC5, 0xF6, 0xC7, 0xE3, 0xB7, 0xBC, 0xBC, 0xED, 0xFF, 0xBC, 0xB7, 0xBB, 0xB1, 0xB1, 0xB1,
    0xB1, 0xB2, 0xC7, 0xBC, 0xA2, 0xA2, 0xA2, 0xB2, 0xBF, 0x5B, 0x6E, 0x57, 0x58, 0x6C, 0x6F, 0xAF, 0xF8, 0xC6, 0x51, 0x74, 0x6E, 0xE6, 0xFF, 0xB2,
    0xA2, 0x80, 0x6B, 0x6B, 0x6B, 0x6B, 0x59, 0x59, 0x69, 0x6B, 0x43, 0x69, 0x6B, 0x6B, 0x6B, 0x80, 0xA4, 0x7D, 0xA2, 0x79, 0x60, 0x82, 0xF6, 0xE3,
    0x51, 0x75, 0x5F, 0xB7, 0xAE, 0x3F, 0x73, 0xE2, 0xD7, 0x51, 0x76, 0x6E, 0x73, 0x73, 0x64, 0x83, 0xD9, 0xDA, 0x7C, 0x5A, 0x70, 0x7D, 0xB4, 0xF1,
    0x71, 0x3A, 0x81, 0x77, 0x6E, 0x77, 0xCB, 0xBB, 0xA1, 0xA2, 0xFF, 0xB7, 0x63, 0xAD, 0xB0, 0xAE, 0xB1, 0xB6, 0xB6, 0xB6, 0xC2, 0xC3, 0xD9, 0xDB,
    0xFF, 0xB2, 0x5F, 0xA1, 0xDD, 0x6B, 0x81, 0xB1, 0xB2, 0xAE, 0x71, 0x72, 0xFF, 0xFF, 0xFF, 0xF1, 0xED, 0xF5, 0xF8, 0xE6, 0xE4, 0xF4, 0xE5, 0xFF,
    0xCB, 0x7A, 0xA5, 0xB9, 0xCC, 0xB8, 0xA5, 0xB8, 0xA5, 0xB9, 0xB8, 0xC6, 0xA5, 0xCF, 0xFF, 0xD0, 0xB9, 0xC6, 0xC5, 0xCF, 0xEE, 0xDB, 0xDB, 0xC5,
    0xE3, 0xBC, 0xB9, 0xC8, 0xC6, 0xB9, 0xB9, 0xA0, 0x95, 0xB9, 0x9D, 0xB9, 0xB9, 0xA8, 0xE2, 0xDE, 0xC6, 0xDE, 0xAA, 0xFB, 0xAC, 0x99, 0xFB, 0xAA,
    0xAA, 0x98, 0x14, 0x08, 0x98, 0xAA, 0xAA, 0xD4, 0xAA, 0xD3, 0x8C, 0x8F, 0xD4, 0x93, 0xAA, 0xAB, 0x8C, 0x8B, 0x49, 0x8C, 0x8F, 0x92, 0x4C, 0x4A,
    0x47, 0x49, 0x92, 0x8E, 0x49, 0x47, 0x8C, 0x8C, 0x8C, 0x8E, 0x92, 0x92, 0x4A, 0x47, 0x8C, 0x8E, 0x48, 0x49, 0x4A, 0x4C, 0x4A, 0x49, 0x49, 0x46,
    0x46, 0x21, 0x20, 0x20, 0x20, 0x21, 0x21, 0x20, 0x23, 0x46, 0x47, 0x47, 0x47, 0x46, 0x46, 0x46, 0x23, 0x23, 0x46, 0x23, 0x23, 0x23, 0x21, 0x47,
    0x4F, 0x4F, 0x4F, 0x4F, 0x4F, 0x4A, 0x4A, 0x4C, 0x4C, 0x4C, 0xD3, 0xD2, 0x54, 0x9D, 0xA9, 0xA7, 0xA7, 0x94, 0x92, 0x50, 0x50, 0x95, 0x54, 0xA6,
    0xC4, 0x67, 0xD1, 0xAB, 0x9D, 0xD4, 0xD2, 0x97, 0x90, 0x97, 0x93, 0xAA, 0x99, 0x99, 0x99, 0xAA, 0x97, 0x8F, 0xCE, 0xAB, 0xA7, 0xEE, 0xE9, 0xA6,
    0xB9, 0xC4, 0xE2, 0xCD, 0x9D, 0xA5, 0xA8, 0xC6, 0xCE, 0xB8, 0xC7, 0xBC, 0xC6, 0xC8, 0xE3, 0xB7, 0xCC, 0xDF, 0xFC, 0xE3, 0xCC, 0xA4, 0xCC, 0xDC,
    0xE6, 0xFF, 0xC7, 0xB1, 0xB1, 0xB2, 0xAE, 0xB1, 0xB2, 0xB1, 0xBA, 0xBB, 0xA2, 0xB1, 0xB1, 0xB2, 0xFB, 0xDD, 0xE5, 0xE4, 0xE3, 0xED, 0xF6, 0xE8,
    0xFF, 0xCC, 0x5E, 0x79, 0x78, 0xBF, 0x78, 0xFF, 0xFF, 0xFF, 0xFF, 0xFF, 0xFF, 0xFF, 0xFF, 0xFF, 0xFF, 0xFF, 0xFF, 0xFD, 0xFD, 0xF0, 0xF4, 0xF0,
    0xF0, 0xF0, 0xE6, 0xDD, 0xE3, 0xFF, 0xFF, 0xE4, 0x3A, 0x6E, 0x5E, 0xC7, 0xA2, 0x3F, 0x6E, 0xDC, 0xE0, 0x79, 0xAE, 0xAE, 0xA2, 0xA2, 0xA2, 0xBB,
    0x5A, 0x59, 0x69, 0xB0, 0x88, 0x71, 0xBB, 0xF0, 0x77, 0x41, 0x79, 0x77, 0x77, 0x81, 0xCC, 0xBA, 0x60, 0xA4, 0xFF, 0xFF, 0xFF, 0xFF, 0xFF, 0xFF,
    0xFF, 0xFF, 0xFF, 0xFF, 0xFF, 0xFF, 0xFF, 0xFF, 0xFF, 0xB1, 0x5C, 0x81, 0xD7, 0x55, 0x81, 0x75, 0xBB, 0xBA, 0x75, 0x77, 0xFF, 0xF9, 0xFD, 0xE6,
    0x5E, 0x3F, 0x3F, 0x3A, 0x30, 0x3A, 0x43, 0x30, 0xDB, 0xA4, 0xA1, 0xA4, 0xB7, 0xA4, 0xA4, 0xB1, 0xA5, 0xB9, 0xB8, 0xB8, 0xA5, 0xCF, 0xFF, 0xDE,
    0xD0, 0xC8, 0xC4, 0xC5, 0xF4, 0xD1, 0xCD, 0xD1, 0xD1, 0xD1, 0xC5, 0xFB, 0xD1, 0xA9, 0xC4, 0xAB, 0xAB, 0xCE, 0x96, 0xCE, 0xA8, 0x95, 0xE1, 0xD2,
    0x92, 0xA6, 0x93, 0xD3, 0xAA, 0x97, 0xF3, 0x99, 0xAA, 0x98, 0x17, 0x14, 0x90, 0x99, 0x9A, 0xE9, 0xAA, 0xD4, 0x8E, 0x8F, 0xD4, 0x93, 0xA6, 0xF7,
    0x99, 0x49, 0x8C, 0x49, 0x48, 0x4A, 0x8F, 0x8F, 0x8E, 0x49, 0x48, 0x8F, 0x93, 0x8E, 0x49, 0x8C, 0x49, 0x4A, 0x8E, 0x4C, 0x8F, 0x8F, 0x47, 0x49,
    0x8F, 0x49, 0x46, 0x47, 0x49, 0x49, 0x4A, 0x4A, 0x49, 0x49, 0x47, 0x23, 0x21, 0x21, 0x21, 0x46, 0x23, 0x23, 0x23, 0x23, 0x47, 0x23, 0x23, 0x23,
    0x23, 0x21, 0x21, 0x23, 0x23, 0x23, 0x49, 0x4C, 0x4C, 0x4F, 0x8F, 0x8F, 0x4F, 0x4C, 0x4C, 0x4C, 0x4C, 0x96, 0xCD, 0xCD, 0x50, 0x95, 0xA7, 0xD2,
    0xD4, 0xA6, 0x96, 0x95, 0xC5, 0xCE, 0xCD, 0xCE, 0xAB, 0xA0, 0xD1, 0xCD, 0xA6, 0xEF, 0x97, 0x8F, 0x97, 0x97, 0xAA, 0xAA, 0x99, 0x9A, 0xAA, 0x99,
    0x93, 0x99, 0xEC, 0xEA, 0xE9, 0xF3, 0xEE, 0x96, 0x95, 0xC4, 0xA8, 0xE9, 0xCD, 0xD2, 0xD4, 0xCD, 0xCE, 0xCD, 0xCE, 0xEE, 0xB9, 0xC5, 0xD0, 0xDF,
    0xCD, 0xA7, 0xFA, 0xD9, 0xB8, 0xBC, 0xC8, 0xD0, 0xF1, 0xFF, 0xC7, 0xB1, 0xB1, 0xB1, 0xA2, 0xB1, 0xB1, 0xB1, 0xB1, 0xAE, 0xB1, 0xAE, 0xA2, 0xE4,
    0x59, 0x3E, 0x43, 0x6F, 0x6B, 0x6B, 0x6A, 0x56, 0xF4, 0xD9, 0x5F, 0x79, 0x78, 0xDD, 0x30, 0x30, 0x30, 0x30, 0x39, 0x3E, 0x34, 0x34, 0x40, 0x3A,
    0x38, 0x3D, 0x39, 0x39, 0x39, 0x5D, 0x5B, 0x5D, 0x64, 0xA1, 0xB2, 0xB2, 0xA3, 0xB2, 0xB7, 0x2D, 0x51, 0x72, 0x62, 0xC7, 0xB1, 0x5B, 0x62, 0xDF,
    0xE4, 0xC7, 0xDB, 0xB8, 0xCC, 0xDF, 0xB8, 0xDB, 0xAD, 0xB6, 0xBA, 0xBA, 0x82, 0x81, 0xBA, 0xE6, 0x82, 0x41, 0xA1, 0x62, 0xA2, 0x88, 0xC9, 0xC2,
    0x5F, 0x83, 0xFF, 0xDF, 0xDB, 0xDB, 0xDB, 0xA2, 0xA1, 0xB1, 0xB1, 0x78, 0x63, 0x52, 0x83, 0xB2, 0xF1, 0xB2, 0x60, 0xB2, 0xDB, 0x55, 0xAE, 0x81,
    0xBB, 0xB0, 0x77, 0x81, 0xFF, 0xFF, 0xF8, 0xE0, 0x72, 0x1B, 0x29, 0x29, 0x2D, 0x2D, 0x34, 0x28, 0x3F, 0xE5, 0xA1, 0xA4, 0xB7, 0xB7, 0xB1, 0xA4,
    0xA5, 0xB8, 0xB9, 0xB9, 0xB9, 0xCF, 0xFF, 0xDC, 0xB9, 0xB9, 0xB9, 0xA8, 0xED, 0xD1, 0x95, 0xD1, 0xCD, 0xAB, 0xA9, 0xF1, 0xCE, 0x9D, 0xAB, 0xAB,
    0xA6, 0xCE, 0xA6, 0xC4, 0x9F, 0x95, 0xD1, 0xEC, 0x95, 0x95, 0x95, 0x94, 0xD2, 0x93, 0xEF, 0x9A, 0xAA, 0x9A, 0x17, 0x0D, 0x91, 0x99, 0x9A, 0xD4,
    0xAA, 0xD4, 0x4A, 0x8E, 0xD2, 0x99, 0xAC, 0xD4, 0xD4, 0x94, 0x47, 0x8F, 0x8C, 0x46, 0x47, 0x49, 0x8E, 0x8E, 0x47, 0x47, 0x47, 0x8C, 0x93, 0x8E,
    0x49, 0x49, 0x47, 0x47, 0x47, 0x49, 0x4A, 0x49, 0x49, 0x49, 0x47, 0x23, 0x23, 0x23, 0x46, 0x49, 0x4A, 0x4A, 0x49, 0x4A, 0x49, 0x47, 0x47, 0x47,
    0x23, 0x21, 0x21, 0x21, 0x21, 0x23, 0x23, 0x23, 0x23, 0x47, 0x49, 0x49, 0x4A, 0x4A, 0x4F, 0x4C, 0x4C, 0x4C, 0x4C, 0x4C, 0x4C, 0x4C, 0x4C, 0x49,
    0x96, 0xCD, 0xD2, 0xA7, 0x50, 0x95, 0xAB, 0xD4, 0xAA, 0x92, 0x4C, 0xA6, 0xCD, 0xCD, 0xCD, 0xD2, 0xD2, 0xA8, 0xCE, 0xD2, 0xA9, 0xD2, 0x93, 0x99,
    0x93, 0x9A, 0xD3, 0xAC, 0x99, 0x99, 0x97, 0x97, 0x99, 0x99, 0x4F, 0x94, 0x50, 0xEC, 0xE5, 0x95, 0x95, 0xA9, 0xA5, 0xD4, 0x96, 0xAA, 0xAB, 0xA7,
    0xA7, 0xA6, 0xAB, 0xEE, 0xC5, 0xC5, 0xCD, 0xDC, 0x95, 0xA0, 0xFF, 0xB8, 0xB8, 0xB9, 0x9F, 0xCF, 0xED, 0xFF, 0xCC, 0xB2, 0xB1, 0xA2, 0xA2, 0xAE,
    0xB2, 0xB2, 0xB7, 0xB1, 0xB1, 0x81, 0xCA, 0x85, 0x29, 0x2E, 0x2E, 0x2E, 0x2E, 0x2E, 0x28, 0x34, 0xE6, 0xD9, 0x62, 0x79, 0x74, 0xE3, 0x79, 0x51,
    0x3F, 0x51, 0x41, 0x55, 0x39, 0x38, 0x3D, 0x3D, 0x34, 0x34, 0x38, 0x34, 0x34, 0x3A, 0x30, 0x34, 0x2D, 0x2D, 0x29, 0x2D, 0x29, 0x29, 0x29, 0x3A,
    0xA1, 0xDB, 0x82, 0xC2, 0xB2, 0x5B, 0x62, 0xE5, 0xD9, 0x81, 0xC7, 0x64, 0xBB, 0xDE, 0x79, 0xC2, 0x71, 0x75, 0x82, 0x71, 0xAD, 0xC7, 0xDF, 0xE8,
    0x88, 0x57, 0x73, 0x7A, 0x73, 0x81, 0xDB, 0xC7, 0x5F, 0xA2, 0xFF, 0x52, 0x2D, 0x30, 0x30, 0x30, 0x30, 0x3F, 0x51, 0x30, 0x30, 0x3F, 0x73, 0x76,
    0xF4, 0xC2, 0x6E, 0xBA, 0xED, 0x58, 0xBA, 0xC7, 0xCA, 0xB2, 0x77, 0x81, 0xFF, 0xFF, 0xFD, 0xE3, 0xDF, 0x3D, 0x28, 0x3E, 0x38, 0x3D, 0x38, 0x38,
    0x29, 0xA2, 0xDC, 0xA3, 0xB8, 0xB7, 0xB1, 0xB7, 0xA4, 0xB1, 0xB9, 0xB9, 0xB9, 0xC8, 0xFF, 0xED, 0xCF, 0xA8, 0xC4, 0xB9, 0xED, 0xE1, 0xA6, 0xCE,
    0xA9, 0xA9, 0xA9, 0xEB, 0xE1, 0xA7, 0xC4, 0xA9, 0x9D, 0xD1, 0xAB, 0xCE, 0xA5, 0xA8, 0xE1, 0xFF, 0xFA, 0x9C, 0x9E, 0x54, 0x93, 0x99, 0xD4, 0x9A,
    0xAC, 0x9A, 0x17, 0x0D, 0x91, 0xAA, 0xAA, 0xE9, 0xAC, 0xD4, 0x8C, 0x8E, 0xD4, 0x99, 0xAC, 0xEC, 0xAB, 0xCD, 0x93, 0x49, 0x8F, 0x8E, 0x8C, 0x47,
    0x8E, 0x8F, 0x8F, 0x8C, 0x47, 0x46, 0x47, 0x49, 0x49, 0x49, 0x49, 0x49, 0x47, 0x46, 0x47, 0x47, 0x47, 0x47, 0x47, 0x49, 0x49, 0x47, 0x46, 0x46,
    0x23, 0x46, 0x47, 0x47, 0x46, 0x46, 0x47, 0x47, 0x47, 0x46, 0x47, 0x47, 0x49, 0x4A, 0x4A, 0x4A, 0x4A, 0x4A, 0x4A, 0x4A, 0x4C, 0x4A, 0x4A, 0x4A,
    0x49, 0x4A, 0x4A, 0x4A, 0x4C, 0x4C, 0x49, 0x96, 0xCD, 0xAA, 0xD4, 0xA7, 0x54, 0xA6, 0xD2, 0xCD, 0x4F, 0x94, 0xD4, 0xD4, 0xD2, 0xAB, 0xAB, 0xCD,
    0xD2, 0xCD, 0xCE, 0xD4, 0x96, 0x97, 0xAA, 0x99, 0xAA, 0xAC, 0x93, 0x8F, 0x93, 0x99, 0x97, 0x97, 0xAA, 0x4A, 0x66, 0x4E, 0xCD, 0xFF, 0xE5, 0xA7,
    0xA6, 0xC4, 0xC5, 0xE1, 0xCE, 0xAB, 0xA6, 0xA9, 0xA9, 0xA7, 0xCD, 0xEE, 0xC5, 0xC5, 0xC5, 0xCF, 0x9D, 0xC4, 0xFF, 0xC8, 0xC6, 0xA0, 0xA0, 0xED,
    0xF6, 0xFF, 0xCC, 0xB2, 0xA2, 0xB1, 0xAE, 0xAE, 0xB1, 0xB1, 0xB1, 0xA2, 0x80, 0xBA, 0xC3, 0x28, 0x2E, 0x34, 0x38, 0x38, 0x39, 0x2D, 0x3A, 0xD5,
    0xE8, 0xD9, 0x63, 0x83, 0x79, 0xE4, 0x74, 0x76, 0x74, 0xA1, 0x81, 0x83, 0x83, 0x83, 0x83, 0xA2, 0x80, 0xA2, 0x83, 0x76, 0x79, 0x77, 0x78, 0x78,
    0x73, 0x77, 0x73, 0x76, 0x76, 0x62, 0x6E, 0x74, 0x63, 0x75, 0x6C, 0xD9, 0xA2, 0x51, 0x62, 0xDF, 0xE3, 0xB2, 0xC2, 0xB1, 0xC7, 0xDB, 0x83, 0xB2,
    0xE0, 0xDF, 0xD9, 0xE3, 0xD9, 0xBA, 0xDB, 0xDD, 0x71, 0x6B, 0xD9, 0xBA, 0xAF, 0x75, 0xE0, 0xD7, 0x62, 0xAD, 0xFF, 0xB8, 0x72, 0xA3, 0x79, 0xBA,
    0xC2, 0xC6, 0xB8, 0xC6, 0xBB, 0xDD, 0xE7, 0xC2, 0xFF, 0xBB, 0x6E, 0xBA, 0xED, 0x55, 0xAE, 0xA3, 0xD9, 0xB7, 0x76, 0x7E, 0xFF, 0xFF, 0xFF, 0xF0,
    0xCA, 0xD7, 0x29, 0x29, 0x3A, 0x2E, 0x2D, 0x34, 0x2E, 0x29, 0xC8, 0xBC, 0xB7, 0xB8, 0xB1, 0xB9, 0xB9, 0xB8, 0xB7, 0xB8, 0xB8, 0xCC, 0xFF, 0xFF,
    0xF8, 0xCE, 0xC4, 0xA8, 0xF1, 0xD0, 0x9D, 0xCE, 0xAB, 0xA9, 0xC4, 0xEA, 0xCD, 0xA6, 0x96, 0xA6, 0xA7, 0xE2, 0xAB, 0xD0, 0xB9, 0xA7, 0xE2, 0xFF,
    0xEC, 0xE1, 0x54, 0x66, 0x4F, 0x92, 0xFA, 0x99, 0xAB, 0x9A, 0x17, 0x14, 0x90, 0xAC, 0xAC, 0xEB, 0xAC, 0xD3, 0x4A, 0x8E, 0xD2, 0x99, 0xAC, 0xFF,
    0xD4, 0xCD, 0xAC, 0x8F, 0x8E, 0x49, 0x8E, 0x8C, 0x47, 0x49, 0x8E, 0x8F, 0x8F, 0x8E, 0x4A, 0x4A, 0x47, 0x45, 0x46, 0x49, 0x8C, 0x8C, 0x49, 0x46,
    0x47, 0x47, 0x46, 0x45, 0x21, 0x46, 0x47, 0x47, 0x46, 0x46, 0x46, 0x46, 0x46, 0x46, 0x47, 0x47, 0x49, 0x47, 0x49, 0x49, 0x4A, 0x49, 0x49, 0x49,
    0x49, 0x47, 0x47, 0x49, 0x49, 0x8E, 0x49, 0x49, 0x90, 0x8F, 0x8F, 0x92, 0x4C, 0x49, 0x96, 0xCE, 0xAB, 0x96, 0xCD, 0x94, 0xA6, 0xD1, 0xA9, 0x95,
    0x50, 0xCD, 0xEA, 0xCD, 0xA7, 0x9D, 0x9D, 0xCD, 0xD4, 0xAA, 0x8F, 0x8E, 0x97, 0xAA, 0xAA, 0x9A, 0x99, 0x8F, 0x8F, 0x99, 0xAA, 0x99, 0x99, 0xAA,
    0x4C, 0x66, 0x4E, 0xA0, 0xFB, 0xFF, 0xE5, 0xC4, 0xA6, 0xA9, 0xC5, 0xE1, 0xE1, 0xD4, 0xAB, 0xA9, 0xC4, 0xA7, 0xA9, 0xDE, 0xC4, 0xC4, 0xC5, 0xD9,
    0x95, 0xA8, 0xFF, 0xCF, 0xB9, 0xC4, 0xE2, 0xF9, 0xF6, 0xFF, 0xC7, 0xB2, 0xB1, 0xB1, 0xB1, 0xB1, 0xB1, 0xB1, 0xB1, 0x83, 0x88, 0xDD, 0x2E, 0x2E,
    0x38, 0x2E, 0x34, 0x34, 0x28, 0x3A, 0xC0, 0xC0, 0xF0, 0xD9, 0x64, 0x83, 0x78, 0xE4, 0x79, 0x74, 0x64, 0xB8, 0x6E, 0x5C, 0x6E, 0x73, 0x62, 0x61,
    0x60, 0x6E, 0x60, 0x6E, 0x62, 0x62, 0x64, 0x6E, 0x73, 0x76, 0x62, 0x78, 0x74, 0x74, 0x74, 0x73, 0x6E, 0x5F, 0x41, 0xB2, 0xB1, 0x51, 0x62, 0xE5,
    0xDB, 0x76, 0x79, 0x79, 0x7A, 0x79, 0xA1, 0xCB, 0x7D, 0x72, 0x5D, 0x77, 0x61, 0x57, 0x77, 0xC1, 0x6B, 0x40, 0x88, 0x75, 0xB6, 0x77, 0xD9, 0xD9,
    0x75, 0xB0, 0xFF, 0xB7, 0x5C, 0x7A, 0x76, 0xA4, 0xB1, 0xB2, 0xBB, 0xCC, 0xB2, 0xBC, 0xED, 0xC8, 0xFF, 0xBF, 0x6E, 0xC2, 0xF1, 0x5D, 0xAE, 0x64,
    0xC2, 0xBD, 0xB0, 0x7D, 0xF9, 0xFD, 0xFD, 0xED, 0xDB, 0xD9, 0xBD, 0x29, 0x2E, 0x2E, 0x2D, 0x2D, 0x34, 0x28, 0x2D, 0xED, 0xA3, 0xB8, 0xB8, 0xB1,
    0xB8, 0xB7, 0xB8, 0xB9, 0xB9, 0xCC, 0xFF, 0xF4, 0xF7, 0xE5, 0xC4, 0xB9, 0xED, 0xCE, 0x9D, 0xCE, 0xC4, 0xCD, 0xCD, 0xED, 0xCD, 0x99, 0x96, 0xAB,
    0xD4, 0xFF, 0xAB, 0xCE, 0xB9, 0xA7, 0xE1, 0xFF, 0xEE, 0xEA, 0xE2, 0x53, 0x67, 0x95, 0x96, 0xAC, 0xAB, 0x9A, 0x24, 0x1A, 0x9A, 0xCD, 0xAA, 0xEA,
    0xAA, 0xD4, 0x4A, 0x8F, 0xD4, 0x96, 0xAC, 0xEB, 0xD2, 0xD2, 0xAA, 0x99, 0x49, 0x45, 0x8C, 0x90, 0x8C, 0x47, 0x47, 0x49, 0x8F, 0x8F, 0x93, 0x93,
    0x99, 0x4A, 0x48, 0x49, 0x49, 0x47, 0x8C, 0x49, 0x47, 0x46, 0x47, 0x49, 0x47, 0x46, 0x21, 0x21, 0x21, 0x23, 0x23, 0x23, 0x21, 0x21, 0x45, 0x23,
    0x23, 0x23, 0x23, 0x45, 0x46, 0x47, 0x47, 0x47, 0x46, 0x4C, 0x4F, 0x49, 0x8F, 0x26, 0x92, 0x8F, 0x24, 0x8E, 0x4A, 0x46, 0x4A, 0x92, 0x95, 0xA6,
    0xAB, 0x94, 0xD4, 0xAB, 0xD2, 0x96, 0x4C, 0x94, 0xA6, 0xD2, 0xD4, 0xA9, 0xA6, 0xA7, 0xCD, 0xE9, 0xAA, 0x93, 0x8E, 0x97, 0xAC, 0x97, 0x97, 0xAC,
    0x8F, 0x93, 0x9A, 0x9A, 0xAA, 0x99, 0xAC, 0x92, 0x54, 0x4E, 0xA5, 0xEC, 0xE9, 0xFF, 0xE2, 0xA9, 0xA9, 0xA9, 0xC5, 0xE1, 0xCE, 0xF7, 0xEB, 0xA6,
    0xA6, 0xD0, 0xCE, 0xDE, 0xC6, 0xC5, 0xC5, 0xD0, 0xA5, 0xB9, 0xFF, 0xC5, 0xC5, 0xB9, 0xFF, 0xEF, 0xF3, 0xFF, 0xC7, 0xB2, 0xB2, 0xA2, 0xA2, 0xA2,
    0xA2, 0xAE, 0xB1, 0x79, 0xE3, 0x40, 0x28, 0x34, 0x2E, 0x2E, 0x2E, 0x2E, 0x29, 0x70, 0xDA, 0xBE, 0xE8, 0xDB, 0x5F, 0x76, 0x73, 0xE0, 0x79, 0x79,
    0xCC, 0xBF, 0xB7, 0xB2, 0xB2, 0xA2, 0x77, 0x77, 0x77, 0x6E, 0x6B, 0x6E, 0x62, 0x62, 0x63, 0x5F, 0x62, 0x62, 0x5F, 0x73, 0x60, 0x6E, 0x74, 0x74,
    0x73, 0x5F, 0x5F, 0xBB, 0xB1, 0x5B, 0x5F, 0xED, 0xDB, 0x74, 0xA4, 0xA3, 0xA4, 0xA1, 0xAE, 0xD9, 0x71, 0x7D, 0x75, 0x77, 0x82, 0x88, 0xA2, 0xD8,
    0xAD, 0x6B, 0x88, 0xA2, 0xC7, 0xB0, 0xE0, 0xCA, 0x6E, 0xB2, 0xFF, 0xC7, 0xA4, 0xC6, 0xDB, 0xDF, 0xE3, 0xE2, 0xE4, 0xED, 0xED, 0xE3, 0xE6, 0xE6,
    0xFF, 0xC7, 0x73, 0xC7, 0xEE, 0x71, 0xC2, 0xBB, 0xBF, 0xDA, 0xE0, 0x83, 0xFF, 0xF9, 0xFF, 0xE3, 0xDF, 0xCC, 0xCA, 0x41, 0x28, 0x2E, 0x28, 0x28,
    0x2D, 0x2E, 0x28, 0x3F, 0xE5, 0xA3, 0xB8, 0xB8, 0xB1, 0xB8, 0xB9, 0xB8, 0xA5, 0xCF, 0xFF, 0xF1, 0xEC, 0xE3, 0xA8, 0xA8, 0xED, 0xCE, 0xA7, 0xD1,
    0xC4, 0xD4, 0xD1, 0xF8, 0xD2, 0xAA, 0xAB, 0xCD, 0xAB, 0xEF, 0xD2, 0xD4, 0xC5, 0xCD, 0xEB, 0xFF, 0xF6, 0xEC, 0xEC, 0xD1, 0x53, 0x67, 0x4F, 0x96,
    0xEB, 0xAA, 0xAC, 0xAC, 0xAC, 0xD3, 0xAA, 0xD4, 0xAA, 0xD4, 0x8F, 0x97, 0xEB, 0xAA, 0xD3, 0xEB, 0xAB, 0xAB, 0xAA, 0x97, 0x8C, 0x45, 0x49, 0x8C,
    0x8C, 0x47, 0x47, 0x49, 0x49, 0x47, 0x45, 0x45, 0x46, 0x48, 0x8C, 0x49, 0x49, 0x47, 0x47, 0x46, 0x46, 0x45, 0x21, 0x46, 0x46, 0x46, 0x45, 0x45,
    0x45, 0x47, 0x46, 0x46, 0x47, 0x47, 0x49, 0x45, 0x21, 0x45, 0x21, 0x21, 0x23, 0x21, 0x21, 0x21, 0x20, 0x8F, 0x94, 0x26, 0x4C, 0x16, 0x4A, 0x8F,
    0x16, 0x4A, 0x26, 0x16, 0x4C, 0x9D, 0x95, 0xAB, 0xD2, 0xD2, 0xAB, 0x99, 0x93, 0x8F, 0x96, 0xCE, 0xD1, 0xCE, 0xCD, 0xA6, 0xA6, 0xCD, 0xAC, 0xAA,
    0x8F, 0x99, 0x99, 0xAC, 0xAA, 0x9A, 0x97, 0x8F, 0x8F, 0x96, 0x9A, 0x99, 0x99, 0xAA, 0x92, 0x94, 0x53, 0x9C, 0xEB, 0xE2, 0xF7, 0xFF, 0xE5, 0xCE,
    0xCD, 0xD4, 0xD0, 0xEB, 0xE1, 0xEC, 0xE1, 0xC4, 0xCD, 0xCE, 0xCE, 0xE2, 0xD0, 0xCF, 0xCE, 0xDE, 0xA0, 0xB9, 0xFF, 0xCF, 0xD0, 0xB9, 0xF9, 0xEB,
    0xEE, 0xFF, 0xC2, 0xB1, 0xB1, 0xA3, 0xB1, 0xA2, 0xA2, 0xB1, 0x83, 0xCC, 0x7C, 0x28, 0x2E, 0x2E, 0x2E, 0x2E, 0x2E, 0x1B, 0x59, 0xB5, 0xCA, 0xD7,
    0xF6, 0xCB, 0x5E, 0x79, 0x74, 0xE5, 0x76, 0xA1, 0xFF, 0xF6, 0xF6, 0xFF, 0xFF, 0xF4, 0xF8, 0xF8, 0xF0, 0xE4, 0xE4, 0xE0, 0xD9, 0xB1, 0x62, 0xBA,
    0xBC, 0xBC, 0xAE, 0x79, 0x77, 0x63, 0x62, 0x63, 0x64, 0x64, 0x62, 0xBC, 0xA2, 0x3F, 0x6E, 0xE8, 0xDB, 0x72, 0xA4, 0xA1, 0x83, 0x79, 0x83, 0xC6,
    0x82, 0x88, 0xA2, 0xB0, 0xAD, 0x88, 0x85, 0xD6, 0x85, 0x71, 0xA2, 0x81, 0x81, 0x88, 0xDB, 0xC3, 0x72, 0xB0, 0xFF, 0xF8, 0xF8, 0xE3, 0xD9, 0xDB,
    0xBB, 0xC2, 0xBB, 0xBA, 0x82, 0x5F, 0x5F, 0xB1, 0xFF, 0xC2, 0x5F, 0xC2, 0xF1, 0x6C, 0xA2, 0x77, 0x82, 0xBB, 0x6F, 0x77, 0xFF, 0xF9, 0xFF, 0xED,
    0xD9, 0xD9, 0xBD, 0xD5, 0x29, 0x1B, 0x2E, 0x3A, 0x2D, 0x29, 0x2D, 0x28, 0xB7, 0xCC, 0xA4, 0xB9, 0xB8, 0xB8, 0xA5, 0xB8, 0xC5, 0xCF, 0xFF, 0xF6,
    0xF9, 0xE2, 0xC4, 0xB9, 0xED, 0xD1, 0xA7, 0xE5, 0xD1, 0xEC, 0xE2, 0xFF, 0xE9, 0xE9, 0xEF, 0xEF, 0xEB, 0xF1, 0xF7, 0xDF, 0xC6, 0xC8, 0xBC, 0xFF,
    0xFF, 0xF4, 0xE9, 0xEA, 0xD0, 0x4E, 0x9B, 0x4C, 0x96, 0xCD, 0x94, 0x96, 0xAA, 0xAA, 0xAC, 0xD4, 0xAB, 0xE9, 0x93, 0x9A, 0xF7, 0x96, 0xAB, 0xFB,
    0xD2, 0xD2, 0xAA, 0x99, 0x48, 0x21, 0x45, 0x45, 0x46, 0x47, 0x45, 0x47, 0x47, 0x46, 0x45, 0x45, 0x21, 0x21, 0x20, 0x21, 0x21, 0x21, 0x21, 0x45,
    0x23, 0x21, 0x21, 0x21, 0x21, 0x21, 0x45, 0x47, 0x46, 0x21, 0x21, 0x21, 0x21, 0x21, 0x21, 0x21, 0x21, 0x21, 0x47, 0x23, 0x49, 0x49, 0x49, 0x47,
    0x47, 0x4A, 0x96, 0x93, 0x94, 0x92, 0x8F, 0x94, 0x99, 0xAA, 0x92, 0x92, 0xA9, 0xA7, 0xA7, 0xCD, 0xAA, 0xA6, 0x93, 0x96, 0xAA, 0x94, 0x8F, 0x97,
    0x99, 0x96, 0x96, 0xAA, 0x99, 0x99, 0x93, 0x99, 0xAA, 0xAA, 0x99, 0xAA, 0xAC, 0x99, 0x8E, 0x8E, 0x97, 0x99, 0x99, 0x93, 0xAA, 0x8F, 0x94, 0x53,
    0x9C, 0xEB, 0xE1, 0xF3, 0xFF, 0xFF, 0xFF, 0xE1, 0xEA, 0xE1, 0xC4, 0xFD, 0xF4, 0xEE, 0xF6, 0xFD, 0xFF, 0xEA, 0xCE, 0xE5, 0xF6, 0xE1, 0xD1, 0xE5,
    0xA0, 0xA8, 0xFF, 0xCF, 0xE2, 0xCF, 0xF9, 0xFD, 0xFF, 0xFF, 0xBC, 0xCC, 0xB7, 0xB1, 0xA2, 0xAE, 0xAE, 0xA2, 0xB6, 0xD7, 0x28, 0x28, 0x2C, 0x2E,
    0x2C, 0x2C, 0x1D, 0x28, 0xB5, 0xD9, 0xD6, 0xDD, 0xFF, 0xCF, 0x5F, 0x79, 0x73, 0xE4, 0x79, 0x83, 0xFF, 0xBC, 0xB8, 0xF4, 0xDE, 0xC8, 0xCF, 0xC6,
    0xC8, 0xDC, 0xDE, 0xED, 0xFF, 0xD9, 0x74, 0xBC, 0x83, 0xB2, 0xB8, 0xBB, 0xB0, 0xD9, 0x5E, 0x5F, 0x64, 0x74, 0x62, 0xC2, 0xB2, 0x5B, 0x73, 0xE6,
    0xD9, 0x74, 0x79, 0x83, 0xA1, 0x79, 0x83, 0xC8, 0x82, 0x82, 0xAE, 0xA2, 0x81, 0x83, 0x7E, 0xD6, 0x7F, 0x55, 0x81, 0xA2, 0xAE, 0x7E, 0xD9, 0xBF,
    0x6F, 0xB4, 0xFF, 0xC2, 0x81, 0x79, 0x73, 0x73, 0x6E, 0x6E, 0x78, 0x78, 0x79, 0x83, 0xC2, 0xDF, 0xFF, 0xC7, 0x75, 0xDF, 0xFF, 0x61, 0x81, 0x83,
    0xC7, 0xB0, 0xB4, 0xD9, 0xFF, 0xFD, 0xFF, 0xF7, 0xDB, 0xB6, 0xD7, 0xD8, 0x85, 0x1B, 0x2E, 0x41, 0x29, 0x29, 0x2D, 0x28, 0x29, 0xEB, 0xB7, 0xA5,
    0xB9, 0xA4, 0xA5, 0xB1, 0xBC, 0xC6, 0xFF, 0xFF, 0xFF, 0xE5, 0xE1, 0xE1, 0xF4, 0xE1, 0xE1, 0xF6, 0xF6, 0xED, 0xEE, 0xF1, 0xEE, 0xD1, 0xBC, 0xC6,
    0xA0, 0x9F, 0x9D, 0xCF, 0x9B, 0x9F, 0xA0, 0xCE, 0xF9, 0xF9, 0xF8, 0xE9, 0xED, 0xD1, 0x53, 0x9E, 0x92, 0x99, 0xE5, 0xCD, 0xD2, 0xD2, 0xEE, 0xEF,
    0xAC, 0xD4, 0x93, 0xAA, 0xE9, 0xD4, 0xE9, 0xFF, 0xD2, 0xD2, 0xAA, 0x99, 0x48, 0x21, 0x45, 0x45, 0x21, 0x21, 0x21, 0x45, 0x46, 0x45, 0x45, 0x46,
    0x46, 0x21, 0x45, 0x49, 0x46, 0x21, 0x21, 0x21, 0x45, 0x45, 0x23, 0x21, 0x21, 0x21, 0x21, 0x20, 0x21, 0x23, 0x46, 0x49, 0x46, 0x21, 0x21, 0x23,
    0x46, 0x47, 0x47, 0x46, 0x45, 0x45, 0x48, 0x93, 0x96, 0x96, 0x96, 0x96, 0xAB, 0xD2, 0xAB, 0xAA, 0x99, 0x93, 0x8F, 0xA6, 0xCD, 0xAA, 0xA6, 0x96,
    0x93, 0x94, 0xA6, 0x99, 0x8C, 0x47, 0x49, 0x8F, 0x97, 0x8F, 0x97, 0xCD, 0xAC, 0x99, 0x97, 0x99, 0xAA, 0xAC, 0x99, 0x8F, 0x8E, 0x4A, 0x93, 0x97,
    0xAC, 0x99, 0x99, 0xAA, 0x4C, 0x50, 0x66, 0x53, 0xEB, 0xD1, 0xEC, 0xFD, 0xFF, 0xF6, 0xDE, 0xCE, 0x9F, 0x66, 0x9C, 0xD0, 0x66, 0x9F, 0xC6, 0xA5,
    0xDE, 0xDB, 0xE3, 0xFF, 0xED, 0xEE, 0xF7, 0xFF, 0xCF, 0xCF, 0xFF, 0xE3, 0xDF, 0xD0, 0xFF, 0xFF, 0xFF, 0xFF, 0xC6, 0xC7, 0xB1, 0x82, 0x80, 0x79,
    0x83, 0xA2, 0xE7, 0x2E, 0x28, 0x2E, 0x2E, 0x2C, 0x33, 0x1E, 0x29, 0xC0, 0xC3, 0xD6, 0xD7, 0xE0, 0xFF, 0xCF, 0x62, 0x83, 0x74, 0xE3, 0x79, 0xB2,
    0xFF, 0xB7, 0xA4, 0xF4, 0xDE, 0xB8, 0xCC, 0xE3, 0xD9, 0xDC, 0xC6, 0xDF, 0xFF, 0xCF, 0x76, 0xB2, 0x6E, 0x81, 0x79, 0x5E, 0x5E, 0xED, 0x5B, 0xA4,
    0xB7, 0x83, 0x78, 0xCC, 0xBA, 0x63, 0x77, 0xF4, 0xD9, 0x74, 0xA1, 0x83, 0xA1, 0x83, 0x83, 0xB7, 0x82, 0x82, 0x82, 0x82, 0x79, 0x7E, 0x7E, 0xC9,
    0x7F, 0x43, 0xAD, 0xAE, 0xB0, 0x82, 0xE0, 0xD7, 0x6F, 0xB0, 0xFF, 0xC7, 0x83, 0xB1, 0xB6, 0xBA, 0xC7, 0xC7, 0xCB, 0xD9, 0xD9, 0xE2, 0xED, 0xF9,
    0xFF, 0xE3, 0xCB, 0xF1, 0xD9, 0xB0, 0xC7, 0xB1, 0xBB, 0xC2, 0xBF, 0xCA, 0xFF, 0xFF, 0xFD, 0xF1, 0xE3, 0xCB, 0xD7, 0xD9, 0xD6, 0x61, 0x28, 0x2C,
    0x2C, 0x29, 0x29, 0x2D, 0x1B, 0x2D, 0xF2, 0xB9, 0xD0, 0xC6, 0xD0, 0xE2, 0xE3, 0xF6, 0xFF, 0xF1, 0xF6, 0xE3, 0xE3, 0xE3, 0xD9, 0xCC, 0x9E, 0xB8,
    0xA5, 0x67, 0xA8, 0xA0, 0xD1, 0x9B, 0x53, 0x9B, 0x9F, 0x9C, 0x67, 0xA8, 0xA8, 0x66, 0xA0, 0x9C, 0xB8, 0xF6, 0xFF, 0xEC, 0xE1, 0xE5, 0xD0, 0x53,
    0x78, 0x4C, 0xA6, 0xEC, 0xCE, 0xE9, 0xEA, 0xE9, 0xCD, 0xCE, 0x96, 0xAB, 0xA7, 0x96, 0x93, 0xD2, 0xEA, 0xCD, 0xAA, 0xAA, 0x8E, 0x46, 0x48, 0x4A,
    0x47, 0x8B, 0x90, 0x8D, 0x49, 0x49, 0x21, 0x45, 0x47, 0x8C, 0x97, 0x9A, 0x97, 0x8C, 0x21, 0x20, 0x20, 0x20, 0x21, 0x46, 0x47, 0x47, 0x46, 0x20,
    0x20, 0x21, 0x21, 0x45, 0x45, 0x21, 0x20, 0x21, 0x20, 0x20, 0x20, 0x21, 0x46, 0x8B, 0x8C, 0x8F, 0x8F, 0x8F, 0x8F, 0x8F, 0x8F, 0x8F, 0x8F, 0x8F,
    0x93, 0x99, 0xAA, 0xAA, 0x96, 0x99, 0x99, 0x94, 0x97, 0x97, 0x8F, 0x8C, 0x8C, 0x97, 0xAB, 0xAB, 0xAC, 0xAC, 0xAC, 0x99, 0x8F, 0x97, 0x99, 0x9A,
    0x93, 0x8F, 0x8C, 0x8C, 0x8F, 0x9A, 0xAA, 0xAC, 0x99, 0x97, 0xAA, 0x92, 0x4F, 0x53, 0x4E, 0xEB, 0xE1, 0xE2, 0xF1, 0xFF, 0xF6, 0xD1, 0xA0, 0x9B,
    0x9B, 0xA5, 0xB9, 0x9B, 0x9F, 0x9F, 0x9B, 0x67, 0x9B, 0x9E, 0xDF, 0xBC, 0x67, 0x9F, 0x9F, 0xC5, 0xBC, 0xDF, 0xDF, 0xCC, 0xE5, 0xE5, 0xE3, 0xFF,
    0xF8, 0xFF, 0xFF, 0xE0, 0xDB, 0xCC, 0xBB, 0xBC, 0xB2, 0xED, 0x69, 0x1E, 0x2C, 0x43, 0x39, 0x2C, 0x28, 0x1B, 0x3E, 0xC0, 0xCA, 0xBE, 0xD7, 0xE6,
    0xFF, 0xDB, 0x64, 0xA1, 0x74, 0xE4, 0xA4, 0xB8, 0xFF, 0xBC, 0xB7, 0xF9, 0xDF, 0xA4, 0xB7, 0xCF, 0xB8, 0xE3, 0xF1, 0xF8, 0xFF, 0xCB, 0x62, 0x74,
    0x5F, 0xB2, 0xBC, 0x78, 0xA1, 0xC7, 0x64, 0xBC, 0xCF, 0xDB, 0xDB, 0xF1, 0xBA, 0x62, 0x60, 0xF4, 0xCA, 0x79, 0xD9, 0xA1, 0x83, 0x79, 0x79, 0xC7,
    0x82, 0x81, 0x7E, 0x82, 0x82, 0x88, 0x82, 0xDA, 0x88, 0x5A, 0xAE, 0xA2, 0xAD, 0x77, 0xDB, 0xD7, 0x6C, 0x88, 0xFF, 0xED, 0xE6, 0xF4, 0xF4, 0xFF,
    0xE6, 0xF0, 0xF1, 0xC7, 0xC9, 0xDB, 0x79, 0x5E, 0x5E, 0x5E, 0x3F, 0x51, 0x3A, 0x2D, 0xB1, 0x61, 0x5D, 0x77, 0x6F, 0x5D, 0xE4, 0xFF, 0xFD, 0xFF,
    0xF1, 0xDF, 0xD9, 0xE0, 0xD9, 0xDD, 0x28, 0x1B, 0x33, 0x28, 0x2E, 0x2E, 0x2E, 0x1B, 0x51, 0xFF, 0xF1, 0xFE, 0xE3, 0xE2, 0xC6, 0xB8, 0xD1, 0xCF,
    0xC6, 0xB8, 0x65, 0xA3, 0x7A, 0xA4, 0x67, 0x9B, 0x9E, 0xA5, 0xA5, 0xA8, 0x9F, 0xDE, 0x9F, 0x53, 0x9F, 0x9F, 0x9F, 0x66, 0xA0, 0x66, 0x54, 0x9F,
    0x67, 0xA5, 0xEC, 0xFD, 0xEA, 0xE1, 0xE5, 0xCE, 0x52, 0x9B, 0x4D, 0x94, 0xD4, 0xAB, 0xAB, 0xCD, 0xCD, 0xCE, 0x96, 0x8F, 0x50, 0x50, 0x96, 0x96,
    0xEB, 0xD4, 0xAA, 0x96, 0x8F, 0x8B, 0x8B, 0x8C, 0x8E, 0x8C, 0x48, 0x8C, 0x8C, 0x8E, 0x47, 0x48, 0x8F, 0x90, 0x8C, 0x8C, 0x4A, 0x49, 0x90, 0x8E,
    0x49, 0x47, 0x45, 0x45, 0x20, 0x20, 0x21, 0x21, 0x45, 0x21, 0x45, 0x21, 0x21, 0x21, 0x45, 0x45, 0x46, 0x4A, 0x8E, 0x49, 0x8C, 0x47, 0x45, 0x21,
    0x45, 0x46, 0x49, 0x49, 0x49, 0x49, 0x8C, 0x8E, 0x8F, 0x8E, 0x8E, 0x8C, 0x8C, 0x8E, 0x8C, 0x49, 0x8C, 0x90, 0x8F, 0x97, 0xAA, 0xAA, 0x98, 0x97,
    0x93, 0x8F, 0x8F, 0x8E, 0x8E, 0x8F, 0x93, 0x97, 0x8E, 0x8E, 0x8F, 0x9A, 0xCD, 0xD2, 0x9A, 0x97, 0x97, 0xAC, 0x8F, 0x4D, 0x53, 0x54, 0xEF, 0xE1,
    0xE5, 0xF6, 0xFF, 0xEE, 0xC5, 0x9F, 0x67, 0x9B, 0xA5, 0x9E, 0x67, 0x9F, 0x9F, 0x9B, 0x9F, 0x9B, 0xA5, 0xE2, 0xA5, 0x65, 0xA3, 0x7A, 0x9B, 0x66,
    0x64, 0xC2, 0xA3, 0x9E, 0xA4, 0x7A, 0xA5, 0xCF, 0xD9, 0xE3, 0xC5, 0xD1, 0xE2, 0xF0, 0xF9, 0xFE, 0xFF, 0x58, 0x1E, 0x2E, 0x39, 0x2E, 0x28, 0x28,
    0x1B, 0x2D, 0xDA, 0xBD, 0xBE, 0xD7, 0xE6, 0xF4, 0xFF, 0xDF, 0x74, 0xA1, 0x7A, 0xFA, 0xCC, 0xA4, 0xFD, 0xB7, 0xA4, 0xF1, 0xDF, 0xB7, 0xC6, 0xDF,
    0xDB, 0xD9, 0xCF, 0xE3, 0xFF, 0xCF, 0x62, 0xBB, 0x83, 0x76, 0x79, 0x74, 0x74, 0xDB, 0x5E, 0xA1, 0xA1, 0xA4, 0x74, 0xB1, 0xB2, 0x73, 0x6E, 0xF9,
    0xC7, 0xA2, 0xF4, 0x79, 0x79, 0x77, 0x78, 0xC8, 0x88, 0x7D, 0x82, 0x75, 0x77, 0x7E, 0x71, 0xDA, 0x6C, 0x58, 0xAF, 0xB0, 0xBE, 0xB7, 0xF9, 0xDF,
    0xBB, 0xD9, 0xE4, 0xD9, 0xC2, 0xA1, 0x81, 0x81, 0x5F, 0x3A, 0x3A, 0x2E, 0x2E, 0x34, 0x2D, 0x2D, 0x2D, 0x2D, 0x2D, 0x2D, 0x2D, 0x29, 0x29, 0x72,
    0x6E, 0x79, 0xB0, 0x3A, 0x76, 0xED, 0xFF, 0xFD, 0xFF, 0xED, 0xCB, 0xE3, 0xD9, 0xD8, 0x81, 0x1B, 0x1D, 0x2C, 0x2D, 0x29, 0x29, 0x28, 0x1B, 0xDB,
    0xC5, 0xA4, 0x9F, 0x9F, 0x67, 0x66, 0x9B, 0xBC, 0xC6, 0xC8, 0xB8, 0x67, 0xA5, 0x9E, 0xB7, 0xA4, 0x9E, 0x9F, 0x9F, 0x9F, 0x67, 0x9F, 0xE1, 0xA0,
    0x66, 0x9B, 0x9F, 0x66, 0x9F, 0xA0, 0xA0, 0x66, 0x9B, 0x67, 0x9C, 0xED, 0xFD, 0xE5, 0xE1, 0xEB, 0xC5, 0x53, 0x9E, 0x4B, 0x92, 0xD4, 0xD2, 0xD2,
    0xD2, 0xD4, 0xCE, 0x96, 0x95, 0xC4, 0xA6, 0xA6, 0xAC, 0xFB, 0xE9, 0xD3, 0xE9, 0xCD, 0x97, 0x97, 0x97, 0x8F, 0x49, 0x8F, 0x8E, 0x49, 0x8C, 0x49,
    0x46, 0x46, 0x46, 0x46, 0x46, 0x45, 0x46, 0x8B, 0x8B, 0x8B, 0x8B, 0x48, 0x46, 0x21, 0x21, 0x21, 0x21, 0x21, 0x21, 0x21, 0x21, 0x45, 0x46, 0x23,
    0x47, 0x49, 0x8C, 0x49, 0x47, 0x23, 0x46, 0x45, 0x21, 0x21, 0x20, 0x20, 0x20, 0x21, 0x21, 0x21, 0x21, 0x21, 0x21, 0x21, 0x45, 0x21, 0x45, 0x48,
    0x8B, 0x8E, 0x8E, 0x8E, 0x8E, 0x8E, 0x8E, 0x90, 0x8F, 0x99, 0xAA, 0x96, 0x99, 0x93, 0x93, 0x8E, 0x90, 0xAC, 0xAC, 0xD3, 0xD4, 0xD4, 0x99, 0x9A,
    0x9A, 0x8F, 0x4D, 0x78, 0x54, 0xE1, 0xE1, 0xE9, 0xF7, 0xFF, 0xED, 0x9F, 0x9B, 0x66, 0x67, 0x9F, 0x9B, 0x9B, 0xA5, 0x9F, 0x67, 0x9B, 0x67, 0x9F,
    0xD9, 0x9E, 0x65, 0x7A, 0x9E, 0x9E, 0xA4, 0x65, 0xA1, 0x7A, 0xA1, 0xB8, 0xA1, 0xB1, 0xCC, 0xC8, 0xCB, 0x7A, 0x7A, 0x9B, 0x7A, 0xB1, 0xA1, 0xBC,
    0xD7, 0x28, 0x28, 0x2C, 0x2C, 0x2C, 0x33, 0x18, 0x28, 0xC0, 0xC3, 0xC3, 0xBF, 0xD7, 0xF0, 0xFF, 0xFF, 0xDB, 0xA4, 0xDD, 0xA3, 0xCF, 0xE3, 0xCB,
    0xFF, 0xD9, 0xC8, 0xFF, 0xE5, 0xBC, 0xE3, 0xCF, 0xDB, 0xE6, 0xC6, 0xE5, 0xFF, 0xCF, 0x74, 0xCA, 0xC7, 0xDB, 0xE3, 0xDF, 0xD9, 0xE4, 0x62, 0x74,
    0x74, 0x79, 0x5E, 0xB7, 0x79, 0x78, 0x73, 0xF6, 0xCA, 0x81, 0xF6, 0x78, 0x83, 0x76, 0x79, 0xBB, 0xAD, 0xAF, 0xBA, 0xB6, 0xBF, 0xD7, 0xD7, 0xF6,
    0xD7, 0xBA, 0xBD, 0xD6, 0xB4, 0x88, 0x7D, 0xDD, 0xBB, 0x71, 0xAE, 0x2D, 0x2D, 0x2D, 0x2D, 0x2D, 0x2D, 0x2D, 0x2D, 0x2D, 0x2D, 0x2D, 0x2D, 0x2D,
    0x30, 0x3A, 0x34, 0x5B, 0x5C, 0x72, 0x38, 0x2E, 0x5F, 0x29, 0x30, 0x3F, 0x51, 0xC7, 0xED, 0xFF, 0xFD, 0xFA, 0xDF, 0xD9, 0xD7, 0xCA, 0xD8, 0x2D,
    0x18, 0x28, 0x28, 0x28, 0x28, 0x28, 0x1B, 0x29, 0xE5, 0x7A, 0xA5, 0xA5, 0xA8, 0xA5, 0xA5, 0x9F, 0xB9, 0xC5, 0xB9, 0xB7, 0x78, 0x78, 0x9F, 0xA5,
    0x9F, 0x67, 0x67, 0x9B, 0x9F, 0x67, 0x67, 0xD0, 0xA0, 0x66, 0x9F, 0x9F, 0x9B, 0x54, 0x67, 0x66, 0x66, 0x9F, 0x66, 0x9C, 0xED, 0xFF, 0xEA, 0xE1,
    0xFB, 0x9C, 0x2F, 0x4E, 0x4C, 0xD4, 0xCD, 0xCD, 0xAB, 0xAB, 0xAB, 0xD4, 0xA6, 0xCD, 0xA7, 0xD2, 0xAB, 0xAA, 0xAA, 0xAB, 0x99, 0x93, 0x93, 0x93,
    0x94, 0x93, 0x97, 0x97, 0x99, 0xA6, 0xAA, 0x9A, 0x98, 0x98, 0x97, 0x93, 0x8F, 0x8E, 0x8F, 0x93, 0x8F, 0x8F, 0x8E, 0x49, 0x8F, 0x8F, 0x8F, 0x8F,
    0x8F, 0x4A, 0x49, 0x49, 0x49, 0x23, 0x21, 0x20, 0x20, 0x20, 0x20, 0x20, 0x20, 0x21, 0x20, 0x21, 0x47, 0x47, 0x49, 0x4A, 0x4A, 0x4A, 0x93, 0x8F,
    0x99, 0x93, 0x93, 0x93, 0x99, 0x99, 0x99, 0x99, 0x99, 0x93, 0x93, 0x97, 0x9A, 0xAA, 0xAA, 0xAC, 0xAA, 0xAC, 0x99, 0x8F, 0x8E, 0x97, 0x99, 0x9A,
    0xAC, 0xAB, 0xD3, 0xD3, 0xCD, 0xAA, 0x99, 0xAA, 0x96, 0x4A, 0x50, 0x50, 0xE1, 0xD1, 0xE1, 0xF7, 0xFF, 0xEE, 0xA0, 0x67, 0x9B, 0x67, 0x9C, 0xA8,
    0x66, 0x9B, 0x9B, 0x67, 0x9B, 0x9B, 0xA5, 0xE2, 0x9F, 0x9B, 0x9E, 0x7A, 0x9E, 0x67, 0x7A, 0xB8, 0xA1, 0xA4, 0xB7, 0xA3, 0xB2, 0xC6, 0xC6, 0xCC,
    0x9E, 0x9E, 0xA3, 0xA3, 0xA4, 0xA4, 0x7A, 0xE5, 0x2E, 0x1E, 0x33, 0x2C, 0x28, 0x2E, 0x28, 0x1B, 0x7C, 0xBE, 0xC3, 0xBD, 0xD7, 0xE6, 0xF9, 0xF8,
    0xFF, 0xE2, 0xA4, 0xCB, 0xA4, 0x78, 0xDF, 0xE6, 0xB1, 0xA1, 0xCB, 0xDB, 0xE5, 0xE5, 0xED, 0xDE, 0xCF, 0xF1, 0xD0, 0xE3, 0xFF, 0xDB, 0x63, 0x73,
    0x62, 0x74, 0x73, 0x74, 0x83, 0x74, 0x72, 0x79, 0x79, 0x83, 0xA1, 0xBC, 0xC7, 0xC2, 0x72, 0xF1, 0xD9, 0x72, 0xBB, 0x79, 0xA1, 0x83, 0x83, 0xC7,
    0xF4, 0xE6, 0xDD, 0xDD, 0xBE, 0xBD, 0xB4, 0x7F, 0x39, 0x34, 0x2D, 0x39, 0x56, 0x40, 0x33, 0x59, 0xBF, 0x71, 0x7E, 0x71, 0x2D, 0x2E, 0x2D, 0x2D,
    0x38, 0x34, 0x3A, 0x40, 0x55, 0x57, 0x40, 0x5B, 0x57, 0x3D, 0x38, 0x38, 0x29, 0x2E, 0x29, 0x28, 0x57, 0x60, 0x28, 0x34, 0x29, 0x72, 0xC2, 0xF0,
    0xFD, 0xFF, 0xF4, 0xE4, 0xD9, 0xC9, 0xC9, 0xE0, 0x1A, 0x18, 0x28, 0x28, 0x28, 0x28, 0x2D, 0x18, 0x30, 0xEA, 0x9E, 0x9E, 0x9F, 0xA8, 0xA3, 0xA5,
    0x9F, 0xC5, 0xC6, 0xC6, 0xB7, 0x64, 0x9B, 0x67, 0xB9, 0xA5, 0x9B, 0x67, 0x66, 0x9B, 0x66, 0x9B, 0xD1, 0xA0, 0x66, 0x9F, 0x9B, 0x67, 0x54, 0x66,
    0x67, 0x54, 0x9B, 0x66, 0xA0, 0xEE, 0xFA, 0xEB, 0xE9, 0xE1, 0x66, 0xB9, 0xCD, 0xE9, 0xE1, 0xE1, 0xE9, 0xEA, 0xEB, 0xE9, 0xCE, 0xD4, 0xAA, 0x9A,
    0x9A, 0x99, 0x93, 0x8F, 0x90, 0x8F, 0x93, 0x8F, 0x8E, 0x49, 0x48, 0x8E, 0x99, 0x99, 0x8B, 0x23, 0x16, 0x14, 0x45, 0x90, 0x8F, 0x8F, 0xCD, 0x4C,
    0x4A, 0x4C, 0x4C, 0x4A, 0x4C, 0x4F, 0x4F, 0x4F, 0x4A, 0x4C, 0x8F, 0x8C, 0x47, 0x47, 0x47, 0x46, 0x47, 0x45, 0x20, 0x20, 0x21, 0x21, 0x21, 0x21,
    0x45, 0x45, 0x46, 0x46, 0x8C, 0x49, 0x8B, 0x8B, 0x8C, 0x49, 0x93, 0x94, 0x8F, 0x93, 0x92, 0x94, 0xAB, 0x8F, 0x93, 0xAA, 0x99, 0x8E, 0x8E, 0x8F,
    0x93, 0x8F, 0x8F, 0x8F, 0x99, 0x99, 0xAA, 0xD3, 0xD2, 0xD3, 0xD3, 0x9A, 0x97, 0x99, 0xAA, 0xAA, 0xAC, 0xAB, 0x9D, 0xA7, 0xE1, 0xD4, 0xF4, 0xFF,
    0xE2, 0x9C, 0x9C, 0x9B, 0xA0, 0x9D, 0x9C, 0x66, 0x66, 0x67, 0x67, 0x9B, 0x9B, 0xA5, 0xDE, 0x9F, 0x9B, 0x7A, 0x9E, 0x9E, 0x9E, 0x7A, 0xB7, 0xA3,
    0x7A, 0xB1, 0x7A, 0xC2, 0xC6, 0xC6, 0xD9, 0xA4, 0x9E, 0xA5, 0x9E, 0xA1, 0xA1, 0x79, 0xE3, 0x57, 0x1B, 0x2E, 0x1E, 0x28, 0x28, 0x28, 0x18, 0x6A,
    0xB5, 0xBD, 0xC3, 0xBD, 0xD7, 0xFD, 0xFF, 0xFD, 0xDD, 0xDF, 0xCC, 0xE3, 0xC8, 0xBC, 0xFF, 0xC6, 0x64, 0x5B, 0x5B, 0x3F, 0x5B, 0x51, 0x74, 0xB1,
    0xB0, 0xC2, 0xBB, 0xDF, 0xE3, 0xCB, 0xB7, 0xC2, 0xB2, 0xA2, 0x76, 0x76, 0x78, 0x62, 0x6E, 0x79, 0x78, 0x76, 0x74, 0xB7, 0xCF, 0xBA, 0x6E, 0xF3,
    0xD9, 0x77, 0xB2, 0x83, 0x83, 0x83, 0xA1, 0xD7, 0x43, 0x39, 0x2E, 0x2E, 0x2E, 0x2E, 0x2E, 0x34, 0x34, 0x39, 0x3E, 0x38, 0x59, 0xB6, 0x39, 0x2E,
    0x38, 0xB3, 0x88, 0xB0, 0x7D, 0x55, 0x61, 0x72, 0x6F, 0x69, 0x57, 0x3D, 0x5D, 0x2D, 0x29, 0x2D, 0x2D, 0x29, 0x29, 0x39, 0x2E, 0x34, 0x2E, 0x3D,
    0x28, 0x3A, 0x34, 0x29, 0x3E, 0x2D, 0x3D, 0xD7, 0xF8, 0xF9, 0xFF, 0xF0, 0xCA, 0xCA, 0xCA, 0xD9, 0x87, 0x18, 0x1A, 0xD5, 0x29, 0x28, 0x3D, 0x29,
    0x18, 0x78, 0xB8, 0x9F, 0x9F, 0xA4, 0x9F, 0x9E, 0xA4, 0x9F, 0xB7, 0xB8, 0xB8, 0xBB, 0x9E, 0x67, 0x9B, 0xA5, 0x67, 0x66, 0x9B, 0x67, 0x67, 0x9F,
    0x9B, 0xCF, 0xA9, 0x66, 0x9F, 0x9F, 0x9F, 0x66, 0x67, 0x66, 0x67, 0x9F, 0x67, 0xC5, 0xFD, 0xF9, 0xEA, 0xD4, 0xA0, 0xE2, 0xCD, 0xD2, 0xAA, 0xAA,
    0xAC, 0xD2, 0xAC, 0xAA, 0x99, 0x99, 0x97, 0x94, 0x97, 0x93, 0x8E, 0x8E, 0x8F, 0x90, 0x49, 0x8C, 0x48, 0x49, 0x8F, 0x99, 0x97, 0x8E, 0x48, 0x14,
    0x11, 0x22, 0x49, 0x90, 0x97, 0xAB, 0x4C, 0x26, 0x26, 0x4C, 0x49, 0x4A, 0x49, 0x4A, 0x49, 0x47, 0x47, 0x47, 0x21, 0x21, 0x46, 0x23, 0x47, 0x49,
    0x49, 0x47, 0x46, 0x47, 0x47, 0x46, 0x4A, 0x4A, 0x4A, 0x49, 0x4A, 0x49, 0x49, 0x49, 0x49, 0x49, 0x49, 0x8C, 0x4A, 0x4C, 0x94, 0x4F, 0x4A, 0x4A,
    0x4F, 0x93, 0x97, 0x93, 0x93, 0x99, 0x8F, 0x8E, 0x97, 0x9A, 0x97, 0x9A, 0xAA, 0x99, 0x99, 0x93, 0x93, 0x97, 0x97, 0x99, 0xAA, 0xD2, 0xAA, 0xAA,
    0xAB, 0xCD, 0xB9, 0xA8, 0xD4, 0xE1, 0xFA, 0xFD, 0xC5, 0x9E, 0x9F, 0x9F, 0x9F, 0x53, 0x9C, 0x9F, 0x9B, 0x9B, 0x9F, 0x66, 0xA5, 0xDE, 0x9F, 0x67,
    0x9E, 0x7A, 0x9B, 0x9E, 0xA3, 0xB1, 0x9E, 0x78, 0x9E, 0x78, 0xB1, 0xC8, 0xC6, 0xCF, 0xA3, 0x9E, 0xA3, 0xA3, 0xA3, 0xA3, 0x7A, 0xBC, 0x72, 0x1B,
    0x2C, 0x2C, 0x28, 0x59, 0x33, 0x18, 0x2D, 0xC1, 0xC9, 0xBE, 0xC3, 0xC3, 0xF1, 0xF8, 0xFF, 0xED, 0x34, 0x3D, 0x5B, 0xAE, 0x82, 0xF1, 0xC7, 0xB1,
    0xCC, 0xC7, 0xCA, 0xBB, 0xA2, 0xA2, 0x73, 0x5E, 0x3F, 0x51, 0x38, 0x51, 0x3F, 0x5E, 0xB7, 0xBB, 0xC2, 0xCF, 0xDB, 0xDF, 0xC7, 0xC2, 0xBB, 0xBB,
    0xB7, 0x79, 0x76, 0xDF, 0xB2, 0x62, 0xBA, 0xE5, 0xD9, 0x74, 0xAE, 0xA2, 0x83, 0xA1, 0xA1, 0xD9, 0x2E, 0x38, 0x3E, 0x3E, 0x39, 0x39, 0x3E, 0x39,
    0x39, 0x39, 0x39, 0x34, 0x2E, 0x40, 0x43, 0x39, 0x2E, 0x39, 0xB3, 0xCB, 0xBD, 0xBA, 0x2E, 0x55, 0x29, 0x2D, 0x2E, 0x28, 0x2E, 0x2D, 0x2D, 0x38,
    0x3A, 0x40, 0x41, 0x43, 0x58, 0x39, 0x3E, 0x3D, 0x3E, 0x1D, 0x38, 0x34, 0x29, 0x69, 0x2D, 0x38, 0xBB, 0xFF, 0xF9, 0xFD, 0xDD, 0xCA, 0xD7, 0xD7,
    0xD5, 0x2D, 0x18, 0x28, 0x1D, 0x18, 0x18, 0x28, 0x18, 0x28, 0xE6, 0x9E, 0xA5, 0x9F, 0xA5, 0x9E, 0x9F, 0xA5, 0x9E, 0xB7, 0xBC, 0xCF, 0xC8, 0x9E,
    0x9F, 0x67, 0x9B, 0x9B, 0x9B, 0x9F, 0x9B, 0x9B, 0x9F, 0x9B, 0xD0, 0xC5, 0x66, 0x9B, 0x67, 0x9B, 0x9D, 0xA8, 0xB9, 0xCE, 0xCD, 0xAB, 0xF6, 0xFF,
    0xE9, 0xE2, 0xA5, 0xC5, 0xA7, 0xD4, 0xAA, 0xAA, 0xAA, 0x99, 0x99, 0x96, 0x99, 0x99, 0x99, 0x97, 0x8F, 0x97, 0x9A, 0xAC, 0x97, 0x90, 0x90, 0x8E,
    0x99, 0xD2, 0xD3, 0x9A, 0x9A, 0xAC, 0x9A, 0x9A, 0xAC, 0x9A, 0xAC, 0xAA, 0xAB, 0x92, 0x50, 0x92, 0x94, 0x4F, 0x4F, 0x94, 0x4C, 0x4A, 0x4C, 0x4C,
    0x4C, 0x4A, 0x4A, 0x4A, 0x94, 0x4F, 0x4C, 0x8F, 0x4C, 0x4C, 0x4F, 0x4C, 0x4A, 0x4A, 0x4A, 0x4A, 0x4C, 0x4C, 0x4C, 0x4C, 0x4C, 0x4C, 0x4F, 0x94,
    0x96, 0x94, 0x92, 0x92, 0x92, 0x96, 0x94, 0x92, 0x94, 0x94, 0xA6, 0xE9, 0xD3, 0xD3, 0xD3, 0xAC, 0xAA, 0x9A, 0xAC, 0x9A, 0x97, 0x99, 0x97, 0x99,
    0x97, 0x99, 0x97, 0x9A, 0xAC, 0xAC, 0x9A, 0xAC, 0xAB, 0xAB, 0xC5, 0xC4, 0xE9, 0xE2, 0xFE, 0xEF, 0xAB, 0xCD, 0xCD, 0xCD, 0xA7, 0xA5, 0xA5, 0x9B,
    0x9C, 0x9C, 0x9C, 0xB9, 0xC8, 0x67, 0x9B, 0x9B, 0x9F, 0xA3, 0x9E, 0xA3, 0xA3, 0xA4, 0x9E, 0x7A, 0x78, 0xB1, 0xB8, 0xB8, 0xCF, 0xA4, 0xA3, 0xA3,
    0x9E, 0xA4, 0xA4, 0xA4, 0xA3, 0xC3, 0x1D, 0x18, 0x1D, 0x1B, 0x28, 0x2D, 0x18, 0x1B, 0xC0, 0xD6, 0xCA, 0xD7, 0xD9, 0xDA, 0xFF, 0xFA, 0xFF, 0x60,
    0x2E, 0x55, 0x3D, 0x34, 0x6F, 0x85, 0x29, 0x29, 0x3D, 0x41, 0x7D, 0x75, 0xC2, 0xC9, 0xC3, 0xDF, 0xC7, 0xC7, 0xBB, 0xB0, 0xA2, 0x6E, 0x5B, 0x5F,
    0x5B, 0x5E, 0x65, 0x7A, 0x63, 0xB1, 0xCC, 0xCC, 0xF1, 0xFB, 0xDB, 0xD9, 0x62, 0xB1, 0xE4, 0xF8, 0xD9, 0x63, 0xB1, 0x83, 0xA1, 0xA1, 0xA2, 0xDB,
    0x34, 0x39, 0x40, 0x39, 0x34, 0x38, 0x39, 0x34, 0x3E, 0x40, 0x39, 0x39, 0x39, 0x34, 0x43, 0x55, 0x41, 0x34, 0x2D, 0x71, 0xC3, 0x70, 0x3E, 0x2D,
    0x2E, 0x2E, 0x34, 0x38, 0x2E, 0x3A, 0x39, 0x38, 0x34, 0x38, 0x3E, 0x40, 0x3E, 0x3E, 0x39, 0x3A, 0x41, 0x38, 0x1D, 0x5D, 0x2D, 0x34, 0x7D, 0x29,
    0x2E, 0xEE, 0xFF, 0xFF, 0xF0, 0xC3, 0xD9, 0xDA, 0xCA, 0xC0, 0x1B, 0x18, 0x29, 0x28, 0x29, 0x51, 0x57, 0x30, 0xDC, 0x9E, 0x9E, 0xA5, 0x9E, 0xA5,
    0x9B, 0x9B, 0x9F, 0xA3, 0xC6, 0xC6, 0xC6, 0xB8, 0x67, 0x9F, 0x9F, 0x9B, 0x9F, 0x9F, 0xB9, 0xA8, 0x9F, 0x67, 0x54, 0xC5, 0xA9, 0xA0, 0xC5, 0xCE,
    0xCD, 0xD2, 0xAB, 0x96, 0xAA, 0xAA, 0xFD, 0xFF, 0xE1, 0xE1, 0xA0, 0xD0, 0xCE, 0xAB, 0x90, 0x97, 0x93, 0x8F, 0x8F, 0x8F, 0x8F, 0x8E, 0x93, 0x99,
    0x99, 0x93, 0x8F, 0x8F, 0x8F, 0x8E, 0x47, 0x97, 0x8F, 0x48, 0x46, 0x24, 0x26, 0x24, 0x24, 0x47, 0x47, 0x92, 0x8F, 0x8F, 0x4C, 0x8E, 0x8F, 0x94,
    0x93, 0x92, 0x94, 0x50, 0x94, 0x50, 0x4F, 0x4F, 0x4F, 0x4F, 0x4F, 0x94, 0x4A, 0x4C, 0x4A, 0x4A, 0x4A, 0x4C, 0x4A, 0x4A, 0x4C, 0x4A, 0x4A, 0x4C,
    0x4A, 0x94, 0x4C, 0x4C, 0x4C, 0x4A, 0x4C, 0x4F, 0x93, 0x93, 0x94, 0x92, 0x8F, 0x8F, 0x8F, 0x8C, 0x8F, 0x8E, 0x47, 0x26, 0x24, 0x24, 0x1A, 0x24,
    0x8C, 0x97, 0x8B, 0x8E, 0x8F, 0x99, 0x97, 0x93, 0x93, 0x97, 0x99, 0x97, 0x8F, 0x8F, 0x8F, 0x93, 0xAC, 0xD2, 0xCF, 0xA0, 0xE1, 0xE1, 0xFF, 0xEF,
    0xAC, 0xAA, 0x96, 0xD2, 0xD2, 0xD2, 0xAB, 0xC4, 0xC5, 0x9F, 0xB9, 0xC6, 0x54, 0x9F, 0xA5, 0x9F, 0x9E, 0x9E, 0x9E, 0x9E, 0x9E, 0x7A, 0x7A, 0x65,
    0xB8, 0xB8, 0xC6, 0xCF, 0xA4, 0x9E, 0x9E, 0x9E, 0xA4, 0xA4, 0x9E, 0xA3, 0xA4, 0xBC, 0x30, 0x51, 0x2D, 0x2E, 0x28, 0x18, 0x18, 0x39, 0xB4, 0xD6,
    0xD8, 0xD7, 0xDD, 0xF9, 0xF8, 0xFF, 0x81, 0x2D, 0x34, 0x41, 0x3D, 0x5D, 0xCA, 0x28, 0x2D, 0x3E, 0x38, 0x2D, 0x34, 0x38, 0x3A, 0x3A, 0x58, 0x60,
    0x73, 0x77, 0xA2, 0xA2, 0xBF, 0xBA, 0xC7, 0xDF, 0xC7, 0xBA, 0xA4, 0x7A, 0x7A, 0x74, 0x76, 0xB7, 0x73, 0x83, 0xDF, 0x5B, 0x79, 0xA2, 0xA2, 0xF1,
    0xDB, 0xA2, 0xE4, 0x81, 0x83, 0xB1, 0x83, 0xDB, 0x2C, 0x33, 0x38, 0x39, 0x38, 0x38, 0x3E, 0x38, 0x34, 0x43, 0x56, 0x3A, 0x34, 0x39, 0x34, 0x2E,
    0x40, 0x41, 0x2E, 0x28, 0x43, 0xC9, 0x88, 0x34, 0x2E, 0x3D, 0x3D, 0x3A, 0x3A, 0x2D, 0x2E, 0x2E, 0x29, 0x29, 0x2E, 0x2E, 0x2E, 0x2C, 0x28, 0x29,
    0x2C, 0x2E, 0x33, 0x1B, 0x39, 0x2D, 0x2D, 0x3A, 0x29, 0x3D, 0xF4, 0xFF, 0xF4, 0xCB, 0xD9, 0xD9, 0xD7, 0x88, 0x38, 0x62, 0xB7, 0xBB, 0xB2, 0xBE,
    0x73, 0x2D, 0xDC, 0x9E, 0x9E, 0xA3, 0xA3, 0x9E, 0xA5, 0x9B, 0x9E, 0xA3, 0x9E, 0xB8, 0xC8, 0xC6, 0xBC, 0x9B, 0xA5, 0x9B, 0x9F, 0x9F, 0x9B, 0xC4,
    0x9F, 0x9F, 0xA9, 0xE1, 0xF7, 0xCD, 0xCD, 0xAA, 0xA6, 0xCD, 0xAB, 0xAA, 0xAA, 0xCD, 0xF7, 0xFF, 0xE9, 0xE2, 0x9F, 0xC5, 0xCE, 0xAB, 0x49, 0x8C,
    0x49, 0x49, 0x48, 0x47, 0x8B, 0x49, 0x49, 0x49, 0x49, 0x49, 0x49, 0x4A, 0x49, 0x47, 0x47, 0x4C, 0x47, 0x23, 0x21, 0x17, 0x21, 0x14, 0x14, 0x21,
    0x23, 0x26, 0x21, 0x23, 0x49, 0x4A, 0x4A, 0x4A, 0x4A, 0x4C, 0x4B, 0x4B, 0x4D, 0x4D, 0x4D, 0x4D, 0x4C, 0x50, 0x4D, 0xC4, 0x27, 0x4B, 0x4B, 0x4F,
    0x92, 0x92, 0x4F, 0x4F, 0x4D, 0x50, 0x4F, 0x4D, 0x4B, 0x4C, 0x50, 0x4C, 0x50, 0x4F, 0x4D, 0x4B, 0x4C, 0x4A, 0x4A, 0x26, 0x47, 0x47, 0x47, 0x21,
    0x23, 0x47, 0x21, 0x16, 0x17, 0x21, 0x16, 0x21, 0x47, 0x4A, 0x49, 0x47, 0x47, 0x49, 0x4A, 0x4A, 0x4A, 0x4A, 0x4A, 0x4A, 0x4A, 0x8E, 0x8C, 0x8E,
    0xD4, 0xD2, 0xA9, 0xA8, 0xE1, 0xE1, 0xFF, 0xEF, 0xAB, 0xAA, 0xAA, 0xD4, 0xCD, 0xAA, 0xAA, 0xAB, 0xAB, 0xCE, 0xF7, 0xCF, 0xA8, 0xC5, 0x9B, 0x67,
    0x65, 0x7A, 0x7A, 0x9E, 0xA3, 0x9E, 0x65, 0xB2, 0xC6, 0xC5, 0xBC, 0xA3, 0x7A, 0x9E, 0x9E, 0xA3, 0x9E, 0xA3, 0xA4, 0xA4, 0xA4, 0xC5, 0x51, 0xB5,
    0xBD, 0x7F, 0x7C, 0x89, 0x34, 0x43, 0xBE, 0xD6, 0xDD, 0xD6, 0xE0, 0xFF, 0xFF, 0xCA, 0x2E, 0x3A, 0x3D, 0x34, 0x34, 0xD7, 0x29, 0x28, 0x34, 0x71,
    0x3A, 0x3A, 0x41, 0x51, 0x41, 0x3D, 0x3A, 0x3A, 0x38, 0x38, 0x34, 0x34, 0x3A, 0x2D, 0x3D, 0x57, 0x3A, 0x71, 0xBF, 0xCA, 0xC2, 0xCC, 0xDF, 0xEA,
    0x3F, 0x30, 0xE4, 0xA2, 0xAE, 0x83, 0x83, 0xED, 0xDD, 0xA2, 0xDF, 0xB2, 0x82, 0xB1, 0xB1, 0xDB, 0xBE, 0x2C, 0x34, 0x38, 0x39, 0x34, 0x34, 0x34,
    0x38, 0x39, 0x3E, 0x38, 0x34, 0x39, 0x38, 0x28, 0x34, 0x41, 0x39, 0x2E, 0x28, 0x69, 0xB4, 0xAD, 0x2E, 0x29, 0x34, 0x2E, 0x34, 0x34, 0x2D, 0x2D,
    0x2D, 0x29, 0x2E, 0x28, 0x28, 0x28, 0x28, 0x28, 0x1E, 0x1E, 0x28, 0x1D, 0x1D, 0x60, 0x2D, 0x57, 0x6F, 0x6B, 0xED, 0xFF, 0xF8, 0xE6, 0xD7, 0xDF,
    0xD7, 0xAF, 0x41, 0x76, 0xC7, 0xE6, 0xF0, 0xF6, 0x60, 0x2D, 0xE2, 0xA4, 0xA4, 0x9F, 0xA4, 0x9E, 0xB9, 0xA5, 0x9E, 0x9B, 0x9E, 0xA5, 0xC6, 0xBC,
    0xC8, 0xB8, 0x67, 0x9F, 0x9F, 0xA0, 0xA5, 0xD0, 0xE9, 0xD4, 0xCD, 0xE9, 0xF3, 0xA6, 0xAA, 0xAB, 0xAA, 0xCD, 0xAB, 0xAB, 0xD2, 0xEF, 0xFF, 0xFF,
    0xEB, 0xEE, 0x9F, 0xC5, 0xE2, 0xE2, 0xED, 0xCD, 0xCD, 0xC4, 0xC4, 0xC5, 0xCE, 0xCE, 0xAB, 0xCD, 0xA6, 0x94, 0x4D, 0x50, 0x4F, 0x94, 0x4D, 0x4A,
    0x4C, 0x4F, 0x92, 0x94, 0x92, 0x8F, 0x8F, 0x4F, 0x4F, 0x26, 0x4C, 0x4C, 0x4C, 0x4C, 0x4C, 0x4D, 0x4D, 0x4D, 0x4D, 0x4C, 0x4D, 0x4D, 0x4D, 0x53,
    0x4D, 0x2F, 0x50, 0x54, 0x4B, 0x4E, 0x4D, 0x54, 0xE3, 0xC4, 0x95, 0xC4, 0xA8, 0xA9, 0xA7, 0x4D, 0x4E, 0x4B, 0x9F, 0x4F, 0x4D, 0x50, 0x50, 0x50,
    0x4D, 0x4B, 0x4C, 0x4D, 0x4D, 0x4D, 0x4D, 0x4C, 0x4C, 0x4A, 0x96, 0x93, 0x92, 0x50, 0x92, 0x4F, 0x50, 0x4C, 0x50, 0x95, 0x95, 0x4F, 0x4D, 0xA7,
    0xCD, 0xCD, 0xAB, 0xAB, 0xCE, 0xCE, 0xCD, 0xE9, 0xEE, 0xD2, 0xAB, 0xCE, 0xEE, 0xF2, 0xFF, 0xFD, 0xFB, 0xE9, 0xAB, 0xD4, 0xD2, 0xAB, 0xCD, 0xAA,
    0xAA, 0xAA, 0xFF, 0xD4, 0xD2, 0xD4, 0xD4, 0xC5, 0xA4, 0xA5, 0x7A, 0x7A, 0x7A, 0x65, 0xB7, 0xC5, 0xCF, 0xC8, 0x9E, 0x9E, 0xA4, 0x7A, 0xA3, 0x7A,
    0x9E, 0xA3, 0x9E, 0xA3, 0xB8, 0xC8, 0x3A, 0xCA, 0xF0, 0xE4, 0xDD, 0xB4, 0x3D, 0x6B, 0xC3, 0xBD, 0xD7, 0xE0, 0xE8, 0xFF, 0xD7, 0x2E, 0x3A, 0x3A,
    0x41, 0x2D, 0xBB, 0x2E, 0x28, 0x34, 0x3D, 0x3A, 0x3A, 0x3F, 0x3F, 0x41, 0x3D, 0x40, 0x38, 0x3D, 0x3A, 0x3A, 0x3A, 0x3A, 0x3A, 0x38, 0x38, 0x2E,
    0x2D, 0x2E, 0x3A, 0x38, 0x2D, 0x3A, 0x3A, 0x5B, 0x82, 0xD7, 0xBA, 0xD9, 0xD9, 0xBC, 0xC2, 0xFF, 0xF7, 0xB2, 0xC7, 0xBB, 0xA2, 0xB1, 0xBF, 0xFD,
    0xFD, 0x40, 0x28, 0x2E, 0x2E, 0x34, 0x34, 0x2E, 0x38, 0x2E, 0x2E, 0x2E, 0x38, 0x34, 0x2E, 0x2E, 0x2D, 0x28, 0x59, 0x5A, 0x2E, 0x1E, 0x6A, 0xBE,
    0x70, 0x29, 0x29, 0x2E, 0x2D, 0x2E, 0x38, 0x2E, 0x2E, 0x2E, 0x28, 0x28, 0x28, 0x28, 0x1E, 0x28, 0x28, 0x28, 0x34, 0x41, 0x77, 0xB0, 0xA2, 0xCA,
    0xBB, 0xC2, 0xED, 0xFF, 0xFF, 0xF5, 0xD9, 0xCA, 0xC9, 0xB0, 0x2D, 0xA1, 0xFF, 0xB9, 0x52, 0xDF, 0x6E, 0x29, 0xCF, 0x9E, 0xA5, 0xA3, 0xA4, 0xA4,
    0xA5, 0x9E, 0xC5, 0x9E, 0x7A, 0x9E, 0x7A, 0xC6, 0xCF, 0xE3, 0xB8, 0xC6, 0xE1, 0xCE, 0xD4, 0xAB, 0xAA, 0xAA, 0xD2, 0xD4, 0xF3, 0xAB, 0xAA, 0xAB,
    0xAB, 0xD4, 0xE9, 0xFB, 0xFF, 0xE5, 0xE1, 0xF6, 0xFD, 0xEC, 0xEF, 0xE2, 0xE3, 0xE5, 0xAB, 0x94, 0x94, 0x95, 0x9D, 0x96, 0x50, 0x94, 0x95, 0x9D,
    0x54, 0x4D, 0x2F, 0x50, 0x94, 0x4F, 0x4B, 0x4F, 0x4F, 0x4F, 0x4C, 0x4C, 0x4B, 0x26, 0x4C, 0x4F, 0x4A, 0x4C, 0x4C, 0x4F, 0x4F, 0x4C, 0x4D, 0x4D,
    0x4D, 0x50, 0x50, 0x50, 0x4E, 0x4E, 0x4E, 0x50, 0x50, 0x4D, 0x95, 0x50, 0x4D, 0x50, 0x4E, 0x50, 0x54, 0x50, 0x4F, 0x50, 0x54, 0x4F, 0x50, 0x4E,
    0x4E, 0x4D, 0x9D, 0x9D, 0x4B, 0x50, 0x50, 0x50, 0x4D, 0x4E, 0x50, 0x50, 0x50, 0x50, 0x50, 0x4F, 0x4C, 0x4F, 0x4F, 0x4C, 0x4D, 0x4C, 0x4F, 0x50,
    0x50, 0x50, 0x4C, 0x4D, 0x9D, 0x9D, 0x54, 0x4D, 0x4E, 0x54, 0x9D, 0x95, 0x54, 0x95, 0xA6, 0xA7, 0xCE, 0xD4, 0xEF, 0xFE, 0xE2, 0xE5, 0xEC, 0xD1,
    0xD1, 0xED, 0xFF, 0xFF, 0xEA, 0xD2, 0xCD, 0xAB, 0xAB, 0xAB, 0xFF, 0xD4, 0xAB, 0xAB, 0xAB, 0xD2, 0xCE, 0xD4, 0xD4, 0xC5, 0xA4, 0xC5, 0xD0, 0xCF,
    0xC6, 0x78, 0xB9, 0xCC, 0x7A, 0x66, 0xA1, 0x9E, 0x9E, 0x7A, 0x9E, 0xB8, 0xB8, 0xC8, 0x2D, 0xD9, 0x85, 0x6B, 0xBE, 0xE3, 0x2D, 0x40, 0xB6, 0xC3,
    0xC3, 0xD8, 0xFD, 0xF8, 0x38, 0x28, 0x34, 0x34, 0x2E, 0xB4, 0x7F, 0x1E, 0x34, 0x2E, 0x3F, 0x3F, 0x3F, 0x3F, 0x41, 0x41, 0x3D, 0x3D, 0x38, 0x3D,
    0x3D, 0x38, 0x3D, 0x3A, 0x3A, 0x3A, 0x3D, 0x3D, 0x3D, 0x41, 0x3D, 0x38, 0x3D, 0x61, 0x3A, 0x2E, 0x39, 0x2E, 0x2D, 0x88, 0x6F, 0x7E, 0xF9, 0xB0,
    0xB4, 0xE0, 0xDA, 0xDD, 0xF8, 0xE8, 0xF8, 0xC2, 0x7E, 0xE4, 0x40, 0x2C, 0x2E, 0x2E, 0x2E, 0x2E, 0x2E, 0x2E, 0x2C, 0x29, 0x2E, 0x2E, 0x3E, 0x40,
    0x40, 0x2D, 0x28, 0x43, 0x70, 0x29, 0x28, 0x6A, 0xD6, 0x85, 0x28, 0x28, 0x2E, 0x28, 0x28, 0x28, 0x1E, 0x28, 0x28, 0x38, 0x38, 0x57, 0x72, 0x82,
    0xDB, 0xCA, 0xCC, 0xB2, 0xB6, 0xBA, 0x6E, 0xA3, 0xB7, 0xA2, 0xF1, 0xFF, 0xFF, 0xF8, 0xD7, 0xBD, 0xBD, 0x88, 0x2E, 0xA2, 0xE1, 0x66, 0x9B, 0xED,
    0x5E, 0x29, 0xD1, 0x78, 0xC5, 0xA4, 0xA5, 0xA4, 0xB8, 0x65, 0x67, 0xA3, 0xA4, 0xB7, 0xBC, 0xCF, 0xF7, 0xF9, 0xE9, 0xCD, 0xCD, 0xAB, 0xAB, 0xAB,
    0xAB, 0xCD, 0xD2, 0xE9, 0xF7, 0xD2, 0xD4, 0xE9, 0xFF, 0xFD, 0xEA, 0xCE, 0xC5, 0xCF, 0xCF, 0xE1, 0xD4, 0xE2, 0xF4, 0xD1, 0xA6, 0x94, 0x94, 0x94,
    0x96, 0xA6, 0x9D, 0x96, 0x96, 0x95, 0x50, 0x4D, 0x4E, 0x50, 0x50, 0x54, 0x50, 0x4E, 0x4C, 0x4F, 0x50, 0x50, 0x4D, 0x4D, 0x2F, 0x4F, 0x50, 0x50,
    0x4D, 0x50, 0x50, 0x50, 0x50, 0x50, 0x50, 0x50, 0x4E, 0x4D, 0x4D, 0x4D, 0x4D, 0x4D, 0x2F, 0x4E, 0x4E, 0x2F, 0xC5, 0x2F, 0x4D, 0x4E, 0x4E, 0x4E,
    0x4D, 0x4D, 0x4E, 0x4D, 0x4D, 0x4E, 0x4D, 0x4E, 0x4E, 0x53, 0x4D, 0xA5, 0x4D, 0x4D, 0x50, 0x4E, 0x4E, 0x4E, 0x4E, 0x4D, 0x2F, 0x4D, 0x4D, 0x4D,
    0x4C, 0x4D, 0x50, 0x4F, 0x50, 0x4D, 0x50, 0x50, 0x54, 0x54, 0x54, 0x54, 0x50, 0x50, 0x9D, 0x9D, 0x9C, 0x52, 0x4E, 0x95, 0xA6, 0x9D, 0x9D, 0xA6,
    0xA9, 0xA9, 0xCD, 0xD1, 0xD0, 0xE6, 0xE2, 0xCF, 0xC5, 0xBC, 0xC6, 0xCE, 0xEC, 0xFF, 0xFB, 0xEA, 0xD4, 0xCD, 0xFD, 0xEB, 0xCE, 0xCD, 0xAB, 0xAB,
    0xAB, 0xAB, 0xCD, 0xD2, 0xD2, 0xFF, 0xEE, 0xF1, 0xBC, 0xA4, 0xB9, 0x78, 0x63, 0x9B, 0x7A, 0xA3, 0xBC, 0xB8, 0xC8, 0xA1, 0xA4, 0xCB, 0x2D, 0xC3,
    0xDA, 0xB6, 0xAD, 0xD9, 0x3A, 0x59, 0xB4, 0xC3, 0xD7, 0xDA, 0xFF, 0xF8, 0x6F, 0x3D, 0x3D, 0x2D, 0x2E, 0x55, 0x28, 0x38, 0x3A, 0x38, 0x5B, 0x55,
    0x3D, 0x40, 0x41, 0x57, 0x41, 0x3D, 0x3D, 0x41, 0x3D, 0x3A, 0x3D, 0x3A, 0x3A, 0x3A, 0x3A, 0x38, 0x38, 0x38, 0x34, 0x38, 0xBE, 0xE8, 0x6C, 0x55,
    0x34, 0x2D, 0x59, 0x5D, 0x41, 0xB4, 0x7D, 0x34, 0x2E, 0x39, 0x34, 0x41, 0x57, 0xCB, 0xBB, 0x29, 0x28, 0xDD, 0xDF, 0x2D, 0x28, 0x2E, 0x2C, 0x2E,
    0x2C, 0x2C, 0x28, 0x2E, 0x2E, 0x2E, 0x40, 0x39, 0x56, 0xB4, 0x29, 0x28, 0x6B, 0x59, 0x28, 0x1E, 0x6A, 0x88, 0x71, 0x1D, 0x28, 0x29, 0x34, 0x3E,
    0x6F, 0x7E, 0xBF, 0xBF, 0xD9, 0xC7, 0xDB, 0xDF, 0xE3, 0xED, 0xE6, 0xCB, 0xAD, 0xB2, 0x78, 0xC2, 0xB0, 0xB1, 0xF1, 0xFF, 0xFF, 0xF4, 0xDF, 0xD8,
    0xBE, 0x7D, 0x3A, 0xA4, 0xF3, 0xE3, 0xDD, 0xF1, 0x51, 0x2D, 0xDE, 0x78, 0xB8, 0xCF, 0x78, 0x9E, 0xB8, 0x7A, 0xA3, 0xC6, 0xDB, 0xCF, 0xCE, 0xD2,
    0xF3, 0xFF, 0xD1, 0xA9, 0xCD, 0xAB, 0xD2, 0xD4, 0xE9, 0xF3, 0xEF, 0xF3, 0xFF, 0xF3, 0xFA, 0xED, 0xDB, 0xCF, 0xC5, 0xA8, 0xCE, 0xD0, 0xE1, 0xDE,
    0xD4, 0xAB, 0x96, 0x94, 0x94, 0x92, 0x92, 0x96, 0x96, 0x95, 0x9B, 0x9B, 0x9B, 0x53, 0x53, 0x53, 0xA8, 0xA7, 0x54, 0x94, 0x9D, 0x9C, 0x9C, 0xA0,
    0x9D, 0x67, 0x54, 0x50, 0x9C, 0xA7, 0x54, 0x95, 0x54, 0x95, 0x9C, 0x54, 0x54, 0x54, 0x53, 0x54, 0x54, 0x54, 0x53, 0x50, 0x53, 0x53, 0x4E, 0x53,
    0x53, 0x53, 0xA5, 0x4E, 0x4E, 0x4E, 0x50, 0x54, 0x54, 0x95, 0x54, 0x54, 0x54, 0x54, 0x54, 0x54, 0x54, 0x54, 0x4D, 0xA0, 0x9F, 0x4E, 0x53, 0x53,
    0x54, 0x54, 0x54, 0x54, 0x9C, 0x54, 0x95, 0x67, 0x66, 0x66, 0x67, 0x9C, 0x54, 0x54, 0x9C, 0x95, 0x9C, 0x9C, 0x9C, 0x9D, 0xA7, 0x9C, 0x54, 0x9C,
    0xD1, 0xA4, 0x78, 0x53, 0x50, 0x95, 0x54, 0x95, 0xA7, 0xA6, 0xA0, 0xA0, 0xA9, 0xCD, 0xD1, 0xE2, 0xEA, 0xD1, 0xDE, 0xBC, 0xB8, 0xC6, 0xD0, 0xEF,
    0xFD, 0xEC, 0xFF, 0xFF, 0xF7, 0xEC, 0xD4, 0xD4, 0xCE, 0xAB, 0xCD, 0xCD, 0xCD, 0xFD, 0xFF, 0xEC, 0xD4, 0xD4, 0xCE, 0xC5, 0xDC, 0xA4, 0xA4, 0x7A,
    0xB9, 0xBC, 0xA4, 0xB2, 0xC8, 0xCF, 0x3A, 0xD7, 0xDD, 0xE0, 0xF0, 0xDF, 0x3A, 0x58, 0xB4, 0xCA, 0xCA, 0xE6, 0xFD, 0xF8, 0xBF, 0xBB, 0xB0, 0x79,
    0xB6, 0x3E, 0x2D, 0x3D, 0x29, 0x34, 0x2E, 0x38, 0x38, 0x3A, 0x41, 0x41, 0x3D, 0x3D, 0x3D, 0x3D, 0x3A, 0x3A, 0x3D, 0x3D, 0x3D, 0x3A, 0x3A, 0x3A,
    0x3A, 0x38, 0x38, 0x38, 0x40, 0x39, 0x34, 0x2E, 0x2E, 0x55, 0x7D, 0x5D, 0xBE, 0x85, 0x34, 0x3D, 0x3D, 0x38, 0x3D, 0x34, 0x3A, 0xF8, 0x29, 0x28,
    0x2E, 0x2E, 0xE8, 0xAF, 0x2C, 0x28, 0x2C, 0x2D, 0x2C, 0x28, 0x28, 0x28, 0x28, 0x2C, 0x2D, 0x2E, 0x2E, 0x59, 0x41, 0x29, 0x1D, 0x2E, 0x58, 0x1B,
    0x28, 0xBD, 0xE4, 0x58, 0xB7, 0xB2, 0xCA, 0xC7, 0xDB, 0xDF, 0xCB, 0xE4, 0xE5, 0xF1, 0xF6, 0xF4, 0xF1, 0xCB, 0xED, 0xE0, 0xCA, 0xB2, 0x74, 0xB6,
    0xBD, 0xB1, 0xF1, 0xFF, 0xFA, 0xFF, 0xF0, 0xE7, 0xC9, 0x82, 0x2E, 0x79, 0xE0, 0x77, 0x76, 0xF0, 0x51, 0x29, 0xDE, 0x9E, 0x65, 0xB7, 0x9E, 0xC8,
    0xED, 0xBC, 0xEA, 0xCE, 0xB9, 0xC4, 0xCD, 0xCD, 0xF3, 0xFF, 0xE3, 0xCF, 0xD4, 0xE9, 0xF3, 0xFD, 0xFF, 0xFF, 0xFE, 0xF6, 0xE5, 0xE2, 0xB9, 0xA5,
    0xC9, 0xD9, 0xE1, 0xE9, 0xE9, 0xE2, 0xE1, 0xCD, 0xA6, 0x96, 0x96, 0xA6, 0xA6, 0xA6, 0xAA, 0x66, 0x51, 0xB8, 0xC6, 0x9F, 0x9F, 0xA5, 0xB9, 0x9B,
    0x9B, 0xC6, 0xCE, 0x4F, 0x50, 0x50, 0x50, 0x50, 0x54, 0x50, 0x4D, 0xA0, 0x54, 0x4D, 0x4D, 0x4D, 0x50, 0x4E, 0x53, 0x4E, 0x53, 0x4E, 0x4E, 0x53,
    0x50, 0x53, 0x53, 0x53, 0x53, 0x4E, 0x64, 0x78, 0x52, 0x9F, 0x9B, 0x2F, 0x53, 0x4E, 0x4E, 0x53, 0x54, 0x54, 0x50, 0x50, 0x50, 0x50, 0x50, 0x4D,
    0x4D, 0x50, 0x4E, 0x2F, 0xCF, 0x4E, 0x53, 0x53, 0x4E, 0x53, 0x50, 0x50, 0x50, 0x4E, 0x4D, 0x4E, 0x4E, 0x4D, 0x50, 0x50, 0x50, 0x54, 0x4E, 0x54,
    0x9D, 0x4F, 0x54, 0x54, 0x50, 0x9D, 0x9D, 0xA9, 0x54, 0x54, 0xA7, 0xA5, 0x67, 0x4E, 0x95, 0x9D, 0xA6, 0x96, 0x9D, 0x67, 0x54, 0x95, 0x96, 0xAB,
    0xD2, 0xD4, 0xE1, 0xE9, 0xDE, 0xCB, 0xB8, 0xBC, 0xC5, 0xE1, 0xEC, 0xF7, 0xFF, 0xFF, 0xFF, 0xFD, 0xF2, 0xEA, 0xE1, 0xD4, 0xD2, 0xFD, 0xFF, 0xF7,
    0xD2, 0xCD, 0xAB, 0xCD, 0xE9, 0xCE, 0xE2, 0xCF, 0xC6, 0xB8, 0xA3, 0xB7, 0xB8, 0xC2, 0x34, 0xDD, 0xBD, 0x6D, 0x86, 0xDB, 0x2E, 0x41, 0xB0, 0xBE,
    0xD8, 0xDF, 0xF8, 0xFF, 0xB0, 0xAD, 0xBA, 0x83, 0xD7, 0xDF, 0xB1, 0xB0, 0x75, 0xAD, 0x5A, 0x34, 0x41, 0x3A, 0x2D, 0x39, 0x3A, 0x3A, 0x3A, 0x3D,
    0x3A, 0x3A, 0x3D, 0x3D, 0x3D, 0x40, 0x3A, 0x3A, 0x38, 0x39, 0x38, 0x38, 0x34, 0x3E, 0x2D, 0x2D, 0x41, 0x69, 0x7C, 0xAE, 0x7F, 0x2E, 0x38, 0x3D,
    0x3A, 0x3A, 0x3D, 0x34, 0xE6, 0x3F, 0x28, 0x2E, 0x38, 0x1D, 0x43, 0xF8, 0xAF, 0x29, 0x2D, 0x7C, 0x7F, 0x2E, 0x2D, 0x2D, 0x29, 0x2E, 0x29, 0x28,
    0x28, 0x1E, 0x2D, 0x2E, 0x29, 0x39, 0xCA, 0xAE, 0xAF, 0xE4, 0xFF, 0xB4, 0xC7, 0xD9, 0xDD, 0xE8, 0xFC, 0xFF, 0xF6, 0xF1, 0xF0, 0xC7, 0xD9, 0xBA,
    0xCA, 0xA1, 0xDB, 0xE0, 0xB0, 0xB2, 0x7A, 0xC2, 0xB7, 0xB1, 0xF0, 0xFF, 0xFF, 0xF8, 0xD9, 0xDB, 0xCA, 0xAD, 0x2E, 0xA1, 0xF4, 0xE3, 0xE4, 0xF6,
    0x5E, 0x2D, 0xE5, 0xDB, 0xDF, 0xCF, 0xE1, 0xB9, 0xE2, 0xB9, 0xD1, 0xCE, 0xD1, 0xCE, 0xCE, 0xCE, 0xEF, 0xFF, 0xE9, 0xEB, 0xFF, 0xFF, 0xFF, 0xFF,
    0xFD, 0xED, 0xDE, 0xC6, 0xBC, 0xC5, 0xDC, 0xDE, 0xE1, 0xCE, 0xD1, 0xEA, 0xE1, 0xAA, 0xA6, 0xA6, 0xA6, 0xA6, 0xA7, 0xAA, 0x96, 0x9D, 0x78, 0x74,
    0xB2, 0xA4, 0x66, 0x9B, 0x9B, 0xA5, 0xCB, 0xB9, 0xB9, 0x9F, 0x54, 0x53, 0x67, 0x67, 0x54, 0x9B, 0x53, 0x4D, 0xA0, 0x50, 0x4D, 0x53, 0x50, 0x4E,
    0x53, 0x53, 0x53, 0x4E, 0x4E, 0x53, 0x53, 0x53, 0x53, 0x4E, 0x4E, 0x4D, 0x4D, 0x4E, 0x52, 0x52, 0x2F, 0x9B, 0x67, 0x25, 0x53, 0x52, 0x53, 0x53,
    0x53, 0x53, 0x53, 0x53, 0x54, 0x67, 0x53, 0x53, 0x53, 0x52, 0x9E, 0x2F, 0x67, 0x66, 0x4E, 0x66, 0x5E, 0x53, 0x54, 0x54, 0x54, 0x53, 0x53, 0x54,
    0x53, 0x50, 0x4D, 0x4F, 0x50, 0x50, 0x53, 0x4E, 0x50, 0x9D, 0x50, 0x54, 0x66, 0x9C, 0x95, 0xA7, 0xA0, 0x9C, 0x95, 0x9D, 0xCE, 0xBC, 0x9F, 0x53,
    0xA6, 0xA6, 0x96, 0xA6, 0xA6, 0xA6, 0xA6, 0xA6, 0x99, 0xAA, 0xAB, 0xD1, 0xD1, 0xD1, 0xE2, 0xDB, 0xDB, 0xC6, 0xB8, 0xC8, 0xE1, 0xF3, 0xFD, 0xFF,
    0xFF, 0xFF, 0xFF, 0xFD, 0xE9, 0xF6, 0xFF, 0xF7, 0xD1, 0xD1, 0xCE, 0xCD, 0xCE, 0xA7, 0xDE, 0xCD, 0xD1, 0xD1, 0xE2, 0xDE, 0xC6, 0xCF, 0x38, 0xD7,
    0xE8, 0xDA, 0xD8, 0xE0, 0x34, 0x40, 0xB4, 0xC3, 0xD6, 0xDA, 0xFF, 0xFF, 0xB6, 0xA2, 0xB0, 0x81, 0xC9, 0xCA, 0x81, 0xE4, 0xBB, 0xB8, 0xC2, 0xBA,
    0xB2, 0xB1, 0x7D, 0x85, 0x5A, 0x3E, 0x33, 0x38, 0x38, 0x30, 0x38, 0x3A, 0x41, 0x41, 0x41, 0x70, 0x3E, 0x3A, 0x38, 0x38, 0x55, 0x2E, 0x2D, 0x39,
    0x6F, 0x6A, 0x7C, 0x7F, 0x2E, 0x3A, 0x3A, 0x3A, 0x34, 0x3A, 0x38, 0xDA, 0x5E, 0x1B, 0x2E, 0x2E, 0x43, 0x2D, 0x28, 0xB2, 0xBD, 0x6B, 0x29, 0x40,
    0x6A, 0x28, 0x28, 0x29, 0x28, 0x28, 0x29, 0x34, 0x2E, 0x75, 0xBA, 0xD9, 0xC9, 0xC7, 0xC9, 0xD7, 0x71, 0xDD, 0xFD, 0x7E, 0xCA, 0xFF, 0xF1, 0xDF,
    0xBC, 0xC7, 0xB7, 0x76, 0xAE, 0x78, 0x83, 0xD7, 0xED, 0xE5, 0xFF, 0xDB, 0xBE, 0xA1, 0x76, 0xC3, 0xD9, 0xCA, 0xF1, 0xFF, 0xFD, 0xFC, 0xD9, 0xD9,
    0xD7, 0x75, 0x3A, 0xA3, 0xDD, 0xB1, 0xA2, 0xE4, 0x78, 0x30, 0xFB, 0xC5, 0xCE, 0xC5, 0xCE, 0xCF, 0xDC, 0xC6, 0xD9, 0xE1, 0xCD, 0xCD, 0xCE, 0xE1,
    0xF9, 0xFF, 0xF3, 0xFB, 0xFF, 0xF9, 0xEE, 0xDF, 0xC6, 0xCF, 0xC7, 0xDF, 0xE4, 0xE2, 0xD0, 0xD1, 0xCE, 0xCE, 0xD2, 0xAB, 0x96, 0x96, 0xA6, 0xA6,
    0xA6, 0xA6, 0xA6, 0xA6, 0x52, 0x9B, 0xA8, 0x9B, 0x9B, 0x9B, 0xA5, 0x9F, 0x53, 0x67, 0x67, 0xA5, 0x67, 0x53, 0x54, 0x54, 0x9B, 0x54, 0x54, 0x66,
    0x4E, 0x9B, 0x9C, 0x4E, 0x54, 0x54, 0x53, 0x4E, 0x50, 0x4E, 0x4E, 0x50, 0x53, 0x53, 0x53, 0x53, 0x66, 0x66, 0x53, 0x53, 0xCF, 0xA8, 0x53, 0x52,
    0x30, 0x9E, 0x52, 0x30, 0x4E, 0x4E, 0x4E, 0x4E, 0x4E, 0x52, 0x53, 0x53, 0x53, 0x53, 0x53, 0x53, 0x53, 0x53, 0x53, 0x4E, 0x52, 0xDB, 0x4E, 0x53,
    0x67, 0x54, 0x66, 0x66, 0x50, 0x54, 0x50, 0x50, 0x54, 0x54, 0x54, 0x50, 0x54, 0x54, 0x54, 0x54, 0x53, 0x54, 0x95, 0x95, 0x54, 0x9C, 0x9F, 0x54,
    0x54, 0x9F, 0x66, 0x9C, 0x95, 0xA9, 0xCF, 0x78, 0x3F, 0x95, 0x95, 0x95, 0x95, 0x96, 0xAA, 0xA6, 0x96, 0x96, 0x96, 0xA6, 0xCD, 0xEA, 0xE1, 0xD1,
    0xE1, 0xE2, 0xDB, 0xCA, 0xBF, 0xC6, 0xCF, 0xE3, 0xEE, 0xF9, 0xFF, 0xFF, 0xFD, 0xF9, 0xFD, 0xF8, 0xE1, 0xCE, 0xCE, 0xD1, 0xD1, 0xCD, 0xE1, 0xCD,
    0xCE, 0xC4, 0xCD, 0xCD, 0xE9, 0xDF, 0x3A, 0xE0, 0xBE, 0x6B, 0x86, 0xDD, 0x41, 0x5B, 0xB6, 0xC3, 0xDA, 0xDD, 0xFF, 0xFF, 0xBA, 0x83, 0x83, 0x79,
    0xD6, 0xCA, 0xB2, 0xDF, 0xA1, 0xC2, 0xBB, 0xB1, 0xC2, 0xB6, 0xC2, 0xBA, 0xBF, 0xB6, 0xAD, 0x7E, 0x75, 0x3F, 0x5C, 0x2E, 0x2D, 0x2D, 0x7F, 0x38,
    0x40, 0x3D, 0x39, 0xBF, 0x38, 0x2D, 0x3E, 0x61, 0x6B, 0x7D, 0x71, 0x2D, 0x34, 0x34, 0x3A, 0x3A, 0x3A, 0x2D, 0x77, 0xD7, 0x28, 0x29, 0x2E, 0x2D,
    0x69, 0x43, 0x28, 0x29, 0xD7, 0xBE, 0x59, 0x28, 0x28, 0x28, 0x29, 0x3D, 0x6B, 0x5B, 0xB0, 0xD7, 0xCB, 0xCA, 0xC7, 0xBA, 0xB1, 0xC2, 0xF1, 0xDD,
    0x61, 0xED, 0xE6, 0x72, 0xE0, 0xDB, 0xB1, 0xA4, 0x83, 0xA2, 0xC2, 0xBB, 0xD9, 0xF4, 0xF8, 0xF0, 0xDF, 0xBC, 0x73, 0x5E, 0xCC, 0xC7, 0xB7, 0xC2,
    0xB1, 0x72, 0xE6, 0xFF, 0xFF, 0xF9, 0xDD, 0xCA, 0xC3, 0x77, 0x38, 0xA1, 0xE3, 0xD9, 0xF4, 0xFF, 0x73, 0x30, 0xEA, 0xC4, 0xC5, 0xC6, 0xCE, 0xCF,
    0xE5, 0xC5, 0xDE, 0xEF, 0xD4, 0xE1, 0xEB, 0xFA, 0xFF, 0xFF, 0xFC, 0xF3, 0xE9, 0xC6, 0xCC, 0xD7, 0xCF, 0xDE, 0xC4, 0xC4, 0xD0, 0xDB, 0xED, 0xD4,
    0xCD, 0xAA, 0x96, 0xA6, 0xA7, 0xA6, 0xA6, 0xA6, 0xAA, 0xA6, 0x9D, 0x9C, 0x66, 0x53, 0x54, 0x54, 0x4E, 0x53, 0xC8, 0xA9, 0x54, 0x9B, 0x9D, 0x54,
    0x53, 0x67, 0x67, 0x9B, 0x9B, 0x9B, 0x67, 0x66, 0xB8, 0x53, 0x53, 0x9B, 0x67, 0x66, 0x9B, 0x9B, 0x9B, 0x67, 0x9B, 0x9B, 0x9E, 0x9F, 0x9B, 0x9E,
    0x67, 0x66, 0x66, 0x66, 0x9E, 0x66, 0x52, 0x52, 0x52, 0xDB, 0x2D, 0x52, 0x65, 0x66, 0x65, 0x66, 0x53, 0x52, 0x52, 0x53, 0x53, 0x66, 0x67, 0x67,
    0x66, 0x66, 0x52, 0x65, 0x51, 0xB8, 0x63, 0x4E, 0x67, 0x54, 0x54, 0x9C, 0x9B, 0x9C, 0x54, 0x9C, 0x9B, 0x9C, 0x9B, 0x67, 0x9C, 0x9B, 0x9C, 0x9C,
    0x9C, 0x54, 0x9F, 0xA8, 0x54, 0x9C, 0x9F, 0x9D, 0x54, 0xD1, 0x52, 0x2D, 0x4E, 0x4E, 0x53, 0x9B, 0x52, 0x66, 0x53, 0x52, 0x9E, 0xA0, 0xA6, 0xA6,
    0xAA, 0xA7, 0xAA, 0xA6, 0xA6, 0xA6, 0xAB, 0xCE, 0xE1, 0xE1, 0xE9, 0xE2, 0xDF, 0xDB, 0xC7, 0xCB, 0xD9, 0xD7, 0xE2, 0xEC, 0xF7, 0xFF, 0xFF, 0xFF,
    0xF3, 0xE9, 0xD4, 0xE9, 0xE1, 0xCE, 0xE1, 0xCE, 0xD0, 0xD1, 0xCE, 0xCE, 0xCE, 0xDF, 0x38, 0xDB, 0xFD, 0xED, 0xD7, 0xDA, 0x3D, 0x55, 0xAF, 0xC1,
    0xDA, 0xE0, 0xF8, 0xFF, 0xCA, 0xBF, 0xBB, 0xA2, 0xD7, 0xD9, 0xA2, 0xC7, 0x6C, 0xD7, 0xC7, 0xB0, 0xBB, 0xB1, 0xBB, 0xBA, 0xB6, 0xB6, 0xB2, 0xBD,
    0xBE, 0xC3, 0xBB, 0xA2, 0x62, 0x83, 0x71, 0x3A, 0x41, 0x38, 0x57, 0x71, 0x29, 0x34, 0x55, 0x6C, 0x7D, 0xAE, 0x3A, 0x3A, 0x38, 0x30, 0x3A, 0x3D,
    0x38, 0x60, 0xFF, 0x28, 0x28, 0x40, 0x5D, 0x3A, 0x70, 0x38, 0x2E, 0x1D, 0x28, 0xE0, 0xE0, 0x5D, 0xAE, 0xC3, 0xCB, 0xCB, 0xC8, 0xD9, 0xC2, 0xBA,
    0xB7, 0xB2, 0xA2, 0xBA, 0xBB, 0xE3, 0xF6, 0xDB, 0xA2, 0xE6, 0xE4, 0x76, 0xE4, 0xCC, 0xBC, 0xDB, 0xF5, 0xFF, 0xFF, 0xFD, 0xDF, 0xB7, 0x83, 0x81,
    0x5C, 0x5E, 0x63, 0x9F, 0xE5, 0x74, 0x78, 0x80, 0xAE, 0x78, 0xDF, 0xFF, 0xFF, 0xFD, 0xDD, 0xC3, 0xC3, 0x88, 0x38, 0xA4, 0xF0, 0xBA, 0x75, 0xED,
    0x73, 0x2D, 0xEC, 0xD1, 0xCE, 0xC5, 0xC5, 0xCE, 0xE9, 0xD4, 0xEB, 0xF9, 0xF9, 0xFF, 0xFF, 0xF5, 0xED, 0xE3, 0xDB, 0xC2, 0xCF, 0xC8, 0xDF, 0xDB,
    0xE2, 0xCF, 0xCF, 0xDF, 0xE3, 0xE1, 0xAA, 0x96, 0x94, 0x96, 0x96, 0x96, 0xA6, 0xA6, 0xAA, 0xA9, 0xA7, 0x9D, 0x95, 0x9F, 0xA0, 0xA0, 0x66, 0x4E,
    0x65, 0xA5, 0x54, 0x54, 0x9F, 0x9C, 0x9B, 0x9B, 0x9B, 0x9B, 0x9F, 0x9B, 0x9B, 0x66, 0x67, 0xA5, 0x53, 0x4E, 0x66, 0x53, 0x53, 0x66, 0x53, 0x53,
    0x53, 0x53, 0x53, 0x53, 0x53, 0x66, 0x54, 0x53, 0x53, 0x66, 0x66, 0x53, 0x52, 0x52, 0x66, 0x4E, 0x30, 0xC9, 0x3F, 0x5E, 0x63, 0x64, 0x65, 0x65,
    0x78, 0x65, 0x65, 0x65, 0x65, 0x65, 0x65, 0x67, 0x65, 0x65, 0x65, 0x66, 0x52, 0x51, 0xCA, 0x30, 0x67, 0x66, 0x66, 0x9B, 0x9D, 0x9F, 0x9D, 0x9D,
    0x9B, 0x9B, 0x9F, 0x9B, 0x9B, 0x9B, 0x67, 0x9C, 0x67, 0x67, 0x67, 0x54, 0xA0, 0x9B, 0x54, 0x9C, 0xA0, 0xA0, 0xC5, 0x77, 0x30, 0x5E, 0xA4, 0x9E,
    0x9F, 0x9B, 0x9E, 0x9F, 0xA5, 0xA5, 0x66, 0x9D, 0x96, 0xA6, 0xA6, 0x96, 0x96, 0x96, 0x96, 0x96, 0xAA, 0xCD, 0xE9, 0xDE, 0xDC, 0xE1, 0xE1, 0xCF,
    0xDF, 0xD7, 0xBB, 0xBB, 0xCC, 0xE3, 0xF1, 0xF6, 0xFF, 0xFF, 0xFD, 0xF2, 0xF2, 0xD0, 0xEB, 0xE1, 0xCE, 0xD0, 0xD0, 0xCE, 0xE1, 0xDF, 0x34, 0xD7,
    0xB6, 0x86, 0xC0, 0xE4, 0x3D, 0x57, 0xB4, 0xC3, 0xE6, 0xF0, 0xFF, 0xFD, 0xBF, 0xB1, 0xBA, 0xB4, 0xCB, 0xE8, 0xBD, 0xBB, 0x79, 0xBA, 0x9E, 0xA3,
    0xBC, 0xA4, 0xBA, 0xB2, 0xB2, 0xB6, 0xB0, 0xAE, 0xB0, 0xB0, 0xB0, 0xB2, 0xB5, 0xE0, 0x82, 0xB2, 0xB4, 0xB4, 0xB0, 0x6C, 0x55, 0x38, 0x6C, 0x6B,
    0x82, 0x2D, 0x30, 0x3D, 0x3A, 0x3F, 0x3D, 0x34, 0x38, 0xE6, 0x2D, 0x28, 0x34, 0x77, 0xA2, 0x34, 0x29, 0x28, 0x29, 0x59, 0x2E, 0xED, 0xF8, 0xAE,
    0xBB, 0xBA, 0xBB, 0xBA, 0xB0, 0xB7, 0xB6, 0xBB, 0xB2, 0xBB, 0xB7, 0xC3, 0xA1, 0xDB, 0xF4, 0xBF, 0x82, 0xE4, 0xED, 0x81, 0xE6, 0xFD, 0xF1, 0xE3,
    0xC7, 0x88, 0x5D, 0x71, 0x5F, 0x5E, 0x64, 0x9B, 0x9C, 0x94, 0x27, 0x27, 0xFF, 0x77, 0x77, 0xE0, 0xE0, 0xB1, 0xE3, 0xFF, 0xF9, 0xFF, 0xDD, 0xC3,
    0xCA, 0x7E, 0x38, 0xB1, 0xD9, 0xB0, 0xD9, 0xF8, 0x83, 0x3F, 0xEE, 0xD0, 0xD0, 0xCE, 0xD4, 0xE1, 0xEF, 0xFD, 0xFF, 0xFF, 0xF9, 0xED, 0xDF, 0xCB,
    0xCB, 0xCC, 0xC7, 0xE0, 0xED, 0xD1, 0xCE, 0xC6, 0xCF, 0xE3, 0xE5, 0xD2, 0xAA, 0x96, 0x96, 0xAA, 0xA6, 0xA6, 0x96, 0xA6, 0xA6, 0xA6, 0x9B, 0x65,
    0x67, 0x66, 0x66, 0x53, 0x52, 0x52, 0x52, 0xA5, 0xA7, 0x54, 0x95, 0x67, 0x9F, 0x9C, 0x9F, 0x9E, 0x9B, 0x9F, 0x9B, 0x67, 0x66, 0x66, 0xA5, 0x67,
    0x53, 0x9B, 0x67, 0x66, 0x67, 0x67, 0x66, 0x66, 0x9B, 0x66, 0x65, 0x53, 0x65, 0x66, 0x53, 0x53, 0x66, 0x65, 0x65, 0x66, 0x66, 0x65, 0x66, 0x30,
    0x9B, 0xAE, 0x30, 0x65, 0x52, 0x52, 0x52, 0x52, 0x5E, 0x51, 0x52, 0x52, 0x52, 0x52, 0x52, 0x52, 0x52, 0x52, 0x52, 0x52, 0x53, 0x30, 0xB2, 0x5E,
    0x30, 0x9B, 0x67, 0x9C, 0x67, 0x67, 0x67, 0x67, 0x67, 0x9B, 0x9B, 0x67, 0x67, 0x67, 0x67, 0x9B, 0x9B, 0x9B, 0x67, 0x9B, 0x67, 0x66, 0x9F, 0x53,
    0x9B, 0x9F, 0x9D, 0xC4, 0xB7, 0x41, 0x30, 0x4E, 0x52, 0x53, 0x52, 0x53, 0x53, 0x52, 0x52, 0x65, 0x67, 0x9D, 0xA7, 0xA6, 0x96, 0xAA, 0xAA, 0x96,
    0xA6, 0x96, 0xAA, 0xCD, 0xE1, 0xEA, 0xE1, 0xCF, 0xCF, 0xD9, 0xE5, 0xDD, 0xDD, 0xBD, 0xBF, 0xD9, 0xE3, 0xE7, 0xF8, 0xFF, 0xFF, 0xF7, 0xFF, 0xEB,
    0xCE, 0xD0, 0xD1, 0xCE, 0xD4, 0xDF, 0x41, 0xDD, 0xE8, 0xC0, 0x86, 0xD9, 0x55, 0x60, 0xBB, 0xD6, 0xE6, 0xF0, 0xF9, 0xFF, 0xBB, 0x81, 0xAE, 0x77,
    0xBF, 0xD1, 0x9F, 0xD6, 0xD6, 0xD8, 0xA4, 0x7A, 0xB7, 0xA4, 0xB2, 0xBA, 0xB1, 0xBA, 0xBA, 0xB0, 0xB4, 0xB4, 0xB4, 0xB4, 0xA2, 0xD6, 0xB6, 0x88,
    0xB0, 0xB0, 0xB4, 0xBA, 0xAE, 0xC9, 0xD7, 0xD7, 0x3E, 0x30, 0x2D, 0x2E, 0x38, 0x3D, 0x38, 0x34, 0x55, 0xA2, 0x28, 0x29, 0x28, 0x2D, 0x2D, 0x29,
    0x71, 0x88, 0xC9, 0xAF, 0x69, 0xF4, 0xF6, 0x7E, 0xB1, 0xB7, 0xB6, 0xBB, 0xBC, 0xB7, 0xB1, 0xB2, 0xB1, 0xB7, 0xB7, 0xCB, 0x62, 0xA2, 0xC7, 0xBA,
    0xB1, 0xDF, 0xE4, 0x79, 0xAD, 0xB3, 0x6D, 0x59, 0x69, 0x71, 0x75, 0x66, 0xB9, 0xA6, 0xAB, 0xAB, 0x27, 0x4B, 0x27, 0x92, 0xFF, 0x79, 0x83, 0xE7,
    0xD6, 0x71, 0xE7, 0xFF, 0xFF, 0xF9, 0xF0, 0xDD, 0xC3, 0x75, 0x34, 0xB2, 0xF1, 0xE3, 0xD7, 0xF6, 0x79, 0x3F, 0xEC, 0xD1, 0xE1, 0xE2, 0xF8, 0xF8,
    0xFF, 0xF8, 0xEE, 0xE3, 0xDF, 0xC7, 0xCB, 0xCB, 0xE4, 0xE8, 0xD1, 0xD0, 0xC8, 0xDB, 0xCF, 0xE2, 0xE9, 0xAB, 0xA6, 0xA6, 0x96, 0xA6, 0x94, 0x96,
    0xA6, 0xA7, 0xA6, 0x9D, 0x95, 0xC4, 0xA5, 0x78, 0x78, 0x74, 0x64, 0x79, 0x51, 0x52, 0xD1, 0x67, 0x66, 0x9C, 0x9B, 0x9B, 0x9B, 0x9B, 0x53, 0x53,
    0x66, 0x67, 0x67, 0x66, 0x52, 0xB7, 0x66, 0x52, 0x66, 0x53, 0x53, 0x53, 0x53, 0x53, 0x53, 0x66, 0x53, 0x52, 0x65, 0x4E, 0x52, 0x65, 0x53, 0x65,
    0x64, 0x64, 0x65, 0x65, 0x51, 0x3F, 0x52, 0x30, 0xDB, 0xA2, 0x3A, 0x65, 0x52, 0x78, 0x7A, 0x7A, 0x78, 0x78, 0x78, 0x78, 0x7A, 0x78, 0x64, 0x52,
    0x65, 0x67, 0x66, 0x63, 0x51, 0x3F, 0x3F, 0xBA, 0x30, 0x67, 0x51, 0x52, 0x9B, 0x9B, 0x67, 0x67, 0x9B, 0x67, 0x9B, 0x9B, 0x67, 0x67, 0x67, 0x9C,
    0x9C, 0x66, 0x66, 0x54, 0x66, 0x67, 0xA0, 0xC4, 0x9B, 0x67, 0x9F, 0x9F, 0xA0, 0xA8, 0xA5, 0xDF, 0xE6, 0xED, 0xE2, 0xE2, 0xC5, 0xC5, 0xD1, 0xD1,
    0xE5, 0xC4, 0x54, 0xA7, 0xA7, 0xAB, 0xAA, 0x96, 0x96, 0x96, 0x99, 0x96, 0xAA, 0xCD, 0xE1, 0xE2, 0xDE, 0xE1, 0xDB, 0xCF, 0xE5, 0xE6, 0xDB, 0xD7,
    0xC9, 0xD9, 0xDB, 0xE7, 0xF6, 0xFF, 0xFF, 0xFF, 0xF6, 0xEB, 0xE2, 0xD4, 0xE1, 0xDC, 0x3A, 0xE0, 0xDA, 0xDA, 0xE8, 0xDB, 0x3D, 0x61, 0xBE, 0xCA,
    0xE0, 0xFF, 0xFF, 0xFF, 0xB7, 0xC3, 0xC9, 0x80, 0xBE, 0xEB, 0x4B, 0x27, 0x50, 0xA0, 0xA5, 0xD8, 0xC2, 0xC8, 0xC7, 0xC1, 0xB6, 0xBB, 0xB6, 0xAE,
    0xBA, 0xB6, 0xB2, 0xB6, 0xB1, 0xD8, 0xB6, 0xA2, 0xB0, 0xAE, 0xB2, 0xBB, 0x82, 0xBA, 0xE6, 0xE0, 0xAE, 0xBB, 0xB1, 0x6E, 0x64, 0x3F, 0x3A, 0x38,
    0xB4, 0xB6, 0x2E, 0xB1, 0x5E, 0x38, 0x28, 0x28, 0xAF, 0xAD, 0xC1, 0x56, 0x3E, 0xF4, 0xF4, 0xA2, 0xB2, 0xBA, 0xB2, 0xB1, 0xB7, 0xB1, 0xB2, 0xB2,
    0xBB, 0xBB, 0xBB, 0xCB, 0x83, 0xBB, 0xC6, 0xDF, 0xA4, 0xE4, 0xE8, 0xC0, 0x6F, 0x5E, 0x9E, 0xB9, 0x9D, 0x50, 0x27, 0x26, 0xC4, 0xCE, 0xE5, 0xA6,
    0x4B, 0x4D, 0x4B, 0xE8, 0xFD, 0x77, 0x82, 0xB2, 0xB2, 0xB6, 0xF1, 0xFF, 0xFF, 0xF9, 0xF4, 0xDF, 0xC9, 0x77, 0x3A, 0xB7, 0xDB, 0xBB, 0xD9, 0xF8,
    0x77, 0x5F, 0xF9, 0xF6, 0xFF, 0xFF, 0xF8, 0xF4, 0xE0, 0xCB, 0xC7, 0xC7, 0xD6, 0xDD, 0xE6, 0xE2, 0xCF, 0xCF, 0xC8, 0xDF, 0xD9, 0xD1, 0xD2, 0xAB,
    0xA6, 0xA6, 0xA6, 0xA6, 0xA7, 0xA6, 0xA6, 0xA7, 0x9F, 0xA7, 0xA0, 0x67, 0xB9, 0xCE, 0xA7, 0xA7, 0xA7, 0xA9, 0xC4, 0xDB, 0xCF, 0x66, 0x9F, 0x52,
    0x30, 0x67, 0x53, 0x66, 0x66, 0x9B, 0x52, 0x52, 0x66, 0x57, 0x3F, 0xA3, 0x78, 0x51, 0x5F, 0x3D, 0x65, 0x63, 0x77, 0x5F, 0x5E, 0x5E, 0x52, 0x51,
    0x51, 0x5C, 0x6C, 0x62, 0x62, 0x62, 0x5E, 0x5E, 0x5E, 0x51, 0x51, 0x51, 0x41, 0x34, 0x30, 0x2E, 0xE3, 0x6E, 0x57, 0x6C, 0x3A, 0x63, 0x65, 0x65,
    0x64, 0x63, 0x63, 0x64, 0x63, 0x64, 0x62, 0x51, 0x65, 0x64, 0x52, 0x51, 0x3D, 0x63, 0x2D, 0xB0, 0x5F, 0x30, 0x2E, 0x38, 0x67, 0x51, 0x64, 0x66,
    0x64, 0x52, 0x65, 0x53, 0x52, 0x52, 0x52, 0x66, 0x53, 0x53, 0x53, 0x53, 0x53, 0x53, 0xA0, 0x50, 0xB9, 0x65, 0x65, 0x54, 0x54, 0x95, 0x9C, 0x95,
    0x95, 0x95, 0x95, 0xA7, 0xA5, 0x9F, 0x9F, 0x67, 0x9D, 0xA8, 0xC5, 0xB9, 0xA9, 0xCD, 0xA9, 0xAB, 0xA7, 0xCD, 0xAB, 0x96, 0xAA, 0xA6, 0x96, 0xAB,
    0xD4, 0xE2, 0xDF, 0xE5, 0xDB, 0xD9, 0xDA, 0xE5, 0xE5, 0xE0, 0xE0, 0xC9, 0xC7, 0xCF, 0xE5, 0xF7, 0xFF, 0xFF, 0xFF, 0xFC, 0xF3, 0xDB, 0x3A, 0xE8,
    0xDA, 0xB5, 0xB6, 0xDB, 0x3A, 0x60, 0xBD, 0xD7, 0xE8, 0xFF, 0xFF, 0xFF, 0xC2, 0xB0, 0xBF, 0x82, 0xBA, 0xFF, 0x9C, 0x27, 0x27, 0x26, 0x4B, 0xDA,
    0xBC, 0xD7, 0xC4, 0xA9, 0xD9, 0xD6, 0xD5, 0xC1, 0xB6, 0xB0, 0xB1, 0xB0, 0xA2, 0xCA, 0xB6, 0xAE, 0xB2, 0xB2, 0xB6, 0xBA, 0xAE, 0xBB, 0xDD, 0xE6,
    0x82, 0xBB, 0xAE, 0xBA, 0xB7, 0xC7, 0xBB, 0xBA, 0xFF, 0xBD, 0x2E, 0xBE, 0xCA, 0xB0, 0xB0, 0x82, 0xD7, 0xE4, 0xDD, 0x55, 0x40, 0xF4, 0xF8, 0xB2,
    0xBB, 0xB2, 0xB7, 0xBB, 0xB7, 0xB2, 0xC7, 0xC8, 0xC2, 0xB7, 0xB6, 0xBB, 0xB1, 0xCA, 0xE8, 0xE0, 0xD6, 0xDE, 0xCC, 0x95, 0x96, 0x96, 0x94, 0x27,
    0x4B, 0x27, 0x27, 0x94, 0xE3, 0xE1, 0xE1, 0x4B, 0x27, 0x27, 0x96, 0xE7, 0xF4, 0x81, 0x81, 0xBD, 0xB6, 0xB6, 0xF0, 0xFF, 0xFF, 0xFD, 0xED, 0xE4,
    0xC9, 0x80, 0x40, 0xB0, 0xF4, 0xDA, 0xBF, 0xF4, 0xA2, 0x62, 0xFF, 0xFF, 0xF1, 0xED, 0xDF, 0xCA, 0xCB, 0xD9, 0xDB, 0xDD, 0xC4, 0xCD, 0xC4, 0xA8,
    0xC4, 0xCF, 0xE7, 0xEF, 0xD4, 0xAB, 0xAB, 0xA7, 0xCD, 0xCD, 0xA7, 0xA6, 0xA7, 0xAA, 0xA7, 0xA6, 0xAB, 0x67, 0xCC, 0xE5, 0xC4, 0xA9, 0xB9, 0xC5,
    0xC8, 0xD0, 0xC8, 0xA5, 0x9F, 0x9F, 0x9B, 0x9E, 0x9E, 0x9E, 0x9B, 0x78, 0x66, 0x65, 0x81, 0x79, 0x74, 0x79, 0x62, 0xCA, 0x76, 0x5F, 0x75, 0x76,
    0x77, 0x74, 0x61, 0x5E, 0x63, 0x5F, 0x6E, 0x5F, 0x5F, 0x72, 0x6E, 0x5E, 0x64, 0x76, 0x62, 0x5B, 0x60, 0x5E, 0x52, 0x5E, 0x76, 0x83, 0x62, 0x70,
    0xE0, 0x55, 0x5C, 0x76, 0x5D, 0x41, 0x3F, 0x3F, 0x3F, 0x51, 0x51, 0x51, 0x3F, 0x51, 0x63, 0x64, 0x64, 0x5E, 0x51, 0x65, 0x79, 0xB8, 0x5F, 0x82,
    0xBB, 0x5C, 0xA4, 0x77, 0x79, 0x5F, 0x5F, 0x65, 0x63, 0x5E, 0x78, 0x65, 0x64, 0x62, 0x64, 0x78, 0x74, 0x53, 0x53, 0x67, 0x66, 0x66, 0x9B, 0x53,
    0xA5, 0xBC, 0x53, 0x54, 0x54, 0x9C, 0xA8, 0xA0, 0x9C, 0xA6, 0xA6, 0x95, 0xCE, 0xE2, 0xED, 0xB7, 0x9B, 0xA0, 0xA5, 0xC6, 0xD1, 0x95, 0xA6, 0xAB,
    0xCD, 0xCD, 0xD1, 0xAB, 0xAA, 0xCD, 0xAA, 0xA6, 0xAA, 0xA7, 0xD2, 0xEA, 0xDE, 0xE5, 0xCE, 0xDE, 0xD1, 0xCF, 0xCF, 0xE4, 0xDB, 0xCB, 0xCC, 0xDB,
    0xDF, 0xED, 0xEE, 0xFF, 0xFF, 0xED, 0x5E, 0xDD, 0xDA, 0xD5, 0xE0, 0xE3, 0x3D, 0x41, 0xBE, 0xE0, 0xE6, 0xFF, 0xFF, 0xFF, 0xC2, 0xB0, 0xBA, 0xA2,
    0xC3, 0xF7, 0xCC, 0x4B, 0x27, 0x27, 0x4B, 0xD0, 0xDE, 0xDC, 0x9C, 0x26, 0x4D, 0x50, 0x9C, 0xA9, 0xCA, 0xC9, 0xD7, 0xBD, 0xB0, 0xBF, 0xBB, 0x83,
    0xB0, 0xB0, 0xB0, 0xB0, 0xB0, 0xC2, 0xDF, 0xE8, 0x7E, 0xB2, 0xB2, 0xB7, 0xB1, 0xA2, 0xB2, 0xBB, 0xF9, 0xD7, 0x2E, 0xBD, 0xC9, 0xD6, 0xBE, 0xB0,
    0xFF, 0xE0, 0xC3, 0x75, 0x40, 0xF8, 0xFF, 0xB7, 0xB7, 0xBB, 0xC2, 0xBA, 0xBB, 0xB2, 0xC2, 0xCB, 0xC3, 0xC7, 0xCC, 0xD9, 0xE0, 0xBB, 0x66, 0x66,
    0x4B, 0x50, 0xDC, 0xA7, 0xCD, 0xE5, 0x50, 0x26, 0x4B, 0x4B, 0x27, 0xE5, 0xDE, 0xE7, 0xA7, 0x27, 0x27, 0x27, 0xD4, 0xDC, 0xEE, 0x77, 0x80, 0xB6,
    0xB2, 0xB4, 0xF4, 0xFF, 0xFF, 0xF9, 0xF6, 0xED, 0xE4, 0xBF, 0x41, 0xBA, 0xDB, 0xAF, 0xD7, 0xF5, 0xAE, 0x51, 0xF6, 0xDF, 0xC7, 0xBF, 0xC9, 0xDB,
    0xE6, 0xE2, 0xE3, 0xDB, 0xC4, 0xB9, 0xC5, 0xCF, 0xE2, 0xE1, 0xC4, 0xA7, 0xA6, 0xA9, 0xC4, 0xA9, 0xA7, 0xA9, 0xC4, 0xA9, 0xC4, 0xA9, 0xA0, 0x9D,
    0xCF, 0x9F, 0xA4, 0xB7, 0xA4, 0x9B, 0x9F, 0xE2, 0xCF, 0x54, 0x53, 0x53, 0x53, 0x53, 0x54, 0xA5, 0xB1, 0x83, 0x81, 0x75, 0x75, 0x81, 0xA1, 0x76,
    0x76, 0x76, 0x81, 0x73, 0x6E, 0x74, 0x6E, 0x6E, 0x5B, 0x5E, 0x5B, 0x51, 0x64, 0x71, 0x64, 0x5F, 0x51, 0x51, 0x3F, 0x30, 0x30, 0x30, 0x3F, 0x3F,
    0x30, 0x2F, 0x2F, 0x3D, 0x3A, 0x51, 0x38, 0x6F, 0xDB, 0x2D, 0x2D, 0x30, 0x51, 0x3F, 0x30, 0x51, 0x3F, 0x3F, 0x3F, 0x3F, 0x3F, 0x3F, 0x51, 0x51,
    0x51, 0x52, 0x52, 0x52, 0x62, 0x38, 0x3F, 0x34, 0xCA, 0x82, 0x3F, 0x64, 0x52, 0xA4, 0x62, 0x5E, 0x74, 0x64, 0x65, 0xA1, 0x78, 0x65, 0x9B, 0x67,
    0x64, 0xA4, 0x65, 0x7A, 0xA3, 0xA3, 0xA4, 0xA4, 0x9E, 0xA5, 0xA5, 0xA5, 0x9E, 0xA5, 0xB9, 0xB8, 0xB9, 0x4F, 0x50, 0x54, 0x54, 0x50, 0xA9, 0xE2,
    0x75, 0x62, 0x7A, 0xB7, 0xA3, 0xA5, 0xE3, 0xA8, 0xA6, 0xA6, 0xA7, 0xC4, 0xA9, 0xC4, 0xC4, 0xC4, 0xA9, 0xA7, 0xA7, 0xA9, 0xAB, 0xD2, 0xD4, 0xCA,
    0xCA, 0xDB, 0xC6, 0xED, 0xDF, 0xDB, 0xE2, 0xDD, 0xCA, 0xC8, 0xDE, 0xE1, 0xEE, 0xE6, 0x5D, 0xE0, 0xDD, 0xB5, 0xB6, 0xE0, 0x41, 0xAD, 0xDB, 0xE6,
    0xE4, 0xFF, 0xFD, 0xFF, 0xBB, 0xB1, 0xC2, 0xA2, 0xBE, 0xF3, 0xE5, 0x96, 0x27, 0x4B, 0x27, 0x94, 0xE5, 0xD0, 0xE6, 0x4D, 0x27, 0x4B, 0x27, 0x4B,
    0xCC, 0xBC, 0xC2, 0xC3, 0xC3, 0xE0, 0xDD, 0xBA, 0xBA, 0xAE, 0xAE, 0xB2, 0x83, 0xC2, 0xF4, 0xE8, 0x72, 0xCA, 0x7E, 0x6C, 0xB2, 0xB1, 0xB1, 0xB1,
    0xF4, 0xD7, 0x38, 0xBB, 0xB0, 0xFF, 0xFD, 0xF8, 0xE0, 0xDD, 0xBD, 0x71, 0x40, 0xF5, 0xFD, 0xB1, 0xA2, 0xB1, 0xBA, 0xBB, 0xCA, 0xC3, 0xD7, 0xE4,
    0xDD, 0xC7, 0xD6, 0x4E, 0x27, 0x27, 0x27, 0x4B, 0x26, 0xAB, 0xE8, 0xE5, 0xE5, 0xE1, 0x27, 0x27, 0x27, 0x27, 0x96, 0xE5, 0xDC, 0xE1, 0x4F, 0x4B,
    0x27, 0xA6, 0xE5, 0xD0, 0xF3, 0x77, 0xA2, 0xC2, 0xBA, 0xB6, 0xF0, 0xFF, 0xFF, 0xF8, 0xDF, 0xF0, 0xFF, 0xF1, 0x55, 0xB0, 0xF1, 0xDB, 0xBA, 0x6E,
    0xB0, 0x80, 0xE6, 0xE3, 0xE0, 0xD7, 0xF0, 0xF6, 0xF3, 0xE2, 0xCC, 0xCF, 0xDF, 0xE2, 0xE2, 0xCE, 0xA7, 0xC5, 0xC5, 0xB9, 0xA8, 0xA0, 0xA7, 0xA7,
    0x9F, 0x9F, 0xA7, 0xA0, 0x9D, 0xA8, 0xB8, 0x74, 0x5E, 0x51, 0x3F, 0x3F, 0x3F, 0x88, 0xCF, 0x9B, 0x52, 0x66, 0x65, 0x64, 0x5E, 0x76, 0xDE, 0xCA,
    0xBA, 0xE6, 0xCA, 0xAE, 0xE3, 0xD9, 0xBA, 0xE6, 0xC9, 0xB0, 0xED, 0xCA, 0x77, 0xE4, 0xE4, 0x71, 0xCA, 0xE3, 0x70, 0xBB, 0xE4, 0x77, 0x52, 0x63,
    0x64, 0x52, 0x52, 0x5E, 0x63, 0x5E, 0x62, 0x74, 0x74, 0x74, 0x65, 0x76, 0x41, 0x6E, 0x2E, 0xB0, 0xDB, 0x30, 0x5F, 0x58, 0x63, 0x65, 0x65, 0x78,
    0x65, 0x65, 0x65, 0x78, 0x78, 0x74, 0x64, 0x5E, 0x63, 0x63, 0x5E, 0x51, 0x5E, 0x2D, 0x2E, 0x3F, 0x74, 0xB5, 0x2E, 0x5F, 0x30, 0xA3, 0xE3, 0xA4,
    0xB1, 0xE5, 0x7A, 0x9E, 0xED, 0xB7, 0xA4, 0xED, 0x9E, 0xA0, 0xED, 0x9F, 0xC6, 0xC5, 0xB9, 0xE5, 0xB8, 0xB9, 0xE6, 0xCF, 0xC6, 0xA5, 0xDB, 0xC6,
    0xC6, 0xCF, 0x66, 0x53, 0x9E, 0x9B, 0x53, 0x50, 0xCF, 0xD6, 0x3A, 0x3F, 0x5F, 0x6C, 0x72, 0x72, 0xBC, 0xA9, 0x9D, 0x9D, 0xA7, 0xA0, 0xA7, 0xA8,
    0xA7, 0xA7, 0xA8, 0xA7, 0xA9, 0xA7, 0xA9, 0xCE, 0xE3, 0xDF, 0xDB, 0xE0, 0xDB, 0xE2, 0xE5, 0xEA, 0xF1, 0xE2, 0xE5, 0xE5, 0xE5, 0xDD, 0xB2, 0x89,
    0xAF, 0xC9, 0xE4, 0xE3, 0x41, 0xCA, 0xED, 0xF4, 0xDD, 0xFF, 0xFF, 0xFF, 0xBF, 0xB2, 0xC2, 0xB1, 0xBD, 0xF7, 0xDE, 0xD0, 0x4B, 0x4B, 0x27, 0x27,
    0xCD, 0xDE, 0xE5, 0xA9, 0x4B, 0x4B, 0x4B, 0x27, 0xC4, 0xDC, 0xC8, 0xB6, 0xA3, 0x4F, 0x9D, 0xC5, 0xE0, 0xE0, 0xD8, 0xD6, 0xAF, 0x82, 0xF6, 0xF4,
    0x79, 0xCC, 0x88, 0x6F, 0xB2, 0xB1, 0xB1, 0xB1, 0xF1, 0xC9, 0x38, 0xBD, 0xB4, 0xFD, 0x83, 0xB6, 0xDD, 0xE6, 0xCA, 0x71, 0x43, 0xF8, 0xF8, 0xBB,
    0xCA, 0xD8, 0xE6, 0xE0, 0xC3, 0xA4, 0xB0, 0xB4, 0xAE, 0xB2, 0xD0, 0x27, 0x27, 0x27, 0x4B, 0x27, 0x96, 0xF4, 0xDE, 0xE1, 0xE5, 0x92, 0x27, 0x4B,
    0x27, 0x27, 0xE1, 0xDC, 0xE2, 0x9D, 0x27, 0x4B, 0x4B, 0xE2, 0xE2, 0xD0, 0xF3, 0x7E, 0x82, 0xBF, 0xC2, 0xC2, 0xF0, 0xFF, 0xFF, 0xFF, 0xDB, 0xE6,
    0xF8, 0xDD, 0x56, 0x75, 0x88, 0x88, 0x7E, 0xB0, 0xAD, 0x7E, 0x73, 0xC2, 0xF8, 0xC7, 0x82, 0xAE, 0xA7, 0xD4, 0xEE, 0xF6, 0xF1, 0xF7, 0xDE, 0xC4,
    0xAB, 0xC4, 0xC4, 0xCD, 0xCD, 0xA7, 0xC4, 0xC4, 0xC5, 0xA9, 0xA9, 0xC4, 0xA7, 0xA5, 0x65, 0x9E, 0x9B, 0x66, 0x4E, 0xA4, 0xD9, 0xB9, 0x53, 0x53,
    0x66, 0x67, 0x65, 0x51, 0xCB, 0xF1, 0xB2, 0xB6, 0xE4, 0xB6, 0xAE, 0xED, 0xC7, 0xB0, 0xF4, 0xCA, 0xB0, 0xF4, 0xD9, 0x7E, 0xE4, 0xFD, 0x75, 0xBA,
    0xFF, 0x82, 0x82, 0xFF, 0xC7, 0x51, 0x64, 0x63, 0x63, 0x65, 0x53, 0x63, 0x64, 0x63, 0x5E, 0x63, 0x64, 0x64, 0x74, 0x64, 0x76, 0x5E, 0x38, 0xC7,
    0xC2, 0x64, 0x78, 0x65, 0x65, 0x63, 0x62, 0x5E, 0x51, 0x51, 0x51, 0x51, 0x51, 0x51, 0x51, 0x51, 0x3F, 0x5E, 0x63, 0x51, 0x5E, 0x64, 0x62, 0x3F,
    0x38, 0xCB, 0x3E, 0x3F, 0x62, 0x55, 0xED, 0xE6, 0x65, 0xE5, 0xE2, 0x52, 0xDE, 0xF4, 0x66, 0xCF, 0xFD, 0x67, 0xC5, 0xED, 0x9B, 0xDB, 0xA5, 0xB9,
    0xF6, 0xA5, 0xC6, 0xDB, 0xCC, 0xC6, 0x9E, 0xCF, 0xC7, 0xBC, 0xDF, 0x9F, 0x4E, 0x67, 0x9E, 0x9E, 0x67, 0xA9, 0xDB, 0xAE, 0x64, 0x53, 0x67, 0x9C,
    0x66, 0xA3, 0xC8, 0xC5, 0xA7, 0xC4, 0xC5, 0xA9, 0xC4, 0xCE, 0xCD, 0xC5, 0xC5, 0xCC, 0xB9, 0xC4, 0xE2, 0xE8, 0xF5, 0xF0, 0xFA, 0xD4, 0xD2, 0xA7,
    0x9B, 0xBC, 0xF6, 0xCB, 0x77, 0x5F, 0x7F, 0xAF, 0xAF, 0x89, 0x85, 0x7F, 0x41, 0xAD, 0xDD, 0xF0, 0xDD, 0xFF, 0xFA, 0xFF, 0xC2, 0xB1, 0xC2, 0xAE,
    0xBD, 0xFF, 0xDC, 0xE7, 0xAB, 0x27, 0x4B, 0x27, 0xA6, 0xE5, 0xDC, 0xE7, 0x4B, 0x27, 0x4B, 0x27, 0x4F, 0xE3, 0xDC, 0xDC, 0xE3, 0x4B, 0x27, 0x27,
    0x4B, 0x50, 0x9D, 0xAB, 0xA7, 0xC6, 0xF0, 0xFF, 0xBF, 0xB2, 0xC7, 0xB7, 0xA2, 0xB1, 0xBB, 0xB1, 0xF4, 0xD7, 0x39, 0xB0, 0xB4, 0xFF, 0xC7, 0xBF,
    0xFA, 0xE4, 0xBD, 0x6D, 0x58, 0xF8, 0xFD, 0xCA, 0xCC, 0x9F, 0x4E, 0x4D, 0x27, 0x4B, 0xDC, 0xE1, 0xE1, 0xEE, 0xA6, 0x26, 0x4B, 0x4B, 0x27, 0x4B,
    0xCE, 0xE2, 0xE1, 0xE2, 0xCE, 0x27, 0x4B, 0x4B, 0x27, 0x9D, 0xE7, 0xD0, 0xDE, 0x4B, 0x4B, 0x27, 0xA6, 0xF5, 0xE1, 0xE5, 0xF7, 0x7E, 0x77, 0xCA,
    0xDD, 0xBA, 0xED, 0xFF, 0xFF, 0xFD, 0xE0, 0xE8, 0xE6, 0xAD, 0x6A, 0xDF, 0xB6, 0xAF, 0x7D, 0x7D, 0x82, 0xB4, 0xDD, 0xD9, 0xC1, 0xC0, 0xB5, 0xA4,
    0x4F, 0x4F, 0xA6, 0x94, 0x94, 0x94, 0x94, 0x95, 0x94, 0x94, 0x99, 0xAB, 0xAA, 0x96, 0x9B, 0x9F, 0x9F, 0x9F, 0xC4, 0xDE, 0xA4, 0x65, 0x78, 0x66,
    0x66, 0x9B, 0xB9, 0xC5, 0x9E, 0x52, 0x65, 0x78, 0x65, 0x51, 0x74, 0xDD, 0xD9, 0xB1, 0xDB, 0xE3, 0x83, 0xB7, 0xF6, 0xBA, 0xB2, 0xF9, 0xB2, 0xA2,
    0xF8, 0xCA, 0x71, 0xE0, 0xF8, 0x81, 0xA2, 0xFF, 0xBE, 0x72, 0xF1, 0xE3, 0x63, 0x64, 0x63, 0x52, 0x64, 0x62, 0x52, 0x63, 0x52, 0x74, 0x72, 0x61,
    0x62, 0x5E, 0x64, 0x64, 0x65, 0x3D, 0x39, 0xF4, 0x43, 0x2E, 0x83, 0x63, 0x62, 0x5E, 0x51, 0x41, 0x51, 0x5B, 0x51, 0x51, 0x51, 0x51, 0x5E, 0x6E,
    0x5E, 0x5E, 0x5E, 0x5E, 0x5E, 0x5E, 0x51, 0x52, 0x2D, 0xB0, 0xAF, 0x34, 0x72, 0x41, 0x81, 0xFF, 0xB8, 0x7A, 0xFF, 0xC5, 0x66, 0xF1, 0xE1, 0x53,
    0xDF, 0xED, 0x53, 0xC5, 0xED, 0x9B, 0xDB, 0xB9, 0xB9, 0xF6, 0xA4, 0xCC, 0xCF, 0xCB, 0xDF, 0xA4, 0xC8, 0xCF, 0xB8, 0xDB, 0xAB, 0x4E, 0x53, 0x9E,
    0xA4, 0x65, 0x9E, 0xC5, 0xC4, 0x67, 0x9B, 0x66, 0x9B, 0x67, 0xB7, 0xC8, 0xA0, 0x95, 0x95, 0x9D, 0x9D, 0xCE, 0xA7, 0x96, 0x94, 0x96, 0x96, 0x94,
    0x94, 0x94, 0x94, 0x92, 0x94, 0x4F, 0x50, 0xB1, 0xC0, 0xB3, 0xBB, 0xC7, 0xDB, 0xD7, 0xAF, 0x89, 0x70, 0x89, 0xB6, 0xC3, 0x85, 0x6D, 0xBD, 0xE8,
    0xE0, 0xF8, 0xF8, 0xFF, 0xCC, 0xC2, 0xD9, 0xA2, 0xBE, 0xE9, 0xD0, 0xE2, 0xE1, 0x4B, 0x4B, 0x4B, 0x4B, 0xD0, 0xDC, 0xDE, 0xA9, 0x27, 0x27, 0x27,
    0x27, 0xA9, 0xDE, 0xD0, 0xE3, 0xCD, 0x4B, 0x4B, 0x27, 0x26, 0x27, 0x9D, 0x95, 0x96, 0xA8, 0xC6, 0xD9, 0xDA, 0xD8, 0xC9, 0xBC, 0xB2, 0xB1, 0x83,
    0xF2, 0xD7, 0x3E, 0xAF, 0xB0, 0xFF, 0xE6, 0xE8, 0xE4, 0xE0, 0xBD, 0x71, 0x58, 0xFA, 0xEE, 0x2F, 0x4B, 0x4B, 0x4B, 0x27, 0x27, 0xD1, 0xE2, 0xE1,
    0xDC, 0xE7, 0x4B, 0x27, 0x4D, 0x27, 0x27, 0x50, 0xF0, 0xDE, 0xDE, 0xE7, 0x94, 0x27, 0x4B, 0x27, 0x4D, 0xDC, 0xDC, 0xE2, 0xA7, 0x27, 0x4B, 0x4B,
    0xE1, 0xE1, 0xD0, 0x95, 0xFF, 0x82, 0xB0, 0xBF, 0xBF, 0xC3, 0xF6, 0xFF, 0xFF, 0xFF, 0xE8, 0xF0, 0xF4, 0xCA, 0xD7, 0x81, 0x82, 0xAD, 0xDD, 0xE8,
    0xE6, 0xC9, 0xB4, 0xB5, 0xC0, 0xA4, 0x54, 0x94, 0xA7, 0xA0, 0x95, 0x92, 0x94, 0x96, 0x94, 0x94, 0x94, 0x94, 0x94, 0x50, 0x50, 0x54, 0x53, 0x54,
    0x9D, 0xA0, 0xA0, 0x67, 0x78, 0x41, 0x57, 0x62, 0x77, 0xD6, 0xBA, 0x53, 0x62, 0x81, 0x74, 0x64, 0x64, 0xBA, 0xE8, 0xBA, 0xAE, 0xE4, 0xD9, 0xA2,
    0xCA, 0xF1, 0x85, 0xC7, 0xED, 0xB2, 0xBA, 0xFF, 0xC9, 0x70, 0xE4, 0xFF, 0xB0, 0xB0, 0xFA, 0xD9, 0x70, 0xE6, 0xF5, 0x72, 0x5B, 0x62, 0x62, 0x5F,
    0x5F, 0x62, 0x6E, 0x63, 0x63, 0x6E, 0x5E, 0x5D, 0x60, 0x5F, 0x57, 0x41, 0x61, 0x2D, 0x59, 0xE8, 0x70, 0x2C, 0x58, 0x61, 0x61, 0x5E, 0x51, 0x5B,
    0x5B, 0x5F, 0x51, 0x5E, 0x5C, 0x5B, 0x5F, 0x61, 0x62, 0x62, 0x62, 0x61, 0x61, 0x5E, 0x62, 0x5E, 0x3D, 0x34, 0xE4, 0x39, 0x38, 0x57, 0x3A, 0xD7,
    0xF6, 0x65, 0xC2, 0xFF, 0xB7, 0xA1, 0xFE, 0xC6, 0x64, 0xE5, 0xE2, 0x53, 0xCF, 0xE2, 0xA5, 0xE2, 0xB8, 0xB8, 0xF0, 0xA4, 0xC6, 0xD9, 0xC2, 0xE3,
    0xBB, 0xB7, 0xCC, 0xB7, 0xD7, 0xCF, 0x9E, 0x52, 0x78, 0xA2, 0x76, 0x66, 0x9F, 0xCF, 0xC7, 0x77, 0x64, 0x64, 0x64, 0x52, 0xA8, 0xA5, 0x9D, 0x54,
    0x54, 0x50, 0x94, 0x50, 0x95, 0x8F, 0x92, 0x96, 0x96, 0x94, 0x94, 0x94, 0x94, 0xA8, 0xA7, 0x92, 0x53, 0xA2, 0xB4, 0xBD, 0xB4, 0xC1, 0xDA, 0xF8,
    0xE8, 0xB4, 0x7C, 0x70, 0xBD, 0xDD, 0xE6, 0xF4, 0xE6, 0xFF, 0xFF, 0xFF, 0xD7, 0xBA, 0xD9, 0xB2, 0xD5, 0xAA, 0x96, 0xE7, 0xE5, 0xAB, 0x4B, 0x4B,
    0x27, 0x96, 0xE5, 0xD0, 0xE8, 0x94, 0x27, 0x4B, 0x27, 0x50, 0xE3, 0xDE, 0xDE, 0xF0, 0x50, 0x27, 0x27, 0x27, 0x26, 0x95, 0xF0, 0xD0, 0xCE, 0xB9,
    0x9F, 0x50, 0x9F, 0xC2, 0xDA, 0xDA, 0xD7, 0xD6, 0xF9, 0xD7, 0x3E, 0xB4, 0xBD, 0xFF, 0xAE, 0x88, 0xE8, 0xE4, 0xC1, 0x85, 0x59, 0xF8, 0xEF, 0x4B,
    0x4B, 0x4B, 0x4B, 0x4B, 0x95, 0xE8, 0xDC, 0xDC, 0xE7, 0x96, 0x27, 0x27, 0x4B, 0x27, 0x27, 0xCD, 0xE5, 0xE1, 0xE5, 0xCD, 0x27, 0x4B, 0x4B, 0x27,
    0xA7, 0xE7, 0xD0, 0xDC, 0x50, 0x4B, 0x4B, 0xA7, 0xE5, 0xE2, 0xA9, 0x94, 0xFF, 0x85, 0xB0, 0xD7, 0xDD, 0xF8, 0xF4, 0xE6, 0xE6, 0xE8, 0xF4, 0xF8,
    0xF5, 0xF6, 0xF6, 0xAE, 0xDA, 0xE8, 0xB3, 0xB3, 0xC0, 0xC0, 0xB3, 0x67, 0x50, 0x94, 0xA6, 0xC4, 0xDB, 0xCF, 0xC5, 0xDD, 0xDB, 0xA8, 0xA6, 0xDB,
    0xC2, 0xA4, 0x9E, 0x9B, 0x9E, 0x9B, 0xA5, 0xA8, 0xB8, 0x78, 0x65, 0x65, 0x79, 0xB7, 0xB2, 0x81, 0x60, 0x64, 0x5E, 0x61, 0x6E, 0x63, 0x5B, 0x72,
    0xD7, 0xF0, 0xC2, 0xAE, 0xE4, 0xDD, 0x82, 0xCA, 0xF8, 0xBA, 0xB0, 0xF1, 0xB0, 0x88, 0xF4, 0xDF, 0x7F, 0xC9, 0xF0, 0xCA, 0x88, 0xE6, 0xED, 0xB0,
    0xBB, 0xED, 0xB0, 0x57, 0x6E, 0x61, 0x61, 0x5C, 0x5B, 0x5D, 0x57, 0x57, 0x5F, 0x57, 0x3D, 0x58, 0x59, 0x5A, 0x56, 0x39, 0x69, 0x29, 0xAD, 0xDA,
    0x42, 0x59, 0x88, 0x2E, 0x57, 0x5C, 0x60, 0x5C, 0x5B, 0x51, 0x51, 0x51, 0x51, 0x5B, 0x5E, 0x5E, 0x62, 0x74, 0x6E, 0x62, 0x5F, 0x61, 0x88, 0x34,
    0x6B, 0x2E, 0x82, 0xBE, 0x2E, 0x5D, 0x3D, 0x41, 0xE6, 0xC6, 0xA3, 0xE5, 0xDF, 0x9E, 0xC6, 0xF6, 0xA5, 0xA5, 0xFB, 0xD0, 0x9B, 0xEE, 0xD1, 0xA0,
    0xF1, 0xA5, 0xDF, 0xE6, 0xA4, 0xE2, 0xDB, 0xC7, 0xE4, 0xB7, 0xB7, 0xE4, 0xA3, 0xCB, 0xF0, 0xA4, 0x3F, 0x5E, 0x7A, 0x77, 0x62, 0x52, 0x53, 0xB1,
    0xA1, 0x83, 0x77, 0xA1, 0x9E, 0xA4, 0xC7, 0xA5, 0xA8, 0x9E, 0x9F, 0xA3, 0xC2, 0xC5, 0xA7, 0xAA, 0xC4, 0xE0, 0xD8, 0xC4, 0xA8, 0xB9, 0xCF, 0xCD,
    0xA6, 0x53, 0x64, 0x89, 0xB5, 0xB5, 0xB3, 0xB4, 0xC9, 0xE6, 0xF0, 0xD6, 0xE0, 0xFF, 0xF8, 0xF4, 0xF0, 0xE6, 0xF0, 0xE8, 0xF4, 0xDB, 0xD7, 0xBA,
    0xC0, 0xD2, 0x94, 0xE5, 0xD0, 0xDC, 0x4F, 0x4B, 0x4B, 0x4B, 0xE1, 0xDE, 0xE2, 0xC4, 0x27, 0x4B, 0x4B, 0x27, 0xC4, 0xE3, 0xDC, 0xDC, 0xCE, 0x27,
    0x4B, 0x4B, 0x27, 0x4B, 0xCE, 0xE2, 0xE1, 0xE2, 0xE2, 0x27, 0x27, 0x4D, 0x4D, 0x95, 0xB7, 0xC7, 0xF4, 0xD7, 0x3E, 0xB6, 0xB6, 0xFF, 0xF1, 0xED,
    0xE6, 0xE6, 0xD6, 0x7F, 0x59, 0xFA, 0xEC, 0x4B, 0x4D, 0x4B, 0x27, 0x4D, 0xF1, 0xDE, 0xE1, 0xE1, 0xD1, 0x4B, 0x27, 0x27, 0x4B, 0x26, 0xA6, 0xF4,
    0xE1, 0xE1, 0xE3, 0x4B, 0x27, 0x4B, 0x4B, 0x92, 0xE5, 0xD1, 0xE7, 0xA7, 0x27, 0x4B, 0x92, 0xEC, 0xE5, 0xED, 0xDF, 0xD8, 0xFD, 0xC9, 0xD7, 0xE6,
    0xDA, 0xB5, 0xAF, 0x89, 0x89, 0x7F, 0x7F, 0x7C, 0x7C, 0x7C, 0x7D, 0xB3, 0x89, 0x85, 0xB3, 0xB3, 0x82, 0x53, 0x4F, 0x95, 0xA9, 0xDD, 0xC5, 0x96,
    0x95, 0x94, 0x9D, 0xA5, 0x95, 0x9D, 0xB8, 0xA1, 0x7A, 0xA1, 0xA1, 0xA3, 0x9E, 0xBB, 0xB6, 0x6B, 0x7E, 0x71, 0x58, 0x51, 0x5D, 0x58, 0x40, 0x40,
    0x39, 0x3E, 0x43, 0x43, 0x39, 0x39, 0xB0, 0x43, 0x43, 0x43, 0x59, 0x59, 0x59, 0x43, 0x3E, 0x59, 0x58, 0x6C, 0x5A, 0x40, 0x58, 0x40, 0x34, 0x39,
    0x39, 0x34, 0x33, 0x33, 0x34, 0x34, 0x33, 0x33, 0x2E, 0x33, 0x34, 0x39, 0x39, 0x3E, 0x38, 0x34, 0x33, 0x2E, 0x2D, 0x2E, 0x2C, 0x2E, 0x2E, 0x33,
    0x34, 0x34, 0x43, 0x40, 0x2D, 0x2C, 0xD6, 0xB3, 0x2C, 0x40, 0x71, 0x43, 0x41, 0x40, 0x43, 0x43, 0x41, 0x43, 0x43, 0x58, 0x5D, 0x59, 0x69, 0x59,
    0x6D, 0x69, 0x59, 0x6D, 0x43, 0x57, 0x55, 0x41, 0x5A, 0x34, 0x38, 0xE8, 0x5A, 0x2E, 0x6C, 0x3A, 0x3D, 0x3A, 0x3D, 0x38, 0x38, 0x41, 0x3A, 0x30,
    0x52, 0x4E, 0x4E, 0x4E, 0x4E, 0x4D, 0x4E, 0x54, 0x63, 0x6E, 0x61, 0x6C, 0x62, 0x5E, 0x57, 0x61, 0x60, 0x6C, 0x57, 0x3D, 0x72, 0x3F, 0x3F, 0x74,
    0xBA, 0x57, 0x39, 0x5A, 0x71, 0x41, 0x41, 0x5D, 0x43, 0x6D, 0x6C, 0x38, 0x72, 0xBB, 0xA4, 0xA1, 0xCA, 0xCA, 0xB0, 0xB2, 0xA4, 0xBB, 0xBA, 0xB8,
    0x96, 0x96, 0xA6, 0xA6, 0xA7, 0x94, 0x50, 0x95, 0xCD, 0xD1, 0xA0, 0x53, 0x52, 0x61, 0x7F, 0xB5, 0xBD, 0x85, 0x7D, 0xB4, 0xB4, 0x7F, 0xB3, 0xB3,
    0xC0, 0xB3, 0xB3, 0xB3, 0xC1, 0xE0, 0xF0, 0xDD, 0xDD, 0xE8, 0xDA, 0xE8, 0xE5, 0xE7, 0xA7, 0x27, 0x4B, 0x4B, 0xA9, 0xE7, 0xE1, 0xE5, 0x4D, 0x27,
    0x4B, 0x27, 0x95, 0xE7, 0xDC, 0xD0, 0xE3, 0x4F, 0x27, 0x4B, 0x4B, 0x27, 0x96, 0xE3, 0xD0, 0xD0, 0xE8, 0x95, 0x27, 0x4B, 0x27, 0x27, 0x4B, 0x4D,
    0xF4, 0xCB, 0x3D, 0xB0, 0xB6, 0xFF, 0x81, 0xB2, 0xF0, 0xE6, 0xBE, 0x7F, 0x5A, 0xF8, 0xEF, 0x4B, 0x4B, 0x4B, 0x27, 0xA7, 0xE5, 0xDE, 0xDE, 0xF0,
    0x94, 0x27, 0x4B, 0x27, 0x27, 0x4B, 0xCE, 0xE1, 0xD0, 0xE5, 0xA7, 0x27, 0x4B, 0x4B, 0x27, 0xA7, 0xE3, 0xDE, 0xE2, 0x4B, 0x4B, 0x94, 0xCD, 0xE0,
    0xD7, 0xC3, 0xBE, 0xC3, 0xF8, 0xF8, 0xF0, 0xC0, 0xBE, 0xB3, 0xC0, 0xD6, 0xB5, 0xB4, 0xAF, 0xAF, 0xAF, 0x69, 0x69, 0x89, 0xB5, 0x7D, 0x52, 0x4E,
    0x2F, 0x50, 0xC4, 0xC6, 0x9D, 0x96, 0x96, 0x9D, 0x95, 0xA6, 0x92, 0x50, 0x54, 0x9B, 0x67, 0x53, 0x67, 0x9E, 0x9B, 0x67, 0x9B, 0x9B, 0x67, 0x67,
    0x66, 0x4E, 0x9F, 0xE6, 0x85, 0x71, 0x7F, 0xAD, 0x85, 0xAF, 0xB4, 0xAE, 0xAF, 0xAF, 0xBD, 0x7D, 0x7E, 0xAD, 0x7D, 0x85, 0xB4, 0xAF, 0xAF, 0x88,
    0x7F, 0x7F, 0x7E, 0x7D, 0x7F, 0x7D, 0x7D, 0x7F, 0x85, 0x88, 0x88, 0x85, 0x7D, 0x6D, 0x6F, 0x71, 0x6E, 0x74, 0x81, 0x64, 0x75, 0x82, 0x75, 0x7D,
    0x6D, 0x7D, 0x70, 0x69, 0xAF, 0x85, 0x59, 0x70, 0x7C, 0x7D, 0x70, 0x70, 0x6D, 0x85, 0xC0, 0xBE, 0x6A, 0x56, 0x71, 0x7E, 0x6D, 0x69, 0x5A, 0x6A,
    0x6A, 0x6A, 0x69, 0x59, 0x69, 0x69, 0x63, 0x64, 0x52, 0x52, 0x63, 0x52, 0x52, 0x6E, 0x57, 0x60, 0x69, 0x70, 0xAD, 0xDD, 0xDA, 0x6A, 0x6A, 0x70,
    0x6A, 0x6A, 0x70, 0x5D, 0x85, 0x7E, 0x7A, 0x65, 0x65, 0x65, 0x65, 0x74, 0x65, 0x74, 0x65, 0xA1, 0x88, 0x83, 0xA1, 0xAD, 0x88, 0x81, 0x9B, 0x9B,
    0xA4, 0x9F, 0x9F, 0x9F, 0x83, 0xB2, 0xBD, 0x88, 0xBE, 0xBA, 0x88, 0x78, 0xB8, 0xA4, 0xA4, 0xA4, 0x83, 0x81, 0xB2, 0xBF, 0xC9, 0x62, 0x67, 0x9B,
    0x9F, 0x9F, 0x9F, 0x9F, 0x9F, 0x9F, 0x9E, 0x67, 0x67, 0x54, 0x92, 0x92, 0x95, 0xA7, 0xA6, 0xA0, 0xA0, 0xCF, 0xDF, 0xDC, 0xB9, 0x53, 0x4E, 0x51,
    0x75, 0x89, 0x85, 0x42, 0x7F, 0x7C, 0xB4, 0xB3, 0xBD, 0xC9, 0xC0, 0xC9, 0xD6, 0xC9, 0xDB, 0xFF, 0xF4, 0xDF, 0xDD, 0xD7, 0xC9, 0xE0, 0xF4, 0x96,
    0x4F, 0x4B, 0x4B, 0xE1, 0xE1, 0xE5, 0xA9, 0x27, 0x4B, 0x4B, 0x4B, 0xCD, 0xDE, 0xDC, 0xDE, 0xCE, 0x27, 0x27, 0x4B, 0x27, 0x4B, 0xD0, 0xDC, 0xDC,
    0xDE, 0xDC, 0x4B, 0x27, 0x27, 0x4B, 0x27, 0x94, 0xFF, 0xCA, 0x3A, 0xB4, 0xBD, 0xFF, 0xD9, 0xD9, 0xF4, 0xE6, 0xC1, 0x7F, 0x5A, 0xFA, 0xEB, 0x4B,
    0x4B, 0x27, 0x92, 0xE7, 0xDC, 0xDE, 0xDE, 0xD0, 0x4B, 0x27, 0x4B, 0x27, 0x27, 0x96, 0xE7, 0xDC, 0xE1, 0xE5, 0x4F, 0x27, 0x4D, 0x27, 0x4F, 0xE1,
    0xE1, 0xE9, 0xEB, 0xA9, 0xDB, 0xDD, 0xD5, 0xBE, 0xD7, 0xC9, 0xC7, 0xC1, 0xDA, 0xE0, 0xE8, 0xDD, 0xE4, 0xE4, 0xDD, 0xDD, 0xE4, 0xFF, 0xFD, 0xE6,
    0xDD, 0xC0, 0xBA, 0x9F, 0x54, 0x92, 0x96, 0xAB, 0xCF, 0xDA, 0xC4, 0x95, 0x96, 0xA6, 0x94, 0x92, 0x50, 0xA0, 0x9B, 0x67, 0x67, 0x7A, 0x7A, 0x78,
    0x78, 0x65, 0x64, 0x74, 0x74, 0x76, 0x74, 0x3F, 0x30, 0x67, 0xC6, 0x61, 0x3E, 0x6D, 0x7E, 0x5D, 0x57, 0x41, 0x41, 0x3F, 0x41, 0x57, 0x5D, 0x43,
    0x40, 0x5A, 0x38, 0x58, 0x6D, 0x59, 0x43, 0x40, 0x39, 0x40, 0x3E, 0x3E, 0x43, 0x56, 0x43, 0x43, 0x43, 0x40, 0x41, 0x55, 0x55, 0x41, 0x41, 0x41,
    0x30, 0x30, 0x51, 0x2F, 0x30, 0x2F, 0x30, 0x3E, 0x34, 0xBB, 0x41, 0x2D, 0xD7, 0x41, 0x34, 0x3A, 0x38, 0x2E, 0x39, 0x34, 0x2D, 0x6C, 0xF6, 0x82,
    0x1D, 0x2C, 0x28, 0x33, 0x2E, 0x2E, 0x2E, 0x2E, 0x2E, 0x2E, 0x2E, 0x2E, 0x2E, 0x34, 0x2F, 0x30, 0x25, 0x27, 0x2F, 0x25, 0x25, 0x38, 0x2E, 0x43,
    0x2E, 0x39, 0x29, 0x85, 0xE4, 0x39, 0x29, 0x3D, 0x39, 0x43, 0x38, 0x2D, 0xAF, 0x65, 0x2F, 0x4E, 0x52, 0x2F, 0x30, 0x30, 0x2F, 0x3F, 0x30, 0x30,
    0x3D, 0x30, 0x30, 0x5B, 0x51, 0x5E, 0x4D, 0x2F, 0x52, 0x2F, 0x2F, 0x4D, 0x30, 0x52, 0xD9, 0xBA, 0xBA, 0xBA, 0xB6, 0x51, 0x52, 0x4E, 0x4E, 0x4E,
    0x51, 0x72, 0x3D, 0x3F, 0xC8, 0x83, 0x3F, 0x5B, 0xA1, 0xA4, 0x83, 0x79, 0x81, 0x83, 0x81, 0x77, 0x76, 0x82, 0xAF, 0x9B, 0x50, 0x50, 0x94, 0x92,
    0x4F, 0x4F, 0x4C, 0x96, 0xA7, 0xE1, 0xCE, 0x96, 0x50, 0x51, 0x69, 0xB3, 0xB5, 0xD8, 0xE4, 0xFB, 0xFD, 0xE0, 0xE0, 0xE3, 0xE7, 0xE5, 0xE4, 0xF6,
    0xD7, 0xC3, 0xCB, 0xCB, 0xD7, 0xD7, 0xC3, 0xE0, 0xDF, 0xCE, 0x92, 0xCE, 0xE7, 0xD0, 0xE7, 0x94, 0x27, 0x4B, 0x4B, 0x94, 0xE3, 0xE1, 0xDC, 0xE6,
    0x50, 0x27, 0x27, 0x27, 0x27, 0x95, 0xE3, 0xDC, 0xDE, 0xE3, 0xA7, 0x27, 0x4B, 0x4B, 0x27, 0x94, 0xFF, 0xD7, 0x3E, 0xAD, 0xB6, 0xFF, 0xBE, 0xDA,
    0xF1, 0xE8, 0xC1, 0x7C, 0x58, 0xFE, 0xEB, 0x27, 0x4B, 0x4B, 0xCD, 0xE2, 0xD0, 0xD0, 0xF0, 0x96, 0x27, 0x4B, 0x27, 0x27, 0x4F, 0xE2, 0xD0, 0xE1,
    0xE7, 0xA9, 0x27, 0x27, 0x27, 0x4B, 0xD2, 0xF4, 0xED, 0xD7, 0xC0, 0xD5, 0xC9, 0xCA, 0xD9, 0xC3, 0xC9, 0xB6, 0xC1, 0xDA, 0xD6, 0xD6, 0xC1, 0xC3,
    0xC1, 0xB4, 0xBF, 0xBF, 0xD7, 0xC9, 0xC1, 0xB5, 0x82, 0x54, 0x4F, 0x92, 0x96, 0xC4, 0xC5, 0xA6, 0x4F, 0x4F, 0x94, 0x9D, 0x96, 0x96, 0xA6, 0xA5,
    0xD5, 0xB5, 0xB5, 0xC0, 0xC0, 0xD6, 0xC1, 0xC0, 0xC0, 0xA4, 0x67, 0xA1, 0xA2, 0x5E, 0x5B, 0x81, 0xD7, 0xC0, 0x6A, 0x75, 0x7D, 0x6D, 0xBA, 0x6C,
    0x74, 0x6E, 0x6F, 0x5D, 0x59, 0x75, 0x81, 0x83, 0x82, 0x82, 0x88, 0xAD, 0x82, 0xAE, 0xAD, 0x82, 0xAD, 0x82, 0x71, 0x7C, 0x7D, 0x7D, 0x7E, 0x7E,
    0x71, 0x6C, 0x6F, 0x6F, 0x6C, 0x41, 0x43, 0x51, 0x51, 0x5B, 0x5C, 0x5E, 0x5E, 0x52, 0x54, 0x52, 0x74, 0xA2, 0x5E, 0x6E, 0xC7, 0x2D, 0x5D, 0x30,
    0x64, 0x56, 0x6B, 0x5A, 0x2E, 0xB3, 0xDA, 0x3A, 0x29, 0xB4, 0x1E, 0x33, 0x71, 0x69, 0x71, 0x6D, 0x70, 0x70, 0x70, 0x6D, 0x71, 0x6D, 0x6D, 0x6D,
    0x84, 0x84, 0x7C, 0x87, 0x84, 0x6D, 0x71, 0x88, 0x3D, 0x6C, 0x3A, 0x2D, 0xDD, 0xB4, 0x34, 0xB1, 0x69, 0x69, 0x75, 0x5D, 0x3D, 0xC9, 0x39, 0x3E,
    0x6B, 0x52, 0x63, 0x72, 0x74, 0x74, 0x62, 0x62, 0x74, 0x64, 0x63, 0x65, 0x65, 0x65, 0x79, 0x79, 0x78, 0x74, 0x76, 0x7F, 0x85, 0x62, 0x51, 0xBA,
    0xB2, 0xA1, 0xB8, 0xE4, 0xC2, 0x79, 0xA2, 0x78, 0x74, 0x65, 0x65, 0x66, 0x64, 0xC9, 0xDB, 0x70, 0x56, 0x85, 0xAF, 0xAF, 0xAF, 0xAF, 0xB3, 0xB5,
    0xB4, 0xB3, 0xB0, 0xB0, 0xC0, 0xB1, 0x9D, 0xA6, 0xA6, 0xA6, 0xA6, 0x92, 0x4C, 0x4F, 0xA6, 0xA7, 0xA9, 0x67, 0x53, 0x4D, 0x54, 0xA1, 0xB5, 0xC0,
    0xC9, 0xD7, 0xC3, 0xBF, 0xC2, 0xBF, 0xBE, 0xC9, 0xD7, 0xD9, 0xDB, 0xCA, 0xC3, 0xBB, 0xC9, 0xCC, 0xBE, 0xD6, 0xE0, 0xE0, 0xE5, 0xEC, 0xEC, 0xC4,
    0x4B, 0x27, 0x4B, 0x4B, 0xCE, 0xDC, 0xDE, 0xDE, 0xCE, 0x27, 0x27, 0x4B, 0x4B, 0x4D, 0xDE, 0xDC, 0xDE, 0xDC, 0xE3, 0x4B, 0x27, 0x4B, 0x27, 0x94,
    0xFF, 0xDB, 0x40, 0xAD, 0xB6, 0xFF, 0xAF, 0xB4, 0xF0, 0xE6, 0xC0, 0x7C, 0x58, 0xFA, 0xEC, 0x4B, 0x27, 0x95, 0xE7, 0xDC, 0xDC, 0xE2, 0xA9, 0x27,
    0x27, 0x4B, 0x27, 0x27, 0xAB, 0xE2, 0xE1, 0xDC, 0xD0, 0x4B, 0x27, 0x4B, 0x95, 0xCD, 0xE8, 0xD6, 0xC0, 0xC1, 0xB4, 0xBB, 0xBE, 0xB6, 0xB3, 0xD7,
    0xE0, 0xF1, 0xE8, 0xDD, 0xE4, 0xDD, 0xD8, 0xD6, 0xCA, 0xE0, 0xDD, 0xD6, 0xC0, 0xB3, 0x9B, 0x50, 0x4C, 0x4F, 0x96, 0xC5, 0xC6, 0xA6, 0x94, 0x94,
    0x9D, 0x9D, 0x95, 0x94, 0x95, 0x66, 0x82, 0x85, 0x71, 0x77, 0x71, 0x6F, 0x74, 0x72, 0x7D, 0x6F, 0x60, 0x51, 0x51, 0x5B, 0x3F, 0x5B, 0xBB, 0xC1,
    0x70, 0x58, 0x70, 0x7D, 0x7D, 0x82, 0x7E, 0x88, 0xAE, 0xB2, 0x77, 0x6B, 0x7C, 0x82, 0x75, 0x7D, 0x71, 0x7D, 0x7D, 0x71, 0x7E, 0x82, 0x71, 0x71,
    0x81, 0x71, 0x6C, 0x70, 0x70, 0x58, 0x6A, 0x6D, 0x56, 0x5A, 0x40, 0x3E, 0x39, 0x39, 0x3E, 0x3A, 0x41, 0x60, 0x61, 0x6E, 0x6E, 0x6E, 0x52, 0x52,
    0x81, 0x5B, 0x3A, 0xBE, 0x5E, 0x2E, 0x41, 0x3D, 0x3E, 0x58, 0x43, 0x43, 0x2E, 0xD8, 0xDD, 0x2D, 0x2D, 0x40, 0x55, 0x43, 0x59, 0x43, 0x43, 0x43,
    0x43, 0x40, 0x43, 0x43, 0x43, 0x40, 0x39, 0x39, 0x39, 0x39, 0x40, 0x43, 0x43, 0x43, 0x40, 0x3E, 0x3A, 0x3D, 0x55, 0x2D, 0xB1, 0xE6, 0x41, 0x34,
    0x6A, 0x55, 0x58, 0x58, 0x3D, 0x75, 0xB6, 0x38, 0x58, 0x52, 0x52, 0x61, 0x51, 0x52, 0x5E, 0x52, 0x52, 0x65, 0x76, 0x76, 0x75, 0x6E, 0x72, 0x65,
    0x74, 0x74, 0x64, 0x72, 0x75, 0x7E, 0x5F, 0x5F, 0x63, 0x53, 0x66, 0x7A, 0x79, 0x76, 0xA2, 0x83, 0xA1, 0x67, 0x65, 0x7A, 0x81, 0x6E, 0x65, 0xC8,
    0xB6, 0x34, 0x6A, 0x6B, 0x71, 0x71, 0x71, 0x71, 0x7F, 0x89, 0x87, 0x81, 0x79, 0x85, 0x85, 0x76, 0x9F, 0xA6, 0xC6, 0xDD, 0xD6, 0xA0, 0xA8, 0x9D,
    0xC5, 0xE0, 0xCE, 0x9D, 0x50, 0x4F, 0x50, 0x9E, 0xB4, 0xD5, 0xD6, 0xDA, 0xDD, 0xD7, 0xD6, 0xD7, 0xE4, 0xDD, 0xDD, 0xE6, 0xE0, 0xD7, 0xC9, 0xBE,
    0xB6, 0xD9, 0xCB, 0xC3, 0xD9, 0xDF, 0xDF, 0xF1, 0x96, 0x4B, 0x27, 0x27, 0x95, 0xE7, 0xD0, 0xDC, 0xE5, 0x94, 0x27, 0x4B, 0x4B, 0x27, 0x9D, 0xE5,
    0xD0, 0xDC, 0xE3, 0xA7, 0x27, 0x27, 0x4B, 0x94, 0xFF, 0xD9, 0x39, 0xAF, 0xBE, 0xFF, 0xE6, 0xF4, 0xF8, 0xE4, 0xBD, 0x7C, 0x6B, 0xFA, 0xEF, 0x27,
    0x4B, 0xD0, 0xE1, 0xDE, 0xE1, 0xE2, 0x4F, 0x27, 0x4B, 0x4B, 0x27, 0x92, 0xE7, 0xE1, 0xDE, 0xDE, 0xCE, 0x92, 0xCD, 0xCF, 0xDD, 0xD5, 0xBE, 0xD6,
    0xD7, 0xCA, 0xC1, 0xBF, 0xB4, 0xD8, 0xE0, 0xE6, 0xDD, 0xDB, 0xE4, 0xF0, 0xF4, 0xD7, 0xCA, 0xE0, 0xD8, 0xC1, 0xB5, 0xAE, 0x67, 0x4F, 0x4F, 0x92,
    0xA7, 0xD8, 0xCB, 0x95, 0xA6, 0xA6, 0xC5, 0xA8, 0x54, 0x94, 0xA7, 0xCF, 0xD6, 0xC0, 0xBF, 0xBF, 0xB0, 0xB4, 0xAD, 0xAD, 0xAF, 0xAE, 0xAF, 0xB0,
    0xB1, 0x79, 0xAF, 0x7F, 0xAD, 0xD8, 0xAD, 0x58, 0x69, 0x71, 0x70, 0x71, 0x82, 0xAD, 0x82, 0x88, 0x75, 0x88, 0x81, 0x82, 0x82, 0x7D, 0x7D, 0x70,
    0x6B, 0x6B, 0x6F, 0x58, 0x58, 0x43, 0x3E, 0x3E, 0x41, 0x3E, 0x39, 0x40, 0x40, 0x40, 0x43, 0x40, 0x3E, 0x39, 0x39, 0x3E, 0x3E, 0x58, 0x55, 0x5A,
    0x5D, 0x6F, 0x70, 0x6D, 0x59, 0x61, 0x57, 0x6E, 0x81, 0x3E, 0x40, 0xBD, 0x29, 0x40, 0x55, 0x5D, 0x55, 0x69, 0x59, 0x38, 0x59, 0xC1, 0xE8, 0x33,
    0x39, 0x39, 0x3E, 0x40, 0x3E, 0x38, 0x38, 0x39, 0x40, 0x39, 0x3E, 0x3E, 0x3E, 0x39, 0x39, 0x39, 0x39, 0x39, 0x39, 0x39, 0x39, 0x40, 0x39, 0x39,
    0x3E, 0x3D, 0x43, 0x38, 0x41, 0xE6, 0x88, 0x2E, 0x56, 0x58, 0x58, 0x5D, 0x61, 0x41, 0xC2, 0x85, 0x3D, 0x7C, 0x5E, 0x51, 0x5E, 0x52, 0x5E, 0x5E,
    0x62, 0x64, 0x64, 0x63, 0x5E, 0x62, 0x60, 0x6C, 0x6D, 0x70, 0x6D, 0x6C, 0x6F, 0x61, 0x6F, 0x6F, 0x64, 0x74, 0x77, 0x81, 0xA2, 0xA2, 0xA1, 0xA2,
    0xA2, 0xA2, 0xB0, 0x79, 0x81, 0x82, 0x70, 0x61, 0xB7, 0xC7, 0x70, 0x2D, 0x40, 0x5A, 0x41, 0x43, 0x6A, 0x51, 0x63, 0x9E, 0x7A, 0x66, 0x65, 0x65,
    0x9E, 0x9D, 0x94, 0x4F, 0x9D, 0xB9, 0x9D, 0x95, 0x9D, 0xA5, 0xA7, 0xDD, 0xD8, 0xB9, 0x94, 0x92, 0x50, 0x9C, 0xBA, 0xC0, 0xD6, 0xDD, 0xDB, 0xCB,
    0xCB, 0xC3, 0xCA, 0xD7, 0xDF, 0xED, 0xF0, 0xE4, 0xD7, 0xC3, 0xBF, 0xC9, 0xD9, 0xC3, 0xC3, 0xCA, 0xD8, 0xE0, 0xC4, 0x95, 0x4B, 0xD0, 0xE1, 0xE1,
    0xE2, 0xD1, 0x27, 0x27, 0x4B, 0x27, 0x4B, 0xD0, 0xDE, 0xDC, 0xDE, 0xE7, 0x92, 0x27, 0x27, 0x94, 0xFF, 0xCB, 0x39, 0xB4, 0xBD, 0xFF, 0xB6, 0xCA,
    0xDA, 0xE4, 0xB5, 0x71, 0x6B, 0xFA, 0xEC, 0x27, 0xC4, 0xE5, 0xDC, 0xDE, 0xE5, 0xA6, 0x27, 0x4D, 0x4D, 0x4B, 0x27, 0xCD, 0xE1, 0xE1, 0xEC, 0xEE,
    0xE3, 0xDD, 0xD6, 0xC1, 0xBE, 0xD7, 0xD6, 0xC0, 0xBE, 0xC3, 0xD6, 0xE0, 0xF0, 0xFD, 0xFD, 0xE6, 0xE4, 0xD7, 0xC9, 0xC9, 0xE4, 0xDD, 0xD8, 0xC0,
    0xB5, 0x9E, 0x50, 0x4F, 0x92, 0xA6, 0xC5, 0xDF, 0xD9, 0xA5, 0x9D, 0xA0, 0xA8, 0xA8, 0x94, 0x92, 0x67, 0x9E, 0x54, 0x9B, 0x9D, 0x9D, 0x9F, 0x9F,
    0x9D, 0x9E, 0x81, 0x72, 0xD6, 0xDB, 0xBA, 0xCB, 0xD6, 0xB3, 0xE6, 0xF1, 0xBF, 0x59, 0x6B, 0x7D, 0x70, 0x6D, 0x6B, 0x6A, 0x6D, 0x5A, 0x5A, 0x6C,
    0x77, 0xA2, 0x81, 0x7D, 0x6D, 0x6F, 0x75, 0x6D, 0x69, 0x6D, 0x69, 0x43, 0x58, 0x58, 0x40, 0x40, 0x3E, 0x43, 0x3E, 0x39, 0x39, 0x40, 0x43, 0x40,
    0x3E, 0x3E, 0x43, 0x43, 0x5D, 0x5F, 0x5C, 0x60, 0x52, 0x63, 0x62, 0x5B, 0x5B, 0x57, 0x55, 0x83, 0x57, 0x38, 0x82, 0x6D, 0x28, 0x43, 0x40, 0x58,
    0x43, 0x43, 0x40, 0x2E, 0x43, 0xBE, 0xB0, 0x28, 0x3E, 0x39, 0x43, 0x39, 0x34, 0x34, 0x34, 0x38, 0x39, 0x39, 0x39, 0x39, 0x39, 0x34, 0x38, 0x39,
    0x39, 0x39, 0x39, 0x39, 0x39, 0x39, 0x3E, 0x43, 0x40, 0x40, 0x3E, 0x3E, 0x2D, 0x88, 0xDA, 0x40, 0x38, 0x58, 0x57, 0x58, 0x5D, 0x58, 0x41, 0xDA,
    0x38, 0x56, 0x6D, 0x51, 0x5E, 0x51, 0x52, 0x51, 0x5E, 0x72, 0x62, 0x62, 0x6E, 0x6E, 0x6E, 0x6C, 0x6D, 0x6C, 0x70, 0x6B, 0x6C, 0x64, 0x6C, 0x6F,
    0x52, 0x63, 0x52, 0x52, 0x64, 0x75, 0x75, 0x77, 0x83, 0xA1, 0xA3, 0xA1, 0x83, 0x88, 0x82, 0x85, 0x75, 0x76, 0xCA, 0xE6, 0xDA, 0x77, 0xCB, 0xBC,
    0xCC, 0x9B, 0x95, 0x9B, 0x9F, 0x67, 0x54, 0x67, 0x67, 0x54, 0x54, 0x9C, 0x50, 0x92, 0x94, 0x4F, 0x50, 0x4F, 0x4C, 0x94, 0x94, 0x9D, 0xCB, 0xC5,
    0x95, 0x4F, 0x4F, 0x54, 0xA4, 0xC0, 0xD5, 0xDA, 0xDB, 0xDF, 0xDB, 0xCB, 0xCF, 0xDB, 0xDB, 0xEC, 0xED, 0xE6, 0xDD, 0xCA, 0xC2, 0xBD, 0xC7, 0xCA,
    0xCA, 0xD8, 0xD6, 0xD8, 0xD9, 0xE5, 0xE5, 0xE2, 0xD0, 0xDE, 0x96, 0x27, 0x4B, 0x4B, 0x4B, 0xA7, 0xE2, 0xDC, 0xDE, 0xE2, 0xCD, 0x27, 0x26, 0x92,
    0xFF, 0xCB, 0x40, 0xB4, 0xB4, 0xFF, 0xED, 0xF6, 0xF0, 0xE0, 0xB5, 0x7F, 0x6D, 0xFA, 0xEA, 0x94, 0xE2, 0xDC, 0xDE, 0xDC, 0xE5, 0x4F, 0x4B, 0x4B,
    0x4B, 0x4B, 0x94, 0xF2, 0xEC, 0xE4, 0xD7, 0xC1, 0xB6, 0xB6, 0xBE, 0xC1, 0xC0, 0xB3, 0xC0, 0xD6, 0xDD, 0xE8, 0xF0, 0xDA, 0xD7, 0xD7, 0xC3, 0xC3,
    0xD6, 0xE3, 0xE3, 0xD9, 0xC0, 0xC0, 0xAF, 0x53, 0x4D, 0x4C, 0x4F, 0x9D, 0xC6, 0xC5, 0xA6, 0x92, 0x92, 0x92, 0x92, 0x92, 0x4F, 0x4F, 0x54, 0xA4,
    0xAD, 0x83, 0x66, 0x65, 0x65, 0x79, 0x78, 0x65, 0x73, 0x72, 0x6E, 0x5C, 0x71, 0x6F, 0x58, 0x41, 0x6D, 0xD7, 0xAD, 0x6D, 0x59, 0x71, 0x6D, 0x6A,
    0x69, 0x69, 0x6E, 0x6C, 0x6F, 0x60, 0x5B, 0x5C, 0x58, 0x56, 0x43, 0x43, 0x6B, 0x75, 0x7E, 0x7D, 0x7E, 0x71, 0x69, 0x69, 0x6B, 0x5D, 0x43, 0x40,
    0x56, 0x69, 0x40, 0x5A, 0x6C, 0x60, 0x6E, 0x6E, 0x6E, 0x72, 0x75, 0x6E, 0x6E, 0x64, 0x72, 0x75, 0x72, 0x6E, 0x5F, 0x5E, 0x51, 0x51, 0x62, 0x6B,
    0x39, 0x3D, 0xDE, 0x2D, 0x42, 0x3E, 0x3E, 0x38, 0x38, 0x38, 0x39, 0x2E, 0xB3, 0xDA, 0xAD, 0x28, 0x38, 0x34, 0x43, 0x3E, 0x40, 0x43, 0x40, 0x3E,
    0x39, 0x38, 0x38, 0x39, 0x3D, 0x39, 0x39, 0x34, 0x3E, 0x39, 0x3E, 0x40, 0x3E, 0x3E, 0x39, 0x40, 0x40, 0x40, 0x43, 0x59, 0x2E, 0x41, 0xE8, 0xBD,
    0x34, 0x40, 0x61, 0x59, 0x58, 0x57, 0x41, 0x71, 0xBD, 0x39, 0x6D, 0x5B, 0x51, 0x6F, 0x6F, 0x51, 0x30, 0x52, 0x51, 0x52, 0x51, 0x5F, 0x5F, 0x5F,
    0x6F, 0x6D, 0x71, 0x71, 0x7D, 0x85, 0x85, 0x82, 0x82, 0x85, 0x75, 0x72, 0x77, 0x7E, 0x85, 0x75, 0x82, 0x79, 0xA1, 0xA4, 0xA4, 0xAE, 0x77, 0x65,
    0x81, 0x7E, 0x51, 0xA1, 0xDD, 0x72, 0x3A, 0x41, 0xB7, 0xA5, 0xAD, 0xB0, 0xB0, 0xAE, 0xB4, 0xAF, 0xB4, 0xB3, 0xB4, 0xB3, 0xAF, 0x67, 0x92, 0x94,
    0xA7, 0xC6, 0xA8, 0x95, 0x92, 0x92, 0x94, 0xA9, 0xCD, 0xA9, 0x95, 0x4F, 0x4F, 0x50, 0x9E, 0xBD, 0xD5, 0xD8, 0xDB, 0xD9, 0xD7, 0xC7, 0xC2, 0xC2,
    0xBB, 0xC7, 0xE0, 0xE6, 0xE0, 0xDF, 0xC3, 0xB4, 0xC2, 0xD7, 0xC3, 0xC7, 0xBE, 0xC3, 0xD6, 0xE6, 0xE7, 0xED, 0xD1, 0x4C, 0x4B, 0x4B, 0x4B, 0x4B,
    0xD1, 0xDC, 0xDC, 0xD0, 0xE3, 0x96, 0x27, 0x94, 0xFF, 0xD7, 0x39, 0xB4, 0xB6, 0xFF, 0x72, 0xB1, 0xF5, 0xE6, 0xBD, 0x71, 0x71, 0xFE, 0xFD, 0xD1,
    0xDE, 0xDC, 0xDC, 0xE5, 0x96, 0x27, 0x4B, 0x4B, 0x94, 0xAB, 0xD1, 0xE4, 0xCA, 0xBD, 0xBF, 0xBE, 0xC1, 0xBE, 0xBE, 0xBD, 0xC1, 0xD6, 0xE6, 0xE6,
    0xDB, 0xC9, 0xC9, 0xC3, 0xBB, 0xA4, 0xBB, 0xCA, 0xD7, 0xD6, 0xC0, 0xB5, 0x9E, 0x95, 0x4F, 0x4C, 0x94, 0xA8, 0xD6, 0xDD, 0xC6, 0x9D, 0x95, 0xA0,
    0xCB, 0xA7, 0x9D, 0x95, 0x9B, 0x82, 0x85, 0x76, 0x78, 0x83, 0x67, 0x7A, 0x66, 0x7A, 0x79, 0x78, 0x76, 0x74, 0x77, 0x82, 0x72, 0x43, 0x69, 0xD8,
    0xDD, 0x82, 0x5D, 0x6B, 0x7D, 0x6F, 0x6F, 0x6F, 0x6F, 0x70, 0x6E, 0x75, 0x72, 0x5D, 0x55, 0x5B, 0x58, 0x59, 0x5D, 0x70, 0x7E, 0x7E, 0x7D, 0x75,
    0x75, 0x6B, 0x69, 0x5A, 0x59, 0x59, 0x58, 0x43, 0x43, 0x43, 0x43, 0x71, 0x71, 0x5D, 0x5C, 0x6E, 0x6E, 0x6C, 0x7D, 0x6F, 0x6B, 0x61, 0x6B, 0x71,
    0x6A, 0x59, 0x59, 0x58, 0x58, 0x58, 0xAD, 0x42, 0x34, 0xAF, 0xB4, 0x29, 0x3E, 0x3E, 0x40, 0x39, 0x40, 0x39, 0x39, 0x2E, 0xD7, 0xDA, 0x59, 0x29,
    0x57, 0x3A, 0x3D, 0x3F, 0x5F, 0x41, 0x5B, 0x3D, 0x3D, 0x3D, 0x39, 0x39, 0x3E, 0x3F, 0x51, 0x41, 0x5C, 0x5E, 0x5D, 0x6A, 0x5A, 0x58, 0x57, 0x59,
    0x43, 0x55, 0x58, 0x58, 0x40, 0x2D, 0xBD, 0xDA, 0x55, 0x34, 0x58, 0x5D, 0x58, 0x58, 0x6B, 0x39, 0xBB, 0x7E, 0x3E, 0x6B, 0x57, 0x5B, 0x6A, 0x5D,
    0x51, 0x51, 0x51, 0x52, 0x51, 0x5B, 0x5E, 0x5C, 0x5F, 0x62, 0x60, 0x6C, 0x71, 0x7E, 0x7E, 0x7E, 0x7F, 0x7F, 0x7D, 0x85, 0x7D, 0x7E, 0x82, 0x7D,
    0x7D, 0x75, 0x81, 0x81, 0x74, 0x75, 0x71, 0x7F, 0x85, 0x88, 0x82, 0x72, 0x7A, 0xE0, 0xD7, 0x7E, 0x38, 0x62, 0xB1, 0x7A, 0xA2, 0xA1, 0xB1, 0xA2,
    0xB1, 0xAE, 0xB1, 0xB1, 0xA1, 0xAF, 0xB0, 0x9F, 0x50, 0x4F, 0xA0, 0xD8, 0xD8, 0xA7, 0xA6, 0xB9, 0xA7, 0xBC, 0xE0, 0xCA, 0x9D, 0x4F, 0x4B, 0x4D,
    0x9C, 0xB8, 0xC0, 0xD6, 0xE4, 0xDF, 0xD9, 0xCB, 0xCF, 0xD9, 0xCC, 0xCC, 0xDB, 0xE3, 0xE4, 0xD9, 0xBF, 0xB6, 0xB6, 0xC9, 0xCB, 0xD7, 0xC3, 0xC1,
    0xD6, 0xDD, 0xE8, 0xCE, 0x92, 0x4B, 0x27, 0x27, 0xA6, 0xE7, 0xDE, 0xDC, 0xE1, 0xD0, 0x4B, 0x94, 0xFF, 0xD7, 0x41, 0xB6, 0xBD, 0xFF, 0xD7, 0xD7,
    0xE8, 0xE8, 0xBD, 0x5A, 0x6D, 0xF9, 0xFF, 0xE2, 0xE1, 0xE1, 0xDC, 0xEC, 0x92, 0x92, 0xAB, 0xCE, 0xDA, 0xD6, 0xD8, 0xDD, 0xC9, 0xD9, 0xDA, 0xC1,
    0xB6, 0xBE, 0xD6, 0xE8, 0xE6, 0xE4, 0xD7, 0xBE, 0xBB, 0xBA, 0xB0, 0xA1, 0xC2, 0xCF, 0xDB, 0xD8, 0xC0, 0xAF, 0x67, 0x50, 0x4C, 0x4F, 0x95, 0xCF,
    0xDD, 0xA8, 0x95, 0x50, 0x92, 0x95, 0x9C, 0xA0, 0x9D, 0x67, 0x50, 0x53, 0x52, 0x74, 0xAD, 0xAD, 0xAD, 0x88, 0xA2, 0xA2, 0x7A, 0x78, 0x76, 0x74,
    0x74, 0x76, 0x6E, 0x5D, 0x40, 0xB4, 0xE6, 0xD6, 0x69, 0x55, 0x6F, 0x6E, 0x6E, 0x72, 0x6E, 0x5F, 0x60, 0x71, 0x71, 0x7D, 0x74, 0x75, 0x75, 0x7E,
    0x7D, 0x77, 0x6B, 0x71, 0x6F, 0x6B, 0x69, 0x59, 0x69, 0x5A, 0x59, 0x58, 0x56, 0x56, 0x59, 0x69, 0x70, 0x6D, 0x69, 0x69, 0x6A, 0x43, 0x56, 0x56,
    0x40, 0x40, 0x59, 0x5A, 0x59, 0x6F, 0x71, 0x82, 0x6A, 0x5D, 0x71, 0x69, 0x41, 0x85, 0x6A, 0x39, 0x38, 0xE8, 0x30, 0x30, 0x43, 0x40, 0x3E, 0x40,
    0x3E, 0x3E, 0x34, 0x59, 0xCA, 0xD9, 0x34, 0x29, 0x52, 0x52, 0x51, 0x51, 0x51, 0x51, 0x51, 0x51, 0x5E, 0x5E, 0x5D, 0x5F, 0x5F, 0x5C, 0x5F, 0x60,
    0x5C, 0x5F, 0x5D, 0x5A, 0x5B, 0x51, 0x5E, 0x5F, 0x6E, 0x74, 0x74, 0x72, 0x85, 0x2D, 0x5F, 0xE6, 0xBF, 0x2D, 0x55, 0x5D, 0x59, 0x57, 0x5C, 0x55,
    0x40, 0xCA, 0x41, 0x69, 0x7C, 0x60, 0x5F, 0x5F, 0x5F, 0x60, 0x61, 0x6F, 0x6C, 0x60, 0x5F, 0x6C, 0x61, 0x5F, 0x5E, 0x5F, 0x6A, 0x6C, 0x6F, 0x70,
    0x7F, 0xAD, 0x88, 0xAE, 0x82, 0x7E, 0x7E, 0x7D, 0x71, 0x7C, 0x7D, 0x70, 0x7D, 0x7D, 0x7D, 0x7F, 0x7F, 0x85, 0xAF, 0xAD, 0x7D, 0x6A, 0x7F, 0xE8,
    0x7E, 0x34, 0x55, 0x88, 0xAD, 0x88, 0xB1, 0xA2, 0xB0, 0xB2, 0xB2, 0xB2, 0xB1, 0xA2, 0xA1, 0x67, 0xB1, 0x53, 0x4D, 0x50, 0x95, 0x94, 0x92, 0x94,
    0x92, 0x54, 0xA0, 0xC5, 0xDD, 0xDD, 0xB9, 0x50, 0x4C, 0x4F, 0x54, 0xA1, 0xC0, 0xD8, 0xD9, 0xDB, 0xE3, 0xE3, 0xDB, 0xD9, 0xDE, 0xDC, 0xE5, 0xF1,
    0xF1, 0xE6, 0xDD, 0xC3, 0xBD, 0xCA, 0xDB, 0xD9, 0xD7, 0xD7, 0xD6, 0xDA, 0xDF, 0xC4, 0x96, 0x92, 0x4B, 0xCD, 0xE1, 0xE1, 0xD0, 0xE7, 0x95, 0x94,
    0xFF, 0xD7, 0x43, 0xB6, 0xBE, 0xFF, 0xDA, 0xED, 0xF6, 0xE6, 0xBD, 0x7C, 0x6D, 0xF8, 0xFF, 0xE1, 0xDC, 0xE2, 0xEB, 0xF7, 0xE2, 0xE0, 0xD5, 0xC0,
    0xD6, 0xBE, 0xCA, 0xD7, 0xB4, 0xB4, 0xB3, 0xC9, 0xDD, 0xED, 0xDD, 0xD6, 0xBE, 0xBD, 0xB6, 0xB6, 0xB6, 0xBB, 0xCC, 0xDB, 0xDA, 0xC1, 0xB5, 0xA1,
    0x50, 0x4C, 0x4C, 0x4F, 0xA7, 0xD7, 0xB9, 0x95, 0x4F, 0x4F, 0x50, 0x54, 0xA0, 0xA8, 0x9F, 0xA5, 0x9B, 0x2F, 0x4B, 0x4D, 0x53, 0x81, 0x89, 0x85,
    0xAD, 0xAF, 0xAF, 0xB3, 0xB0, 0xAD, 0x78, 0x65, 0x7F, 0x6C, 0x3F, 0x88, 0xC9, 0xD7, 0x6D, 0x56, 0x52, 0x52, 0x62, 0x6C, 0x6F, 0x71, 0x5D, 0x5D,
    0x5A, 0x6B, 0x69, 0x59, 0x62, 0x6C, 0x6C, 0x6B, 0x5A, 0x56, 0x56, 0x58, 0x58, 0x40, 0x40, 0x3E, 0x40, 0x40, 0x40, 0x40, 0x6B, 0x6A, 0x7C, 0x7F,
    0x70, 0x6C, 0x40, 0x3E, 0x40, 0x39, 0x3E, 0x39, 0x39, 0x43, 0x58, 0x69, 0x5A, 0x70, 0x71, 0x71, 0x5D, 0x43, 0x70, 0x51, 0x51, 0x87, 0x59, 0x2E,
    0x6F, 0xD7, 0x29, 0x30, 0x69, 0x58, 0x59, 0x59, 0x5D, 0x6D, 0x2E, 0x58, 0xC3, 0xE6, 0x2E, 0x3E, 0x57, 0x59, 0x6C, 0x61, 0x6C, 0x61, 0x5E, 0x5C,
    0x5D, 0x57, 0x6B, 0x61, 0x5B, 0x6F, 0x62, 0x5F, 0x61, 0x5F, 0x5E, 0x5F, 0x51, 0x51, 0x51, 0x51, 0x61, 0x71, 0x75, 0x7E, 0x7F, 0x5E, 0x30, 0xE0,
    0xD6, 0x59, 0x34, 0x6F, 0x6A, 0x5C, 0x5C, 0x5D, 0x3A, 0x7C, 0xC7, 0x3E, 0x6D, 0x64, 0x52, 0x62, 0x5F, 0x51, 0x5F, 0x5B, 0x51, 0x6A, 0x6C, 0x6C,
    0x6C, 0x6A, 0x6C, 0x5F, 0x5F, 0x5C, 0x5F, 0x77, 0x6C, 0x6F, 0x6C, 0x6D, 0x6D, 0x6D, 0x6A, 0x6D, 0x6B, 0x6A, 0x69, 0x69, 0x6C, 0x6D, 0x70, 0x6A,
    0x6D, 0x6D, 0x6D, 0x7C, 0x7F, 0x7F, 0x6D, 0x69, 0xD6, 0xDD, 0x69, 0x3E, 0x85, 0xAF, 0xAD, 0x88, 0xAF, 0xB7, 0xB7, 0xAF, 0xA2, 0xB0, 0xAE, 0x66,
    0x78, 0xA1, 0xA2, 0x66, 0x95, 0xB8, 0xB8, 0xA0, 0x96, 0x92, 0x4F, 0x4C, 0x4C, 0x92, 0xA7, 0xD9, 0xC8, 0x95, 0x4F, 0x4F, 0x54, 0xA0, 0xBF, 0xCA,
    0xDA, 0xDD, 0xE4, 0xDF, 0xDB, 0xC8, 0xCC, 0xC8, 0xCC, 0xD9, 0xE3, 0xED, 0xE6, 0xD7, 0xBA, 0xBA, 0xCA, 0xDD, 0xD9, 0xD9, 0xD6, 0xD8, 0xDA, 0xE6,
    0xAB, 0xD4, 0xE1, 0xD0, 0xD0, 0xD0, 0xCE, 0xA6, 0xFF, 0xDA, 0x58, 0xB6, 0xC3, 0xFF, 0x7D, 0xB2, 0xF8, 0xE6, 0xB4, 0x7D, 0x70, 0xF8, 0xFD, 0xEA,
    0xEC, 0xED, 0xDD, 0xC3, 0xD6, 0xC0, 0xD6, 0xDD, 0xD6, 0xB4, 0xB5, 0xB4, 0xBD, 0xD6, 0xED, 0xF9, 0xE0, 0xCA, 0xC9, 0xBF, 0xBA, 0xB6, 0xBD, 0xC9,
    0xDB, 0xE0, 0xC9, 0xC0, 0xB5, 0x9F, 0x50, 0x4C, 0x4C, 0x94, 0xA7, 0xC8, 0xA9, 0xA0, 0x50, 0x50, 0xA0, 0xD6, 0xC9, 0xB9, 0x9D, 0x95, 0xA2, 0xB5,
    0x85, 0x4E, 0x66, 0xB5, 0xB3, 0x85, 0x85, 0x88, 0x88, 0x89, 0xB5, 0x89, 0x89, 0x89, 0x82, 0x71, 0x40, 0x70, 0xC3, 0xF0, 0xBF, 0x69, 0x6D, 0x79,
    0x66, 0x70, 0x6B, 0x6A, 0x69, 0x69, 0x69, 0x6D, 0x6B, 0x69, 0x69, 0x5A, 0x5A, 0x5A, 0x59, 0x56, 0x43, 0x56, 0x5A, 0x56, 0x59, 0x40, 0x40, 0x43,
    0x43, 0x40, 0x59, 0x56, 0x56, 0x6B, 0x69, 0x69, 0x56, 0x56, 0x40, 0x39, 0x3E, 0x40, 0x56, 0x59, 0x6B, 0x7D, 0x71, 0x7E, 0x70, 0x6D, 0x70, 0x69,
    0x5A, 0x58, 0x70, 0x3A, 0x77, 0x6D, 0x58, 0x38, 0xDA, 0x3D, 0x2E, 0x69, 0x58, 0x58, 0x5D, 0x59, 0x55, 0x58, 0x2D, 0xAD, 0xD7, 0xB3, 0x28, 0x3D,
    0x60, 0x59, 0x5A, 0x5D, 0x6A, 0x58, 0x57, 0x57, 0x5A, 0x69, 0x5D, 0x60, 0x5C, 0x5D, 0x5F, 0x51, 0x5C, 0x5B, 0x51, 0x51, 0x51, 0x61, 0x71, 0x70,
    0x7C, 0x70, 0x69, 0x69, 0x69, 0x69, 0x2D, 0x7A, 0xE0, 0xD6, 0x2E, 0x5A, 0x5D, 0x58, 0x59, 0x58, 0x59, 0x38, 0xBF, 0x7D, 0x58, 0x6C, 0x5C, 0x5C,
    0x71, 0x6C, 0x6D, 0x5D, 0x5D, 0x5A, 0x6C, 0x6C, 0x61, 0x61, 0x6C, 0x6B, 0x5F, 0x5E, 0x57, 0x6A, 0x6B, 0x6C, 0x6D, 0x6D, 0x6D, 0x70, 0x6D, 0x70,
    0x71, 0x6C, 0x6A, 0x69, 0x6C, 0x6B, 0x5A, 0x59, 0x7E, 0x7D, 0x6D, 0x6D, 0x70, 0x7D, 0x7F, 0x7D, 0x69, 0x7F, 0xDA, 0xBE, 0x39, 0x40, 0x88, 0xAF,
    0xAF, 0xAD, 0xAD, 0xB0, 0xB0, 0xB4, 0xBD, 0xB4, 0xB4, 0xB0, 0xAF, 0x81, 0xA4, 0xC9, 0xA3, 0x54, 0xA6, 0xCC, 0xC7, 0xA0, 0x95, 0x4F, 0x4C, 0x4F,
    0x96, 0xCE, 0xB9, 0x9D, 0x92, 0x4F, 0x50, 0x9D, 0xBB, 0xBD, 0xD7, 0xDF, 0xE3, 0xD9, 0xC3, 0xBB, 0xBF, 0xC8, 0xCC, 0xCA, 0xD9, 0xE7, 0xF4, 0xDD,
    0xD6, 0xBE, 0xBD, 0xD7, 0xD9, 0xD7, 0xC3, 0xC9, 0xDD, 0xDA, 0xE5, 0xEC, 0xE2, 0xE1, 0xD0, 0xEA, 0xFF, 0xDB, 0x43, 0xB6, 0xBE, 0xFF, 0xF4, 0xF9,
    0xE4, 0xDD, 0xB3, 0xC3, 0x71, 0xF8, 0xFF, 0xE6, 0xD6, 0xBD, 0xC0, 0xC0, 0xE4, 0xDA, 0xC0, 0xC0, 0xB5, 0xBD, 0xB3, 0xBD, 0xDA, 0xDD, 0xC3, 0xCA,
    0xC9, 0xBD, 0xBA, 0x77, 0xBB, 0xD7, 0xDB, 0xDD, 0xC1, 0xB5, 0xAE, 0x67, 0x4F, 0x4C, 0x4F, 0x95, 0xC6, 0xDD, 0xC6, 0xA5, 0xA0, 0xC2, 0xD8, 0xD8,
    0xC3, 0x9D, 0x95, 0x95, 0xA4, 0x87, 0x7F, 0x7F, 0x85, 0xB5, 0x87, 0x7D, 0x85, 0x85, 0x7F, 0x85, 0x89, 0xB5, 0x66, 0x4E, 0x4E, 0x4E, 0x70, 0x7C,
    0xAF, 0xE0, 0xBD, 0x6D, 0xAF, 0x88, 0x71, 0x71, 0x7C, 0x70, 0x6B, 0x69, 0x84, 0x6D, 0x69, 0x69, 0x6A, 0x6A, 0x5A, 0x69, 0x69, 0x69, 0x43, 0x59,
    0x59, 0x5A, 0x58, 0x40, 0x40, 0x56, 0x58, 0x43, 0x5A, 0x56, 0x43, 0x59, 0x6B, 0x5D, 0x40, 0x43, 0x69, 0x59, 0x43, 0x56, 0x5D, 0x71, 0x7F, 0x7E,
    0x7D, 0x6D, 0x43, 0x59, 0x69, 0x69, 0x59, 0x59, 0x5A, 0x40, 0x3E, 0x56, 0x85, 0x59, 0x40, 0x6D, 0xD8, 0x2D, 0x3E, 0x59, 0x5D, 0x58, 0x58, 0x43,
    0x58, 0x40, 0x29, 0xBE, 0xE4, 0x7F, 0x28, 0x57, 0x65, 0x51, 0x51, 0x57, 0x6B, 0x59, 0x59, 0x5A, 0x6D, 0x6A, 0x5D, 0x61, 0x51, 0x6B, 0x5C, 0x51,
    0x52, 0x51, 0x55, 0x57, 0x5A, 0x69, 0x6D, 0x71, 0x56, 0x3E, 0x59, 0x59, 0x58, 0x5C, 0x30, 0x2D, 0xF0, 0xD7, 0x58, 0x38, 0x5D, 0x58, 0x5D, 0x5A,
    0x59, 0x41, 0x41, 0xE4, 0x56, 0x56, 0x56, 0x41, 0x6B, 0x77, 0x61, 0x5F, 0x5F, 0x5F, 0x51, 0x5E, 0x5E, 0x61, 0x62, 0x61, 0x6C, 0x6D, 0x70, 0x71,
    0x70, 0x70, 0x71, 0x7D, 0x71, 0x70, 0x70, 0x77, 0x7E, 0x71, 0x6C, 0x6D, 0x70, 0x70, 0x6D, 0x70, 0x85, 0xB0, 0x7F, 0x7C, 0x71, 0x7C, 0x7D, 0x85,
    0x85, 0x7D, 0x70, 0xD6, 0xDA, 0x40, 0x2E, 0x6B, 0x82, 0x71, 0x6F, 0x7D, 0x7D, 0x77, 0x70, 0x6D, 0x88, 0x88, 0x78, 0x7A, 0x66, 0x53, 0x53, 0x9B,
    0x9C, 0x95, 0xA7, 0xC7, 0xD8, 0xD8, 0xCA, 0xC6, 0xA7, 0xA6, 0xC4, 0xDA, 0xC6, 0x9D, 0x50, 0x4C, 0x50, 0x9D, 0xA5, 0xBE, 0xD6, 0xE3, 0xDF, 0xE4,
    0xDA, 0xB6, 0xBA, 0xCA, 0xC3, 0xCA, 0xBB, 0xC7, 0xDB, 0xC7, 0xBD, 0xC3, 0xC3, 0xBE, 0xC3, 0xDB, 0xE5, 0xD6, 0xC0, 0xD6, 0xE0, 0xF1, 0xEE, 0xEE,
    0xFF, 0xDB, 0x39, 0xB6, 0xB4, 0xF9, 0xBD, 0xD9, 0xFF, 0xF0, 0xBE, 0xE0, 0x82, 0xF8, 0xF8, 0xBD, 0xC9, 0xC1, 0xD6, 0xB5, 0x89, 0xB3, 0x87, 0xB3,
    0xAF, 0xB3, 0x87, 0x85, 0x7D, 0x85, 0x7F, 0x7D, 0x85, 0x72, 0x72, 0xBA, 0xD7, 0xD8, 0xC0, 0xB5, 0x78, 0x53, 0x4C, 0x4C, 0x92, 0xA0, 0xD8, 0xD8,
    0xC7, 0xBB, 0x9F, 0x9F, 0xA4, 0xBF, 0xA8, 0x95, 0x94, 0x54, 0x9E, 0x89, 0x84, 0x7C, 0x70, 0x88, 0x88, 0x7D, 0x85, 0x7D, 0x89, 0x89, 0xB5, 0xB5,
    0x83, 0x53, 0x4B, 0x4B, 0x2F, 0x65, 0xBE, 0xE8, 0xDA, 0x7D, 0x69, 0x70, 0x69, 0x7C, 0xAD, 0xBA, 0x4E, 0x51, 0x6B, 0x52, 0x53, 0x61, 0x69, 0x6A,
    0x6D, 0x69, 0x6D, 0x6D, 0x6A, 0x69, 0x43, 0x69, 0x70, 0x6A, 0x69, 0x69, 0x6F, 0x75, 0x71, 0x6A, 0x69, 0x6B, 0x71, 0x69, 0x6B, 0x56, 0x56, 0x43,
    0x5A, 0x69, 0x69, 0x7C, 0x7C, 0x6A, 0x59, 0x6A, 0x59, 0x43, 0x40, 0x69, 0x70, 0x71, 0x7D, 0x6D, 0x40, 0x6B, 0x40, 0x7E, 0x69, 0x58, 0x39, 0xB5,
    0x78, 0x2D, 0x69, 0x58, 0x43, 0x43, 0x40, 0x43, 0x59, 0x38, 0x38, 0xDA, 0xE4, 0x5A, 0x2E, 0x6B, 0x6E, 0x60, 0x5E, 0x5F, 0x58, 0x5A, 0x6F, 0x5D,
    0x5A, 0x58, 0x5D, 0x5D, 0x41, 0x6A, 0x6C, 0x6C, 0x6F, 0x5D, 0x70, 0x6D, 0x6A, 0x6A, 0x56, 0x69, 0x40, 0x40, 0x58, 0x41, 0x41, 0x5C, 0x5F, 0x2E,
    0xBF, 0xE6, 0xB3, 0x2D, 0x56, 0x43, 0x59, 0x5D, 0x61, 0x6C, 0x40, 0x88, 0xBF, 0x7C, 0x7F, 0x6D, 0x43, 0x6D, 0x5A, 0x6C, 0x51, 0x5F, 0x60, 0x51,
    0x5E, 0x5F, 0x62, 0x5E, 0x72, 0x63, 0x72, 0x84, 0x7D, 0x7D, 0x7C, 0x7C, 0x7C, 0x7C, 0x70, 0x7D, 0x71, 0x69, 0x6A, 0x6D, 0x70, 0xC1, 0xD7, 0x7D,
    0x69, 0x6D, 0x7C, 0x7F, 0x85, 0x7D, 0x7D, 0x85, 0x7D, 0x6D, 0x6A, 0x6A, 0xAD, 0xD7, 0xBE, 0x7F, 0x38, 0xB4, 0xBA, 0xAF, 0x88, 0x82, 0x7D, 0x85,
    0xAF, 0xAF, 0xA2, 0xA1, 0x9E, 0x9B, 0x66, 0x9F, 0xB8, 0x9C, 0x94, 0x92, 0x94, 0xB9, 0xDD, 0xB9, 0xA7, 0xC6, 0xC2, 0xC9, 0xDD, 0xE0, 0xD8, 0xA0,
    0x94, 0x4C, 0x4C, 0x54, 0xA3, 0xBD, 0xBE, 0xCB, 0xD9, 0xC9, 0x71, 0x70, 0x87, 0xB3, 0xAF, 0xAF, 0xAF, 0xB6, 0xB0, 0xB4, 0xB4, 0xB4, 0xAF, 0xBA,
    0xBD, 0xD9, 0xE4, 0xE0, 0xD7, 0xD7, 0xDA, 0xF5, 0xF8, 0xDD, 0x39, 0xBD, 0xC9, 0xFF, 0xD7, 0xDB, 0xE8, 0xBD, 0xC1, 0xCA, 0x6D, 0xFF, 0xFF, 0xF5,
    0xFF, 0xF0, 0xD8, 0xD6, 0xC9, 0xD8, 0xDA, 0xD6, 0xBE, 0xC1, 0xC9, 0xC1, 0xC9, 0xC9, 0xC9, 0xCA, 0xBC, 0xD9, 0xE0, 0xD8, 0xB5, 0xB3, 0x9B, 0x50,
    0x4C, 0x4C, 0x94, 0xA9, 0xD7, 0xA7, 0x94, 0x4C, 0x4C, 0x4F, 0x50, 0x4F, 0x54, 0x94, 0x92, 0x96, 0xBC, 0xB5, 0x7F, 0x85, 0x88, 0x89, 0xB3, 0x89,
    0x89, 0x87, 0x87, 0x7F, 0x89, 0x87, 0x76, 0x4E, 0x4B, 0x27, 0x4B, 0x54, 0xBA, 0xD8, 0xBE, 0x6D, 0x59, 0x69, 0x7C, 0x7C, 0x70, 0x56, 0xBE, 0xB0,
    0x51, 0x60, 0x6C, 0x52, 0x4E, 0x5B, 0x5D, 0x59, 0x59, 0x57, 0x58, 0x58, 0x59, 0x59, 0x43, 0x57, 0x5C, 0x5C, 0x5E, 0x71, 0x72, 0x6C, 0x70, 0x6D,
    0x59, 0x5D, 0x6B, 0x57, 0x58, 0x55, 0x58, 0x56, 0x43, 0x69, 0x61, 0x5D, 0x51, 0x3F, 0x55, 0x75, 0x69, 0x59, 0x69, 0x6B, 0x70, 0x6B, 0x6B, 0x5A,
    0x41, 0x7F, 0x7C, 0xAF, 0x43, 0x2E, 0x34, 0xE0, 0x38, 0x3D, 0x69, 0x59, 0x58, 0x40, 0x39, 0x39, 0x3E, 0x2E, 0x69, 0xD7, 0xF8, 0x3E, 0x29, 0x6A,
    0x58, 0x40, 0x56, 0x40, 0x40, 0x40, 0x43, 0x40, 0x43, 0x40, 0x3E, 0x40, 0x39, 0x39, 0x40, 0x3E, 0x43, 0x40, 0x43, 0x43, 0x3E, 0x5A, 0x43, 0x3D,
    0x3F, 0x41, 0x41, 0x59, 0x58, 0x59, 0x69, 0x34, 0x3D, 0xF5, 0xD7, 0x40, 0x34, 0x59, 0x7D, 0x6F, 0x6B, 0x69, 0x58, 0x39, 0xDD, 0x69, 0x59, 0xBE,
    0x43, 0x56, 0x59, 0x5A, 0x5D, 0x55, 0x58, 0x58, 0x5B, 0x5D, 0x5C, 0x5B, 0x5F, 0x5E, 0x5E, 0x5E, 0x60, 0x5D, 0x60, 0x60, 0x6B, 0x61, 0x61, 0x61,
    0x5B, 0x5A, 0x6A, 0x6A, 0x5A, 0x70, 0xAF, 0x7C, 0x7F, 0x69, 0x69, 0x6B, 0x70, 0x6D, 0x70, 0x59, 0x6D, 0xB3, 0x6D, 0xAF, 0x7D, 0x6A, 0xC1, 0xD6,
    0x59, 0x34, 0x70, 0xAF, 0xAD, 0xAD, 0xAE, 0xB0, 0xAE, 0xAE, 0xAD, 0x89, 0xAF, 0xB5, 0xB5, 0xA4, 0x9E, 0x78, 0xAE, 0xB7, 0x95, 0x4F, 0x95, 0x96,
    0x94, 0x4F, 0x4C, 0x4F, 0x50, 0x9D, 0xA9, 0xCF, 0xE0, 0xB9, 0x94, 0x4C, 0x4C, 0x50, 0x9F, 0xB4, 0xB5, 0xC1, 0xDA, 0xD6, 0xC1, 0xDA, 0xE0, 0xDD,
    0xDA, 0xDA, 0xD7, 0xC9, 0xD6, 0xD6, 0xED, 0xE4, 0xC1, 0xD7, 0xE6, 0xF8, 0xFD, 0xF8, 0xF0, 0xFF, 0xFF, 0xD7, 0x39, 0xD9, 0xAD, 0xD7, 0xFF, 0xFF,
    0x6D, 0x6D, 0xBD, 0xC9, 0xD6, 0xC1, 0xBD, 0xB4, 0xB3, 0xE0, 0xFF, 0xFF, 0xFF, 0xFF, 0xFF, 0xFF, 0xFF, 0xFF, 0xFF, 0xFF, 0xFF, 0xFF, 0xFF, 0xF0,
    0xD6, 0xC0, 0xC0, 0xB0, 0x67, 0x50, 0x4C, 0x8F, 0x94, 0xA8, 0xD7, 0xA0, 0x96, 0x94, 0x92, 0x95, 0xA5, 0xA8, 0xA8, 0x50, 0x4F, 0x95, 0xBF, 0xC0,
    0xB3, 0x89, 0xAF, 0xB3, 0xB3, 0xB3, 0xB3, 0xB3, 0xB3, 0x89, 0x87, 0x87, 0x87, 0xAD, 0x67, 0x53, 0x52, 0x52, 0x9F, 0xC7, 0xDD, 0xAF, 0x56, 0x59,
    0x69, 0x6D, 0x87, 0x6D, 0x84, 0x89, 0xB3, 0x69, 0x84, 0x87, 0x7D, 0x6D, 0x6D, 0x6C, 0x61, 0x5C, 0x60, 0x52, 0x5F, 0x5E, 0x6D, 0x84, 0x62, 0x53,
    0x4E, 0x4E, 0x53, 0xAE, 0x62, 0x62, 0x75, 0x77, 0x76, 0x76, 0x65, 0x66, 0x64, 0x65, 0x6E, 0x5E, 0x41, 0x6A, 0x52, 0x52, 0x4E, 0x50, 0x52, 0x53,
    0x5F, 0x6A, 0x6A, 0x69, 0x59, 0x6D, 0x56, 0x69, 0x6D, 0x39, 0xD7, 0x40, 0x2E, 0x34, 0x88, 0xB3, 0x34, 0x85, 0x63, 0x78, 0xBD, 0x28, 0x85, 0x69,
    0x34, 0x2E, 0xDA, 0xC1, 0xFF, 0x41, 0x2D, 0x5D, 0x58, 0x6C, 0x6B, 0x70, 0x7C, 0x71, 0x71, 0x70, 0x71, 0x70, 0x6F, 0x70, 0x6B, 0x6D, 0x6D, 0x71,
    0x75, 0x7C, 0x71, 0x71, 0x5F, 0x5F, 0x51, 0x3F, 0x40, 0x43, 0x43, 0x69, 0x3F, 0x5E, 0x5A, 0x43, 0x29, 0xB7, 0xDD, 0xB3, 0x2E, 0x6F, 0xDA, 0x6D,
    0xBF, 0x59, 0x6C, 0x59, 0x69, 0xED, 0x70, 0x69, 0x56, 0x69, 0x59, 0x59, 0x70, 0x76, 0x5E, 0x64, 0x53, 0x73, 0x72, 0x6E, 0x64, 0x52, 0x53, 0x53,
    0x7A, 0x78, 0x52, 0x64, 0x60, 0x62, 0x5E, 0x52, 0x52, 0x7D, 0x77, 0x6E, 0x6B, 0x59, 0x6A, 0x7F, 0x7F, 0x6D, 0x7C, 0x7C, 0x6A, 0x7C, 0x74, 0x51,
    0x43, 0xE0, 0xAF, 0x56, 0xBE, 0x7D, 0x40, 0xBF, 0xFF, 0xBE, 0x56, 0x39, 0xB6, 0xB0, 0x7E, 0xAF, 0xAF, 0xAE, 0xAE, 0xAE, 0xAE, 0xAE, 0xB0, 0xB0,
    0xB4, 0xB0, 0xB0, 0xB4, 0xBE, 0xA5, 0x50, 0x4F, 0x95, 0xA7, 0xA7, 0x50, 0x4C, 0x4C, 0x4C, 0x4C, 0x94, 0xA8, 0xD9, 0xC4, 0x94, 0x4C, 0x4C, 0x50,
    0x67, 0xB0, 0xC0, 0xD6, 0xE0, 0xF1, 0xFF, 0xFF, 0xFF, 0xFF, 0xFF, 0xFF, 0xFF, 0xFF, 0xFF, 0xFF, 0xFE, 0xF8, 0xFF, 0xFF, 0xBD, 0xB3, 0xBD, 0xBE,
    0xBD, 0xD7, 0xBB, 0xE6, 0x7F, 0x6B, 0x75, 0xBB, 0xBD, 0xD8, 0xDD, 0xD8, 0xB3, 0x6D, 0x69, 0x42, 0x87, 0xE8, 0xE6, 0xB5, 0xB3, 0xF4, 0xDA, 0xE0,
    0xDA, 0xD8, 0xDD, 0xFF, 0xF6, 0xE4, 0xC9, 0xB5, 0xB5, 0xA4, 0x54, 0x4C, 0x4C, 0x4F, 0x9D, 0xDD, 0xD8, 0xD8, 0xD6, 0xB8, 0xC9, 0xD5, 0xD5, 0xBF,
    0xA0, 0x95, 0x9C, 0xA0, 0xA4, 0xB5, 0x87, 0x89, 0x89, 0x89, 0x89, 0x89, 0xB3, 0x89, 0xAD, 0xB6, 0xB3, 0x89, 0x85, 0x6D, 0xB3, 0xAF, 0x7F, 0x7F,
    0x89, 0xD6, 0xB4, 0x88, 0x7E, 0xAD, 0xB4, 0xBD, 0xB4, 0xAD, 0xB3, 0x85, 0xB5, 0xB0, 0x82, 0xAF, 0xAE, 0x79, 0x81, 0x88, 0xA2, 0xA2, 0xA1, 0x9B,
    0x7A, 0xA3, 0x9B, 0x9B, 0x66, 0x66, 0x67, 0xA2, 0xB3, 0xB4, 0xAF, 0xAF, 0x7A, 0x78, 0x81, 0x82, 0x81, 0x81, 0x82, 0x88, 0x88, 0x82, 0x88, 0x7A,
    0x9E, 0x67, 0xA1, 0x7A, 0xA4, 0xAE, 0x6E, 0x5C, 0x6F, 0x71, 0x75, 0x70, 0x6D, 0x42, 0x56, 0x69, 0x6A, 0x6D, 0x7C, 0x56, 0x42, 0x39, 0xFE, 0x28,
    0x1E, 0x34, 0x2D, 0x2D, 0x42, 0x34, 0x39, 0x34, 0x2D, 0x2D, 0xC9, 0xD8, 0xD7, 0x29, 0x2D, 0x43, 0x3A, 0x34, 0x57, 0x5F, 0x5E, 0x5B, 0x5D, 0x59,
    0x6B, 0x59, 0x59, 0x58, 0x55, 0x55, 0x57, 0x59, 0x5A, 0x57, 0x51, 0x5E, 0x3F, 0x3F, 0x3F, 0x3F, 0x56, 0x43, 0x5B, 0x5E, 0x5C, 0x5B, 0x5A, 0x69,
    0x29, 0x30, 0xF5, 0xE0, 0x59, 0x2E, 0x59, 0x69, 0x34, 0x2E, 0x2E, 0x2E, 0x39, 0xB6, 0xB4, 0x88, 0xAF, 0xAF, 0xAD, 0xAD, 0xAE, 0xB1, 0xAE, 0xB0,
    0xA2, 0xA2, 0xAE, 0xAF, 0xAF, 0xBA, 0xB2, 0x9E, 0x9E, 0x7A, 0x78, 0x83, 0x82, 0x83, 0x78, 0xAD, 0xAD, 0xAD, 0xAE, 0x83, 0xA2, 0xA2, 0xA2, 0xB0,
    0x88, 0x88, 0xAE, 0xA1, 0xBA, 0xAE, 0xA5, 0xB8, 0xB2, 0x88, 0xB4, 0xBD, 0xAF, 0xBE, 0xBE, 0xB3, 0x7F, 0xAF, 0xD9, 0x7F, 0x3E, 0x71, 0x7F, 0x85,
    0xAD, 0xAD, 0xAF, 0xAD, 0xAD, 0xAF, 0xAF, 0xAF, 0xAE, 0xAE, 0xB0, 0x9E, 0xA1, 0x7A, 0xA4, 0xA5, 0x4F, 0x4C, 0x95, 0xD7, 0xD6, 0xCA, 0xB9, 0xA0,
    0x95, 0x50, 0x95, 0xC8, 0xE0, 0xC6, 0x95, 0x4C, 0x4C, 0x4F, 0x95, 0xB4, 0xC0, 0xB5, 0xC1, 0xE4, 0xF7, 0xFF, 0xD6, 0xCA, 0xE0, 0xE3, 0xE0, 0xE4,
    0xBD, 0xB6, 0xD9, 0xE6, 0xC9, 0xAF, 0x69, 0x40, 0x6D, 0x7D, 0xE8, 0xE0, 0xDB, 0xDF, 0xB0, 0xB0, 0xDA, 0xC0, 0x7F, 0x69, 0x84, 0x84, 0xD6, 0xF4,
    0xE0, 0xC0, 0xC0, 0xC0, 0xD6, 0xC1, 0x84, 0x87, 0x89, 0x89, 0xD7, 0xD9, 0xC0, 0xB5, 0xB3, 0xA4, 0x94, 0x4C, 0x4C, 0x4F, 0x9F, 0xDA, 0xDA, 0xC6,
    0xA5, 0x95, 0x95, 0x94, 0x92, 0x95, 0x94, 0x92, 0x4F, 0x96, 0xC2, 0xD5, 0xB5, 0xB4, 0xB5, 0xB5, 0xC0, 0xBD, 0xBD, 0xBD, 0xC0, 0xC0, 0xC0, 0xC0,
    0xBD, 0xB4, 0xB4, 0xBE, 0xAF, 0x40, 0x43, 0xB5, 0xE6, 0xB4, 0x59, 0x43, 0x6F, 0x7D, 0x7D, 0x7C, 0x71, 0x70, 0x6D, 0x6D, 0x89, 0x7D, 0x7E, 0x88,
    0x7F, 0x76, 0x74, 0x78, 0x65, 0x81, 0x79, 0x66, 0x53, 0x67, 0x78, 0x66, 0x66, 0x53, 0x67, 0x75, 0x81, 0x82, 0x7D, 0x70, 0x77, 0x74, 0x7E, 0x7F,
    0x7F, 0x75, 0x71, 0x7E, 0x7D, 0x6D, 0x7D, 0x87, 0x85, 0x74, 0x83, 0x76, 0x65, 0x6E, 0x71, 0x7D, 0x88, 0x7D, 0x7D, 0x6D, 0x70, 0x42, 0x56, 0x6A,
    0x59, 0x59, 0x59, 0x6D, 0x7C, 0x7F, 0xD6, 0x69, 0x6D, 0x7C, 0x6A, 0x6D, 0xB0, 0xBE, 0x82, 0xAD, 0xAF, 0x7C, 0xC0, 0xD6, 0xBD, 0x2D, 0x3A, 0x69,
    0x5D, 0x56, 0x3D, 0x52, 0x51, 0x5B, 0x40, 0x39, 0x40, 0x43, 0x40, 0x3D, 0x40, 0x3D, 0x3D, 0x40, 0x43, 0x41, 0x4E, 0x3F, 0x4E, 0x52, 0x41, 0x5B,
    0x60, 0x6D, 0x52, 0x2F, 0x51, 0x40, 0x43, 0x59, 0x39, 0x29, 0xE6, 0xE6, 0xC9, 0x7F, 0x7F, 0x7C, 0x7E, 0xAF, 0x88, 0x7E, 0x7D, 0x69, 0x6A, 0x58,
    0x69, 0x6C, 0x71, 0x70, 0x71, 0x65, 0x74, 0x7E, 0x7D, 0x70, 0x71, 0x7F, 0x7F, 0x88, 0x79, 0x9B, 0x67, 0x79, 0x74, 0x76, 0x82, 0x79, 0x63, 0x72,
    0x6C, 0x61, 0x6E, 0x63, 0x79, 0xAD, 0x7E, 0x7F, 0x70, 0x6A, 0x71, 0x6F, 0x89, 0x7D, 0x78, 0x9B, 0x76, 0x7D, 0x71, 0x82, 0x70, 0x6D, 0x6F, 0x6D,
    0x59, 0x69, 0xD8, 0xFF, 0x89, 0x34, 0x7C, 0xC9, 0xBD, 0xB4, 0xBD, 0xBE, 0xBD, 0xBE, 0xC0, 0xBD, 0xBD, 0xBE, 0xBD, 0xBE, 0xC3, 0xBC, 0xA5, 0xB1,
    0xC2, 0xA7, 0x92, 0x4F, 0x95, 0xC5, 0xD8, 0xA9, 0xA9, 0xA9, 0xC4, 0xC4, 0xC5, 0xC5, 0xDA, 0xC7, 0x9D, 0x4F, 0x4C, 0x4F, 0x54, 0xA1, 0x89, 0xB5,
    0xC0, 0xD7, 0xD6, 0xAF, 0x82, 0xAD, 0xAE, 0xB0, 0xD7, 0xD8, 0xBE, 0xAF, 0xD7, 0xE4, 0xFF, 0xDA, 0x7F, 0x69, 0x71, 0x7E, 0xB6, 0xBF, 0xD7, 0xE4,
    0x84, 0x68, 0x84, 0xB5, 0xE8, 0xF0, 0xDA, 0xBD, 0xB5, 0xC1, 0xD8, 0xC9, 0xB3, 0x84, 0xB3, 0xD6, 0xDA, 0xDA, 0xC0, 0xB5, 0xAF, 0x9B, 0x50, 0x4C,
    0x4C, 0x50, 0xA8, 0xCF, 0xBC, 0x95, 0x4F, 0x4C, 0x4F, 0x4C, 0x4C, 0x4C, 0x4C, 0x4C, 0x4F, 0x9D, 0x88, 0x84, 0x7C, 0x6A, 0x70, 0x7D, 0x85, 0x85,
    0x6D, 0x6D, 0x7C, 0x7C, 0x70, 0x6A, 0x6A, 0x69, 0x6D, 0x6D, 0x7C, 0x34, 0x6D, 0xDA, 0xDD, 0x9D, 0x53, 0x64, 0x82, 0xAF, 0x89, 0x89, 0x7D, 0x7D,
    0x71, 0x74, 0x65, 0x65, 0x6C, 0x84, 0x7C, 0x7D, 0x7D, 0x87, 0x7C, 0x72, 0x7D, 0x64, 0x64, 0x65, 0x78, 0x7D, 0x72, 0x76, 0x77, 0x85, 0x74, 0x62,
    0x6D, 0x5E, 0x52, 0x65, 0x65, 0x7F, 0x7E, 0x7F, 0x71, 0x7C, 0x71, 0x5D, 0x5E, 0x53, 0x65, 0x65, 0x65, 0x74, 0x6E, 0x6C, 0x6D, 0x6D, 0x70, 0x5B,
    0x56, 0x69, 0x6A, 0x5A, 0x59, 0x7F, 0x75, 0x69, 0x6D, 0x56, 0x56, 0x5D, 0x6F, 0x88, 0x88, 0x7D, 0x40, 0x41, 0x58, 0xE3, 0x7C, 0x6F, 0x7E, 0x6F,
    0x40, 0x59, 0xC0, 0xC0, 0x40, 0x2C, 0xBD, 0xB0, 0x7D, 0xF6, 0x43, 0x6D, 0x7D, 0x70, 0x7F, 0x7D, 0x7E, 0x85, 0x88, 0xAD, 0x85, 0x85, 0x85, 0x7F,
    0x71, 0x6D, 0x69, 0x69, 0x7F, 0x85, 0x85, 0xAF, 0x85, 0x7F, 0x6E, 0x2F, 0x2F, 0xB6, 0x59, 0x85, 0xBE, 0x2D, 0x78, 0xF8, 0xD6, 0x74, 0x30, 0x52,
    0x5F, 0x5D, 0x7D, 0x7C, 0x70, 0x6E, 0x85, 0x7D, 0x70, 0x61, 0x65, 0x85, 0x66, 0x52, 0x64, 0x64, 0x66, 0x66, 0x53, 0x53, 0x54, 0x4E, 0x53, 0x66,
    0x53, 0x52, 0x63, 0x65, 0x65, 0x66, 0x76, 0x65, 0x66, 0x79, 0x66, 0x74, 0x73, 0x74, 0x74, 0x7A, 0xA1, 0x7A, 0x78, 0x83, 0x67, 0x67, 0x7A, 0x84,
    0x71, 0x7E, 0x89, 0x87, 0x89, 0xAD, 0x85, 0x79, 0x7A, 0x7A, 0x52, 0x52, 0xE0, 0xDD, 0xAD, 0x38, 0x6D, 0x6D, 0x59, 0x43, 0x69, 0x59, 0x59, 0x6D,
    0x6D, 0x69, 0x7D, 0x7D, 0x7D, 0x71, 0x7D, 0x88, 0x6E, 0x85, 0xAF, 0x9D, 0x4F, 0x4F, 0x95, 0xA6, 0x96, 0x92, 0x95, 0x96, 0x94, 0x4F, 0x4F, 0xA6,
    0xC5, 0xC5, 0x9D, 0x92, 0x4C, 0x4C, 0x50, 0x9F, 0xB3, 0xB5, 0xC1, 0xE0, 0xDD, 0xD6, 0xB4, 0xAD, 0xAF, 0xD6, 0xE0, 0xDA, 0xC1, 0xB3, 0xBE, 0xDA,
    0xFF, 0xE8, 0xBD, 0x6C, 0x43, 0x5A, 0x7D, 0xC7, 0xB3, 0xD8, 0xF0, 0xE6, 0xC1, 0xC0, 0xC1, 0xD8, 0xDA, 0xC1, 0x89, 0x87, 0x89, 0xD6, 0xDD, 0xD7,
    0xC1, 0xC0, 0xAF, 0x67, 0x4F, 0x4C, 0x4C, 0x50, 0xA8, 0xD8, 0xC6, 0x9D, 0x94, 0x92, 0x9C, 0x9D, 0xB7, 0xCA, 0xD9, 0xA9, 0xA7, 0x9D, 0xC6, 0xD8,
    0xB3, 0x85, 0xAF, 0x7F, 0x85, 0x7D, 0xB3, 0xB3, 0x85, 0x7F, 0x89, 0x89, 0x85, 0x70, 0x7C, 0x70, 0x6D, 0x40, 0x34, 0x2E, 0xB6, 0xDD, 0x77, 0x65,
    0x66, 0x52, 0x4E, 0x4D, 0x2F, 0x2F, 0x2F, 0x51, 0x70, 0x63, 0x73, 0x75, 0x5F, 0x30, 0x2F, 0x2F, 0x2F, 0x2F, 0x2F, 0x52, 0x71, 0x5E, 0x5E, 0x64,
    0x66, 0x2F, 0x27, 0x27, 0x2F, 0x27, 0x2F, 0x4E, 0x6D, 0x62, 0x52, 0x6E, 0x64, 0x4E, 0x2F, 0x2F, 0x2F, 0x27, 0x2F, 0x2F, 0x5E, 0x52, 0x5E, 0x5E,
    0x61, 0x52, 0x2F, 0x27, 0x2F, 0x27, 0x27, 0x2F, 0x3D, 0x43, 0x43, 0x40, 0x55, 0x3F, 0x34, 0x34, 0x2E, 0x2D, 0x39, 0x3E, 0x34, 0x40, 0x43, 0x40,
    0x3E, 0x28, 0x3E, 0xFA, 0xB6, 0xB6, 0xBF, 0xB6, 0xAF, 0x7F, 0xB5, 0xC1, 0x28, 0x2E, 0x71, 0x85, 0x82, 0x6F, 0x59, 0x5A, 0x58, 0x56, 0x5A, 0x69,
    0x6D, 0x6B, 0x6A, 0x71, 0x71, 0x71, 0x6F, 0x70, 0x6D, 0x69, 0x5D, 0x56, 0x58, 0x58, 0x59, 0x5A, 0x6B, 0x6B, 0x70, 0x30, 0x30, 0x5D, 0x70, 0x7D,
    0xBF, 0x3E, 0x2D, 0xF5, 0xD8, 0x75, 0x2D, 0x5E, 0x55, 0x2F, 0x2F, 0x2F, 0x2F, 0x25, 0x2F, 0x5B, 0x6A, 0x5F, 0x62, 0x72, 0x52, 0x2F, 0x27, 0x27,
    0x27, 0x27, 0x2F, 0x4E, 0x67, 0x52, 0x65, 0x65, 0x4E, 0x2F, 0x25, 0x27, 0x27, 0x27, 0x4E, 0x52, 0x76, 0x75, 0x65, 0x74, 0x52, 0x2F, 0x25, 0x2F,
    0x2F, 0x2F, 0x4D, 0x65, 0x79, 0x66, 0x65, 0x7C, 0x52, 0x2F, 0x2F, 0x2F, 0x2F, 0x2F, 0x52, 0x76, 0x75, 0x62, 0x4E, 0x30, 0x5D, 0xC9, 0xE6, 0x34,
    0x2E, 0x3E, 0x6D, 0x59, 0x70, 0x6A, 0x7D, 0x85, 0xAF, 0xAF, 0xB4, 0xB4, 0xB4, 0xAD, 0xAE, 0xB6, 0xAF, 0xAD, 0xBE, 0xE0, 0xE6, 0xA7, 0xA6, 0xC4,
    0xE0, 0xCF, 0xC5, 0xB9, 0xA8, 0xC4, 0xC6, 0xA7, 0xA8, 0xD5, 0xD8, 0xCA, 0xA5, 0x50, 0x4C, 0x4C, 0x50, 0x9B, 0xB4, 0xD5, 0xD5, 0xD9, 0xDD, 0xDD,
    0xBD, 0xAF, 0xB6, 0xBE, 0xDA, 0xDD, 0xDB, 0xBF, 0xB4, 0xCA, 0xF4, 0xE4, 0xD7, 0xBF, 0x75, 0x5D, 0xF4, 0xDD, 0xB5, 0xC0, 0xD6, 0xDA, 0xDA, 0xC0,
    0xB3, 0xB3, 0xB5, 0xD8, 0xDD, 0xD6, 0xC0, 0xB5, 0xA3, 0x54, 0x4F, 0x4C, 0x4F, 0x54, 0xA8, 0xD8, 0xD5, 0xC1, 0xB7, 0xBB, 0xBB, 0xB7, 0xBB, 0xD5,
    0xC9, 0xA2, 0x70, 0x69, 0x7F, 0x87, 0x87, 0x7F, 0x7D, 0x7F, 0x7D, 0x7E, 0x7D, 0x7C, 0x6D, 0x7C, 0x7F, 0x85, 0x7E, 0x7D, 0x71, 0xB6, 0xC9, 0xAF,
    0x69, 0x40, 0x7C, 0xF5, 0xBE, 0x6D, 0x7D, 0xAD, 0x66, 0x4E, 0x4D, 0x4D, 0x4D, 0x54, 0x9E, 0xB0, 0xBA, 0xC1, 0xB6, 0x67, 0x4D, 0x4B, 0x4B, 0x4B,
    0x4D, 0x54, 0xA3, 0xB0, 0xB0, 0xB4, 0xAF, 0x67, 0x4F, 0x4D, 0x4D, 0x4D, 0x4D, 0x53, 0xA2, 0xBA, 0xBA, 0xBA, 0xBA, 0x67, 0x4E, 0x4B, 0x4B, 0x4B,
    0x4B, 0x4D, 0x67, 0xAE, 0xB0, 0xAF, 0xAD, 0x88, 0x53, 0x4D, 0x4B, 0x4D, 0x4D, 0x4D, 0x4E, 0x79, 0xAD, 0xAD, 0xA2, 0x88, 0x63, 0x3F, 0x55, 0xB0,
    0x6C, 0x6F, 0x70, 0x7C, 0x69, 0x5A, 0x40, 0x40, 0x6B, 0x34, 0xDA, 0xBE, 0x5F, 0x5F, 0x61, 0x77, 0x5D, 0xBF, 0xD6, 0xDD, 0x28, 0x34, 0x7D, 0x6B,
    0x70, 0x5D, 0x43, 0x40, 0x40, 0x56, 0x43, 0x43, 0x69, 0x58, 0x5A, 0x6B, 0x6D, 0x70, 0x6D, 0x6B, 0x69, 0x59, 0x43, 0x43, 0x43, 0x43, 0x5D, 0x6D,
    0x6F, 0x6F, 0x7C, 0x5F, 0x59, 0x41, 0x6F, 0x6B, 0x71, 0x7D, 0x2D, 0x9F, 0xDD, 0xD7, 0x3F, 0x3F, 0x67, 0x66, 0x4D, 0x27, 0x27, 0x27, 0x27, 0x4B,
    0x54, 0xB7, 0xB0, 0xAE, 0xB4, 0xB2, 0x4E, 0x4B, 0x4D, 0x4D, 0x4D, 0x4D, 0x53, 0xB0, 0xBE, 0xB0, 0xB4, 0xB1, 0x54, 0x4F, 0x4B, 0x4B, 0x4B, 0x4D,
    0x53, 0xAE, 0xB4, 0xA2, 0xB1, 0xA4, 0x53, 0x2F, 0x4B, 0x4B, 0x4B, 0x4D, 0x54, 0xB7, 0xBD, 0xBA, 0xBA, 0xA4, 0x53, 0x4D, 0x4B, 0x4D, 0x4D, 0x50,
    0x9C, 0xB4, 0xBE, 0xA8, 0x7A, 0x5F, 0x85, 0xFF, 0xB4, 0x43, 0x5A, 0x85, 0xD8, 0xD6, 0x7C, 0x71, 0x7D, 0x7C, 0x7C, 0x7C, 0x85, 0x7F, 0x7E, 0x7D,
    0x88, 0xAD, 0x7D, 0x7D, 0x7D, 0xB3, 0xC1, 0x6B, 0x5D, 0x70, 0xCA, 0xC4, 0x95, 0x94, 0x95, 0x9D, 0xA0, 0xB8, 0xD7, 0xD6, 0xD8, 0xDA, 0xA0, 0x94,
    0x4C, 0x4C, 0x4F, 0x54, 0xB2, 0xB5, 0xB3, 0xD6, 0xE4, 0xE0, 0xBE, 0xB4, 0xAF, 0xB6, 0xCA, 0xDB, 0xDA, 0xC9, 0xB4, 0xC9, 0xE6, 0xF8, 0xF0, 0xBB,
    0x89, 0xBD, 0xD8, 0xDD, 0xC9, 0xB5, 0xB3, 0xB3, 0xC1, 0xE0, 0xDD, 0xC1, 0xB5, 0xB5, 0xA4, 0x50, 0x4F, 0x4C, 0x4F, 0x9D, 0xCA, 0xD8, 0xCA, 0xBB,
    0x9C, 0x95, 0x50, 0x92, 0x50, 0xA6, 0xBC, 0xB2, 0x52, 0x3F, 0x59, 0xB3, 0xD7, 0xB4, 0xB0, 0xBD, 0xBD, 0xBD, 0xB3, 0x89, 0xB3, 0xAF, 0xB3, 0xB6,
    0xAD, 0x7D, 0x85, 0x7F, 0xAF, 0xAD, 0x6A, 0x43, 0x6B, 0xD7, 0xDD, 0x7D, 0x7D, 0x81, 0x53, 0x4D, 0x4D, 0x4D, 0x2F, 0x53, 0x76, 0x88, 0x89, 0xAE,
    0xAD, 0x67, 0x4D, 0x2F, 0x2F, 0x2F, 0x2F, 0x4E, 0x79, 0x89, 0xAF, 0x85, 0x89, 0x64, 0x4D, 0x2F, 0x2F, 0x2F, 0x2F, 0x4E, 0x78, 0x89, 0x88, 0x83,
    0x83, 0x78, 0x4E, 0x2F, 0x2F, 0x2F, 0x2F, 0x2F, 0x63, 0xAF, 0xAF, 0x82, 0x81, 0x81, 0x52, 0x4D, 0x2F, 0x2F, 0x2F, 0x2F, 0x4D, 0x64, 0x7F, 0x7F,
    0x7C, 0x7E, 0x6C, 0x3E, 0x3E, 0x40, 0x38, 0x38, 0x6D, 0xBE, 0xAF, 0x7E, 0x69, 0x59, 0x5A, 0x6A, 0x3E, 0x3D, 0xE0, 0xDB, 0xB0, 0xAD, 0xAF, 0xBD,
    0xAF, 0xD7, 0xDD, 0x7E, 0x28, 0x40, 0x70, 0x6B, 0x5D, 0x59, 0x6A, 0x5D, 0x58, 0x59, 0x6C, 0x5D, 0x59, 0x5A, 0x43, 0x40, 0x43, 0x43, 0x58, 0x58,
    0x41, 0x40, 0x59, 0x56, 0x5D, 0x6F, 0x6B, 0x70, 0x6F, 0x71, 0x7E, 0x7C, 0x5A, 0x58, 0x61, 0x6D, 0x6A, 0x6A, 0x34, 0x3F, 0xFE, 0xD9, 0xBB, 0x30,
    0x53, 0x52, 0x6E, 0x62, 0x4D, 0x27, 0x2F, 0x2F, 0x4B, 0x4D, 0x65, 0x7E, 0x81, 0x88, 0x85, 0x65, 0x4E, 0x2F, 0x2F, 0x2F, 0x4D, 0x4E, 0x65, 0xAD,
    0xA2, 0xA2, 0xAF, 0x83, 0x4E, 0x2F, 0x2F, 0x2F, 0x27, 0x2F, 0x66, 0x81, 0x81, 0x82, 0x89, 0x65, 0x4E, 0x4D, 0x4D, 0x2F, 0x4D, 0x4D, 0x53, 0xAD,
    0xA2, 0xAF, 0xB3, 0x81, 0x53, 0x4B, 0x4E, 0x4D, 0x4D, 0x4E, 0x9B, 0xB4, 0xAF, 0xA2, 0x71, 0x71, 0xD8, 0xF0, 0x6D, 0x39, 0x7C, 0xBE, 0xBD, 0xAD,
    0x88, 0x7F, 0xBD, 0xBE, 0xB6, 0xB6, 0xC3, 0xC9, 0xC3, 0xBF, 0xBD, 0xC1, 0xBA, 0xB4, 0xBE, 0xBF, 0x7D, 0x43, 0x60, 0xA2, 0xDB, 0xCD, 0x94, 0x4C,
    0x4C, 0x4C, 0x4F, 0x95, 0x9F, 0xC6, 0xDA, 0xD8, 0xB8, 0x94, 0x4C, 0x4C, 0x4F, 0x66, 0xB0, 0xB5, 0xB3, 0xBD, 0xDA, 0xE4, 0xBF, 0xB4, 0xAF, 0xAF,
    0xC0, 0xDA, 0xE4, 0xD6, 0xB3, 0xBD, 0xDA, 0xF4, 0xDD, 0xDA, 0xC0, 0x89, 0x87, 0xB3, 0xC9, 0xDD, 0xDB, 0xC9, 0xB5, 0xB0, 0x9E, 0x50, 0x4C, 0x4C,
    0x50, 0xA8, 0xDD, 0xD6, 0xA0, 0x54, 0x4F, 0x4F, 0x4F, 0x4F, 0x94, 0x9D, 0xC6, 0xC1, 0x71, 0x3F, 0x5E, 0xAF, 0xBE, 0xBE, 0xB3, 0x5D, 0x5C, 0x5B,
    0x62, 0x5C, 0x41, 0x41, 0x5A, 0x6B, 0x85, 0x70, 0x39, 0x56, 0xB5, 0xB4, 0x7D, 0x40, 0x56, 0xBD, 0xED, 0xC9, 0x69, 0x6D, 0x6D, 0x5D, 0x5E, 0x6C,
    0x75, 0x6C, 0x73, 0x7C, 0x6B, 0x60, 0x60, 0x6D, 0x6A, 0x5E, 0x62, 0x6E, 0x60, 0x5C, 0x5F, 0x7C, 0x7D, 0x6C, 0x6B, 0x69, 0x59, 0x41, 0x5B, 0x5D,
    0x57, 0x5B, 0x5B, 0x59, 0x6A, 0x58, 0x57, 0x5C, 0x51, 0x51, 0x5E, 0x5B, 0x5B, 0x5B, 0x5E, 0x5D, 0x69, 0x43, 0x5C, 0x52, 0x3F, 0x3F, 0x3F, 0x51,
    0x5B, 0x5B, 0x5C, 0x51, 0x58, 0x69, 0x59, 0x59, 0x59, 0x39, 0x43, 0x59, 0x56, 0x39, 0xC9, 0x85, 0x34, 0x69, 0x6D, 0x5A, 0x6B, 0x6B, 0x70, 0x75,
    0x34, 0xAD, 0xF0, 0x6D, 0x5D, 0x59, 0x6B, 0x5D, 0x70, 0xED, 0xE6, 0x7F, 0x28, 0x6D, 0x5D, 0x6C, 0x6F, 0x6B, 0x7D, 0x7D, 0x75, 0x6D, 0x70, 0x7C,
    0x7C, 0x7D, 0x7C, 0x70, 0x6D, 0x6D, 0x6B, 0x5A, 0x56, 0x59, 0x58, 0x55, 0x6B, 0x6C, 0x59, 0x70, 0x75, 0x75, 0x6D, 0x71, 0x5D, 0x5B, 0x6B, 0x59,
    0x6A, 0x6D, 0x69, 0x33, 0xD9, 0xE0, 0xE0, 0x57, 0x3F, 0x3F, 0x3F, 0x41, 0x59, 0x60, 0x5C, 0x6E, 0x55, 0x51, 0x5B, 0x69, 0x41, 0x51, 0x5C, 0x69,
    0x6A, 0x3D, 0x62, 0x60, 0x69, 0x5B, 0x55, 0x40, 0x55, 0x43, 0x56, 0x56, 0x69, 0x5B, 0x57, 0x57, 0x51, 0x51, 0x51, 0x59, 0x60, 0x5E, 0x59, 0x6D,
    0x6D, 0x62, 0x74, 0x60, 0x6E, 0x5F, 0x5E, 0x7C, 0x6C, 0x53, 0x66, 0x5F, 0x84, 0x60, 0x75, 0x74, 0x74, 0x64, 0x74, 0x7F, 0x70, 0x81, 0x71, 0x41,
    0x70, 0xB3, 0xE8, 0xBE, 0x59, 0x59, 0x89, 0xBE, 0xBA, 0x3D, 0x3A, 0x64, 0xA3, 0x7A, 0x74, 0x75, 0x7E, 0x75, 0x6C, 0x70, 0x73, 0x78, 0xBD, 0xAD,
    0xC3, 0xBE, 0xB6, 0x5C, 0x61, 0xB4, 0xD8, 0xCB, 0xA8, 0x95, 0x4F, 0x4F, 0x4F, 0x4F, 0x92, 0x95, 0xB8, 0xDA, 0xCB, 0x95, 0x4F, 0x4C, 0x4F, 0x54,
    0xA4, 0xB5, 0xB5, 0xBE, 0xDB, 0xE6, 0xDD, 0xB4, 0x85, 0xB4, 0xBD, 0xD7, 0xE0, 0xD7, 0xB6, 0xAF, 0xC0, 0x87, 0x87, 0xB5, 0xC9, 0xDD, 0xDA, 0xC0,
    0xB5, 0xA3, 0x9B, 0x4F, 0x4C, 0x4C, 0x94, 0xA5, 0xD6, 0xC5, 0x95, 0x4F, 0x4C, 0x4F, 0x50, 0x54, 0xA4, 0xBF, 0xDA, 0xD5, 0x75, 0x3F, 0x5D, 0xB4,
    0xC0, 0xB4, 0x85, 0x7F, 0x6A, 0x39, 0x3E, 0x39, 0x3A, 0x3D, 0x58, 0x3E, 0x40, 0x40, 0x34, 0x34, 0xAD, 0xB6, 0xAF, 0x5A, 0x3E, 0x85, 0xE0, 0xD9,
    0xAD, 0xB4, 0xAF, 0xBE, 0xAF, 0x89, 0xB5, 0xB5, 0xD5, 0xC0, 0xD5, 0xBD, 0xBA, 0xC1, 0xBD, 0xB4, 0xB4, 0xC0, 0xC0, 0xB5, 0xC0, 0xC1, 0xC0, 0xB4,
    0xB4, 0xAF, 0x88, 0xAF, 0xAD, 0xB5, 0xB5, 0xBD, 0xB5, 0xB5, 0x89, 0xAF, 0xAF, 0x89, 0x88, 0xAD, 0xAD, 0xAD, 0xB3, 0x89, 0xB3, 0xB3, 0xB5, 0xB0,
    0xAF, 0x85, 0x82, 0x82, 0x62, 0x62, 0x7F, 0x85, 0x89, 0xB3, 0xB5, 0xB5, 0xB4, 0xB0, 0x88, 0xAD, 0xBA, 0x7C, 0xD8, 0xE0, 0x7F, 0xAD, 0xF6, 0x55,
    0x43, 0x6B, 0x6A, 0x6D, 0x6B, 0x6B, 0x5A, 0x58, 0x34, 0xCA, 0xDD, 0x7D, 0x6B, 0x6B, 0x7D, 0x71, 0xB3, 0xD8, 0xED, 0x71, 0x28, 0x5D, 0x58, 0x58,
    0x6B, 0x5D, 0x60, 0x6D, 0x6B, 0x70, 0x6F, 0x6D, 0x7D, 0x7E, 0x7F, 0x7D, 0x6D, 0x6F, 0x6B, 0x56, 0x59, 0x56, 0x56, 0x55, 0x5D, 0x6B, 0x58, 0x56,
    0x5D, 0x6B, 0x70, 0x7D, 0x7E, 0x7D, 0x6D, 0x6D, 0x6B, 0x6C, 0x7F, 0x2E, 0x43, 0xFF, 0xDA, 0xC3, 0x38, 0x7D, 0x7F, 0x72, 0x75, 0xAF, 0xAF, 0xB3,
    0xB3, 0xB3, 0xB4, 0xB0, 0x7E, 0x7F, 0xAF, 0xAD, 0xB0, 0xC0, 0xC0, 0xB3, 0xB3, 0xB5, 0xB3, 0x71, 0x7D, 0x7F, 0x7F, 0x88, 0xAF, 0xB5, 0xB5, 0xB3,
    0xB3, 0xB5, 0xB3, 0xB0, 0xB0, 0xB2, 0xAD, 0xB2, 0xB0, 0xC0, 0xC0, 0xC0, 0xC1, 0xC0, 0xC1, 0xBE, 0xBD, 0xB2, 0xB4, 0xAE, 0xB6, 0xB5, 0xC0, 0xC0,
    0xC0, 0xC0, 0xC0, 0xB4, 0x85, 0xAD, 0x7D, 0x85, 0xB3, 0x7D, 0x89, 0xDA, 0xE6, 0x70, 0x40, 0x6A, 0xAF, 0xAF, 0x40, 0x2D, 0x3D, 0x40, 0x39, 0x39,
    0x38, 0x38, 0x3E, 0x39, 0x38, 0x70, 0xD6, 0x7E, 0x6F, 0x88, 0xCA, 0xC3, 0x7E, 0x57, 0x74, 0xB7, 0xCA, 0xE6, 0xD6, 0xB8, 0xA5, 0x95, 0x4F, 0x4C,
    0x4C, 0x50, 0xA0, 0xCB, 0xCC, 0x9D, 0x4F, 0x4C, 0x4F, 0x54, 0x9E, 0xB3, 0xB3, 0xBE, 0xE0, 0xE4, 0xDF, 0xCA, 0xB6, 0xAF, 0xBD, 0xD9, 0xE0, 0xDD,
    0x89, 0xC0, 0xE0, 0xE0, 0xDB, 0xC0, 0xB5, 0x7A, 0x54, 0x4F, 0x4C, 0x4C, 0x94, 0xB8, 0xD6, 0xD6, 0x95, 0x95, 0x95, 0x9D, 0xBB, 0xC0, 0xC0, 0xD5,
    0xD8, 0xBF, 0xAD, 0x61, 0x5D, 0xAF, 0xD6, 0xB5, 0x59, 0x85, 0xBE, 0xBE, 0xAD, 0xB4, 0xD6, 0xD5, 0xC0, 0xC0, 0xD8, 0xC1, 0xC1, 0xBF, 0xB4, 0xC1,
    0xC9, 0x85, 0x43, 0x69, 0xC1, 0xDA, 0xB3, 0x85, 0x89, 0xB3, 0xB3, 0xB3, 0xB3, 0x88, 0x88, 0x88, 0x7F, 0x7E, 0x88, 0xAD, 0xAD, 0xAD, 0xAF, 0x88,
    0x7E, 0x7E, 0x71, 0x6B, 0x71, 0x71, 0x7D, 0x7F, 0x7D, 0x7F, 0x7C, 0x7C, 0x7D, 0x7D, 0x7C, 0x7C, 0x71, 0x71, 0x71, 0x71, 0x7C, 0x7D, 0x7D, 0x7E,
    0x7D, 0x71, 0x72, 0x71, 0x70, 0x71, 0x70, 0x71, 0x7C, 0x7E, 0x7D, 0x6D, 0x7C, 0x70, 0x6D, 0x43, 0x41, 0x43, 0x41, 0x59, 0x6B, 0x6D, 0x7F, 0x70,
    0x69, 0xBF, 0xD9, 0x6D, 0x39, 0xDD, 0xBE, 0x38, 0x6D, 0x6A, 0x71, 0x70, 0x71, 0x7C, 0x70, 0x39, 0x39, 0xF6, 0xD7, 0xCA, 0xC9, 0xBF, 0xC9, 0xC9,
    0xDA, 0xC1, 0xE0, 0x39, 0x38, 0x7D, 0x6B, 0x6D, 0x6B, 0x6D, 0x6B, 0x69, 0x6B, 0x5A, 0x5D, 0x5D, 0x71, 0x7D, 0x7E, 0x7D, 0x7D, 0x7F, 0x71, 0x6D,
    0x6D, 0x5D, 0x5D, 0x6B, 0x6B, 0x6C, 0x70, 0x6F, 0x6B, 0x6B, 0x72, 0x5D, 0x43, 0x40, 0x43, 0xB6, 0xC3, 0xBA, 0xBE, 0x6B, 0x2D, 0xD9, 0xDF, 0xF1,
    0x43, 0x3E, 0x7D, 0x6C, 0x6F, 0x5D, 0x6C, 0x6C, 0x6F, 0x5D, 0x5A, 0x75, 0xA2, 0x7F, 0x71, 0x6D, 0x7D, 0xAE, 0x6F, 0x5D, 0x6F, 0x7D, 0x88, 0xAF,
    0xB4, 0xAD, 0x7E, 0x71, 0x71, 0x6C, 0x75, 0x6B, 0x6C, 0x71, 0x7D, 0x82, 0x7E, 0xAD, 0xAD, 0x82, 0x7E, 0x7E, 0x82, 0x88, 0xA2, 0xA2, 0xA2, 0x88,
    0xAD, 0x85, 0x88, 0x7D, 0x7F, 0x83, 0x82, 0x81, 0x88, 0xAE, 0x7F, 0x85, 0xAD, 0x88, 0x88, 0xAD, 0xB4, 0xB4, 0xAD, 0x7F, 0xC9, 0xED, 0xBD, 0x40,
    0x5A, 0xAF, 0xD6, 0x89, 0xB3, 0xAF, 0xB3, 0xC0, 0xAF, 0xB4, 0xBE, 0xC9, 0xBE, 0xC0, 0xD6, 0xC9, 0xD6, 0xBD, 0x6C, 0xAD, 0xDA, 0xBE, 0x75, 0x5D,
    0x77, 0xC2, 0xDA, 0xD8, 0xD5, 0xC1, 0xC1, 0xB9, 0x9C, 0x54, 0x50, 0x94, 0xC5, 0xDA, 0xC6, 0x9C, 0x4F, 0x4C, 0x4C, 0x50, 0x9C, 0xB6, 0xB5, 0xBD,
    0xDB, 0xF0, 0xED, 0xD7, 0xB6, 0xB0, 0xBD, 0xD7, 0xE8, 0xE6, 0xD6, 0xBE, 0xB5, 0xA4, 0x94, 0x4F, 0x4C, 0x4F, 0x95, 0xC6, 0xD6, 0xD6, 0xC2, 0xBF,
    0xB8, 0xD6, 0xD8, 0xB2, 0x9D, 0xB9, 0xD8, 0xD9, 0x7A, 0x64, 0x5B, 0xAF, 0xDA, 0xCA, 0xAD, 0x7D, 0x85, 0x85, 0x7E, 0x7D, 0x7F, 0xAD, 0xAF, 0xB3,
    0xB3, 0xAD, 0x85, 0x89, 0x7D, 0xD7, 0xD7, 0x7F, 0x69, 0x56, 0xAD, 0xE8, 0xDD, 0xAF, 0xAD, 0xB4, 0xB3, 0xAF, 0x89, 0x89, 0xAD, 0xAD, 0xAD, 0x88,
    0x88, 0xAF, 0xAF, 0x89, 0xAD, 0xB0, 0x88, 0xAD, 0x7C, 0x71, 0x7F, 0x7D, 0x82, 0x85, 0xAD, 0xAF, 0x88, 0x85, 0x7F, 0x85, 0x7F, 0x7F, 0x7F, 0x7C,
    0x7F, 0x75, 0x74, 0x75, 0x71, 0x71, 0x7C, 0x7D, 0x71, 0x71, 0x7D, 0x71, 0x6D, 0x69, 0x71, 0x71, 0x7E, 0x7D, 0x7D, 0x7E, 0x71, 0x71, 0x7F, 0x70,
    0x70, 0x6B, 0x69, 0x69, 0x6D, 0x7C, 0x7F, 0x7D, 0x7D, 0xD6, 0xB4, 0x43, 0x7C, 0xFD, 0x41, 0x56, 0x7D, 0x71, 0x7D, 0x7D, 0x71, 0x71, 0x75, 0x2E,
    0xB4, 0xFF, 0x7D, 0x71, 0x6F, 0x6C, 0x72, 0x60, 0xD7, 0xDA, 0xBF, 0x2C, 0x39, 0x7E, 0x70, 0x71, 0x6F, 0x71, 0x77, 0x71, 0x6F, 0x6D, 0x69, 0x6F,
    0x7D, 0x7D, 0x7D, 0x71, 0x70, 0x70, 0x71, 0x7C, 0x70, 0x6B, 0x70, 0x6A, 0x5A, 0x5D, 0x5D, 0x59, 0x43, 0x43, 0x59, 0x58, 0x59, 0x5D, 0x5D, 0x82,
    0x7E, 0x6D, 0x7C, 0x85, 0x2E, 0x61, 0xF0, 0xDD, 0xC9, 0x38, 0x75, 0x7D, 0x75, 0x70, 0x70, 0x7D, 0x7F, 0x7D, 0x6F, 0x6F, 0x7E, 0x7E, 0x88, 0xAF,
    0x7E, 0x7D, 0x85, 0x88, 0x7F, 0x71, 0x88, 0x85, 0x7E, 0x88, 0x88, 0x7D, 0x71, 0x71, 0x7D, 0x6D, 0x6D, 0x7D, 0x70, 0x82, 0x7F, 0x7D, 0x88, 0xAF,
    0x88, 0x82, 0x7E, 0xAD, 0xAE, 0xAF, 0xAF, 0xAD, 0xAD, 0x85, 0xAD, 0x7F, 0xAD, 0x88, 0xAD, 0xAD, 0x88, 0xAD, 0xAF, 0xAD, 0xAD, 0xAF, 0xAF, 0xAE,
    0xBD, 0xB4, 0xAF, 0xB4, 0x88, 0xAF, 0xE8, 0xE4, 0x70, 0x43, 0x7C, 0xB4, 0xDA, 0xC3, 0x85, 0x85, 0x88, 0xAF, 0xAD, 0xAD, 0xB0, 0xAD, 0x82, 0x85,
    0x85, 0x89, 0x89, 0x85, 0x89, 0xC0, 0xDA, 0xB5, 0x69, 0x6C, 0xA3, 0xBB, 0xDD, 0xCB, 0xA7, 0xB8, 0xC3, 0xC3, 0xD6, 0xC7, 0xC7, 0xC9, 0xDA, 0xDA,
    0xBA, 0x9B, 0x4F, 0x4F, 0x4F, 0x4F, 0x67, 0xB6, 0xB4, 0xB4, 0xDA, 0xF5, 0xF1, 0xCA, 0xB6, 0xBD,
};

#endif
